global_test_id,block,context_status,source_context_preference,subcondition_no,subcondition_label,item_no,pair_id,block_pair_id,test_unit_no,construction_candidate,preference_in_source_context,prompt_for_surprisal,target_continuation,full_test_sentence,source_prompt_with_context,local_prefix_no_context,notes,gold_is_error,gold_label,sentence_for_macbert,macbert_corrected,macbert_errors_json,macbert_num_errors,macbert_accepted_no_edit,macbert_predicted_error
T0001,BA_有语境_200,有语境,BA-preferred,1,物理状态改变,1,BA-PC-001,BA-CTX-PC-001,1,BA,preferred,那个苹果坏了，我,把它扔了,那个苹果坏了，我把它扔了。,那个苹果坏了，我,我,,False,felicitous,那个苹果坏了，我把它扔了。,那个苹果坏了，我把它扔了。,[],0,True,False
T0002,BA_有语境_200,有语境,BA-preferred,1,物理状态改变,1,BA-PC-001,BA-CTX-PC-001,2,SVO,non-preferred,那个苹果坏了，我,扔了它,那个苹果坏了，我扔了它。,那个苹果坏了，我,我,,True,infelicitous,那个苹果坏了，我扔了它。,那个苹果坏了，我扔了它。,[],0,True,False
T0003,BA_有语境_200,有语境,BA-preferred,1,物理状态改变,2,BA-PC-002,BA-CTX-PC-002,1,BA,preferred,这杯牛奶太凉了，弟弟刚才,把它加热了,这杯牛奶太凉了，弟弟刚才把它加热了。,这杯牛奶太凉了，弟弟刚才,弟弟刚才,,False,felicitous,这杯牛奶太凉了，弟弟刚才把它加热了。,这杯牛奶太凉了，弟弟刚才把它加热了。,[],0,True,False
T0004,BA_有语境_200,有语境,BA-preferred,1,物理状态改变,2,BA-PC-002,BA-CTX-PC-002,2,SVO,non-preferred,这杯牛奶太凉了，弟弟刚才,加热了它,这杯牛奶太凉了，弟弟刚才加热了它。,这杯牛奶太凉了，弟弟刚才,弟弟刚才,,True,infelicitous,这杯牛奶太凉了，弟弟刚才加热了它。,这杯牛奶太凉了，弟弟刚才加热了它。,[],0,True,False
T0005,BA_有语境_200,有语境,BA-preferred,1,物理状态改变,3,BA-PC-003,BA-CTX-PC-003,1,BA,preferred,衬衫上有一块咖啡渍，我昨天,把它洗干净了,衬衫上有一块咖啡渍，我昨天把它洗干净了。,衬衫上有一块咖啡渍，我昨天,我昨天,,False,felicitous,衬衫上有一块咖啡渍，我昨天把它洗干净了。,衬衫上有一块咖啡渍，我昨天把它洗干净了。,[],0,True,False
T0006,BA_有语境_200,有语境,BA-preferred,1,物理状态改变,3,BA-PC-003,BA-CTX-PC-003,2,SVO,non-preferred,衬衫上有一块咖啡渍，我昨天,洗干净了它,衬衫上有一块咖啡渍，我昨天洗干净了它。,衬衫上有一块咖啡渍，我昨天,我昨天,,True,infelicitous,衬衫上有一块咖啡渍，我昨天洗干净了它。,衬衫上有一块咖啡渍，我昨天洗干净了它。,[],0,True,False
T0007,BA_有语境_200,有语境,BA-preferred,1,物理状态改变,4,BA-PC-004,BA-CTX-PC-004,1,BA,preferred,这块蛋糕太甜了，但我还是,把它吃完了,这块蛋糕太甜了，但我还是把它吃完了。,这块蛋糕太甜了，但我还是,但我还是,,False,felicitous,这块蛋糕太甜了，但我还是把它吃完了。,这块蛋糕太甜了，但我还是把它吃完了。,[],0,True,False
T0008,BA_有语境_200,有语境,BA-preferred,1,物理状态改变,4,BA-PC-004,BA-CTX-PC-004,2,SVO,non-preferred,这块蛋糕太甜了，但我还是,吃完了它,这块蛋糕太甜了，但我还是吃完了它。,这块蛋糕太甜了，但我还是,但我还是,,True,infelicitous,这块蛋糕太甜了，但我还是吃完了它。,这块蛋糕太甜了，但我还是吃完了它。,[],0,True,False
T0009,BA_有语境_200,有语境,BA-preferred,1,物理状态改变,5,BA-PC-005,BA-CTX-PC-005,1,BA,preferred,刚才有一只蚊子，我一巴掌,把它打死了,刚才有一只蚊子，我一巴掌把它打死了。,刚才有一只蚊子，我一巴掌,我一巴掌,,False,felicitous,刚才有一只蚊子，我一巴掌把它打死了。,刚才有一只蚊子，我一巴掌把它打死了。,[],0,True,False
T0010,BA_有语境_200,有语境,BA-preferred,1,物理状态改变,5,BA-PC-005,BA-CTX-PC-005,2,SVO,non-preferred,刚才有一只蚊子，我一巴掌,打死了它,刚才有一只蚊子，我一巴掌打死了它。,刚才有一只蚊子，我一巴掌,我一巴掌,,True,infelicitous,刚才有一只蚊子，我一巴掌打死了它。,刚才有一只蚊子，我一巴掌打死了它。,[],0,True,False
T0011,BA_有语境_200,有语境,BA-preferred,1,物理状态改变,6,BA-PC-006,BA-CTX-PC-006,1,BA,preferred,桌子上的那张废纸，我,把它撕了,桌子上的那张废纸，我把它撕了。,桌子上的那张废纸，我,我,,False,felicitous,桌子上的那张废纸，我把它撕了。,桌子上的那张废纸，我把它撕了。,[],0,True,False
T0012,BA_有语境_200,有语境,BA-preferred,1,物理状态改变,6,BA-PC-006,BA-CTX-PC-006,2,SVO,non-preferred,桌子上的那张废纸，我,撕了它,桌子上的那张废纸，我撕了它。,桌子上的那张废纸，我,我,,True,infelicitous,桌子上的那张废纸，我撕了它。,桌子上的那张废纸，我撕了它。,[],0,True,False
T0013,BA_有语境_200,有语境,BA-preferred,1,物理状态改变,7,BA-PC-007,BA-CTX-PC-007,1,BA,preferred,这个旧手机没用了，我准备,把它卖了,这个旧手机没用了，我准备把它卖了。,这个旧手机没用了，我准备,我准备,,False,felicitous,这个旧手机没用了，我准备把它卖了。,这个旧手机没用了，我准备把它卖了。,[],0,True,False
T0014,BA_有语境_200,有语境,BA-preferred,1,物理状态改变,7,BA-PC-007,BA-CTX-PC-007,2,SVO,non-preferred,这个旧手机没用了，我准备,卖了它,这个旧手机没用了，我准备卖了它。,这个旧手机没用了，我准备,我准备,,True,infelicitous,这个旧手机没用了，我准备卖了它。,这个旧手机没用了，我准备卖了它。,[],0,True,False
T0015,BA_有语境_200,有语境,BA-preferred,1,物理状态改变,8,BA-PC-008,BA-CTX-PC-008,1,BA,preferred,这封信是写给你的，我,把它拆开了,这封信是写给你的，我把它拆开了。,这封信是写给你的，我,我,,False,felicitous,这封信是写给你的，我把它拆开了。,这封信是写给你的，我把它拆开了。,[],0,True,False
T0016,BA_有语境_200,有语境,BA-preferred,1,物理状态改变,8,BA-PC-008,BA-CTX-PC-008,2,SVO,non-preferred,这封信是写给你的，我,拆开了它,这封信是写给你的，我拆开了它。,这封信是写给你的，我,我,,True,infelicitous,这封信是写给你的，我拆开了它。,这封信是写给你的，我拆开了它。,[],0,True,False
T0017,BA_有语境_200,有语境,BA-preferred,1,物理状态改变,9,BA-PC-009,BA-CTX-PC-009,1,BA,preferred,那个花瓶快掉下来了，幸好我,把它抓住了,那个花瓶快掉下来了，幸好我把它抓住了。,那个花瓶快掉下来了，幸好我,幸好我,,False,felicitous,那个花瓶快掉下来了，幸好我把它抓住了。,那个花瓶快掉下来了，幸好我把它抓住了。,[],0,True,False
T0018,BA_有语境_200,有语境,BA-preferred,1,物理状态改变,9,BA-PC-009,BA-CTX-PC-009,2,SVO,non-preferred,那个花瓶快掉下来了，幸好我,抓住了它,那个花瓶快掉下来了，幸好我抓住了它。,那个花瓶快掉下来了，幸好我,幸好我,,True,infelicitous,那个花瓶快掉下来了，幸好我抓住了它。,那个花瓶快掉下来了，幸好我抓住了它。,[],0,True,False
T0019,BA_有语境_200,有语境,BA-preferred,1,物理状态改变,10,BA-PC-010,BA-CTX-PC-010,1,BA,preferred,这首曲子太吵了，我,把它关了,这首曲子太吵了，我把它关了。,这首曲子太吵了，我,我,,False,felicitous,这首曲子太吵了，我把它关了。,这首曲子太吵了，我把它关了。,[],0,True,False
T0020,BA_有语境_200,有语境,BA-preferred,1,物理状态改变,10,BA-PC-010,BA-CTX-PC-010,2,SVO,non-preferred,这首曲子太吵了，我,关了它,这首曲子太吵了，我关了它。,这首曲子太吵了，我,我,,True,infelicitous,这首曲子太吵了，我关了它。,这首曲子太吵了，我关了它。,[],0,True,False
T0021,BA_有语境_200,有语境,BA-preferred,1,物理状态改变,11,BA-PC-011,BA-CTX-PC-011,1,BA,preferred,我的旧电脑太慢了，昨天我,把它换了,我的旧电脑太慢了，昨天我把它换了。,我的旧电脑太慢了，昨天我,昨天我,,False,felicitous,我的旧电脑太慢了，昨天我把它换了。,我的旧电脑太慢了，昨天我把它换了。,[],0,True,False
T0022,BA_有语境_200,有语境,BA-preferred,1,物理状态改变,11,BA-PC-011,BA-CTX-PC-011,2,SVO,non-preferred,我的旧电脑太慢了，昨天我,换了它,我的旧电脑太慢了，昨天我换了它。,我的旧电脑太慢了，昨天我,昨天我,,True,infelicitous,我的旧电脑太慢了，昨天我换了它。,我的旧电脑太慢了，昨天我换了它。,[],0,True,False
T0023,BA_有语境_200,有语境,BA-preferred,1,物理状态改变,12,BA-PC-012,BA-CTX-PC-012,1,BA,preferred,汤里掉进了一只苍蝇，我只能,把它倒了,汤里掉进了一只苍蝇，我只能把它倒了。,汤里掉进了一只苍蝇，我只能,我只能,,False,felicitous,汤里掉进了一只苍蝇，我只能把它倒了。,汤里掉进了一只苍蝇，我只能把它倒了。,[],0,True,False
T0024,BA_有语境_200,有语境,BA-preferred,1,物理状态改变,12,BA-PC-012,BA-CTX-PC-012,2,SVO,non-preferred,汤里掉进了一只苍蝇，我只能,倒了它,汤里掉进了一只苍蝇，我只能倒了它。,汤里掉进了一只苍蝇，我只能,我只能,,True,infelicitous,汤里掉进了一只苍蝇，我只能倒了它。,汤里掉进了一只苍蝇，我只能倒了它。,[],0,True,False
T0025,BA_有语境_200,有语境,BA-preferred,1,物理状态改变,13,BA-PC-013,BA-CTX-PC-013,1,BA,preferred,这张照片拍得不好看，我,把它删了,这张照片拍得不好看，我把它删了。,这张照片拍得不好看，我,我,,False,felicitous,这张照片拍得不好看，我把它删了。,这张照片拍得不好看，我把它删了。,[],0,True,False
T0026,BA_有语境_200,有语境,BA-preferred,1,物理状态改变,13,BA-PC-013,BA-CTX-PC-013,2,SVO,non-preferred,这张照片拍得不好看，我,删了它,这张照片拍得不好看，我删了它。,这张照片拍得不好看，我,我,,True,infelicitous,这张照片拍得不好看，我删了它。,这张照片拍得不好看，我删了它。,[],0,True,False
T0027,BA_有语境_200,有语境,BA-preferred,1,物理状态改变,14,BA-PC-014,BA-CTX-PC-014,1,BA,preferred,那盘饺子不能剩下，弟弟刚刚,把它吃掉了,那盘饺子不能剩下，弟弟刚刚把它吃掉了。,那盘饺子不能剩下，弟弟刚刚,弟弟刚刚,,False,felicitous,那盘饺子不能剩下，弟弟刚刚把它吃掉了。,那盘饺子不能剩下，弟弟刚刚把它吃掉了。,[],0,True,False
T0028,BA_有语境_200,有语境,BA-preferred,1,物理状态改变,14,BA-PC-014,BA-CTX-PC-014,2,SVO,non-preferred,那盘饺子不能剩下，弟弟刚刚,吃掉了它,那盘饺子不能剩下，弟弟刚刚吃掉了它。,那盘饺子不能剩下，弟弟刚刚,弟弟刚刚,,True,infelicitous,那盘饺子不能剩下，弟弟刚刚吃掉了它。,那盘饺子不能剩下，弟弟刚刚吃掉了它。,[],0,True,False
T0029,BA_有语境_200,有语境,BA-preferred,1,物理状态改变,15,BA-PC-015,BA-CTX-PC-015,1,BA,preferred,这个包裹的胶带太紧了，我,把它剪开了,这个包裹的胶带太紧了，我把它剪开了。,这个包裹的胶带太紧了，我,我,,False,felicitous,这个包裹的胶带太紧了，我把它剪开了。,这个包裹的胶带太紧了，我把它剪开了。,[],0,True,False
T0030,BA_有语境_200,有语境,BA-preferred,1,物理状态改变,15,BA-PC-015,BA-CTX-PC-015,2,SVO,non-preferred,这个包裹的胶带太紧了，我,剪开了它,这个包裹的胶带太紧了，我剪开了它。,这个包裹的胶带太紧了，我,我,,True,infelicitous,这个包裹的胶带太紧了，我剪开了它。,这个包裹的胶带太紧了，我剪开了它。,[],0,True,False
T0031,BA_有语境_200,有语境,BA-preferred,1,物理状态改变,16,BA-PC-016,BA-CTX-PC-016,1,BA,preferred,这件衣服破了一个洞，妈妈已经,把它缝好了,这件衣服破了一个洞，妈妈已经把它缝好了。,这件衣服破了一个洞，妈妈已经,妈妈已经,,False,felicitous,这件衣服破了一个洞，妈妈已经把它缝好了。,这件衣服破了一个洞，妈妈已经把它缝好了。,[],0,True,False
T0032,BA_有语境_200,有语境,BA-preferred,1,物理状态改变,16,BA-PC-016,BA-CTX-PC-016,2,SVO,non-preferred,这件衣服破了一个洞，妈妈已经,缝好了它,这件衣服破了一个洞，妈妈已经缝好了它。,这件衣服破了一个洞，妈妈已经,妈妈已经,,True,infelicitous,这件衣服破了一个洞，妈妈已经缝好了它。,这件衣服破了一个洞，妈妈已经缝好了它。,[],0,True,False
T0033,BA_有语境_200,有语境,BA-preferred,1,物理状态改变,17,BA-PC-017,BA-CTX-PC-017,1,BA,preferred,那个面包已经发霉了，我早上,把它丢掉了,那个面包已经发霉了，我早上把它丢掉了。,那个面包已经发霉了，我早上,我早上,,False,felicitous,那个面包已经发霉了，我早上把它丢掉了。,那个面包已经发霉了，我早上把它丢掉了。,[],0,True,False
T0034,BA_有语境_200,有语境,BA-preferred,1,物理状态改变,17,BA-PC-017,BA-CTX-PC-017,2,SVO,non-preferred,那个面包已经发霉了，我早上,丢掉了它,那个面包已经发霉了，我早上丢掉了它。,那个面包已经发霉了，我早上,我早上,,True,infelicitous,那个面包已经发霉了，我早上丢掉了它。,那个面包已经发霉了，我早上丢掉了它。,[],0,True,False
T0035,BA_有语境_200,有语境,BA-preferred,1,物理状态改变,18,BA-PC-018,BA-CTX-PC-018,1,BA,preferred,这碗汤实在太咸了，我加了一些水,把它冲淡了,这碗汤实在太咸了，我加了一些水把它冲淡了。,这碗汤实在太咸了，我加了一些水,我加了一些水,,False,felicitous,这碗汤实在太咸了，我加了一些水把它冲淡了。,这碗汤实在太咸了，我加了一些水把它冲淡了。,[],0,True,False
T0036,BA_有语境_200,有语境,BA-preferred,1,物理状态改变,18,BA-PC-018,BA-CTX-PC-018,2,SVO,non-preferred,这碗汤实在太咸了，我加了一些水,冲淡了它,这碗汤实在太咸了，我加了一些水冲淡了它。,这碗汤实在太咸了，我加了一些水,我加了一些水,,True,infelicitous,这碗汤实在太咸了，我加了一些水冲淡了它。,这碗汤实在太咸了，我加了一些水冲淡了它。,[],0,True,False
T0037,BA_有语境_200,有语境,BA-preferred,1,物理状态改变,19,BA-PC-019,BA-CTX-PC-019,1,BA,preferred,厨房的窗户太脏了，我用抹布,把它擦干净了,厨房的窗户太脏了，我用抹布把它擦干净了。,厨房的窗户太脏了，我用抹布,我用抹布,,False,felicitous,厨房的窗户太脏了，我用抹布把它擦干净了。,厨房的窗户太脏了，我用抹布把它擦干净了。,[],0,True,False
T0038,BA_有语境_200,有语境,BA-preferred,1,物理状态改变,19,BA-PC-019,BA-CTX-PC-019,2,SVO,non-preferred,厨房的窗户太脏了，我用抹布,擦干净了它,厨房的窗户太脏了，我用抹布擦干净了它。,厨房的窗户太脏了，我用抹布,我用抹布,,True,infelicitous,厨房的窗户太脏了，我用抹布擦干净了它。,厨房的窗户太脏了，我用抹布擦干净了它。,[],0,True,False
T0039,BA_有语境_200,有语境,BA-preferred,1,物理状态改变,20,BA-PC-020,BA-CTX-PC-020,1,BA,preferred,这个西瓜太大了，我一个人吃不完，先用刀,把它切开了,这个西瓜太大了，我一个人吃不完，先用刀把它切开了。,这个西瓜太大了，我一个人吃不完，先用刀,我先用刀,,False,felicitous,这个西瓜太大了，我一个人吃不完，先用刀把它切开了。,这个西瓜太大了，我一个人吃不完，先用刀把它切开了。,[],0,True,False
T0040,BA_有语境_200,有语境,BA-preferred,1,物理状态改变,20,BA-PC-020,BA-CTX-PC-020,2,SVO,non-preferred,这个西瓜太大了，我一个人吃不完，先用刀,切开了它,这个西瓜太大了，我一个人吃不完，先用刀切开了它。,这个西瓜太大了，我一个人吃不完，先用刀,我先用刀,,True,infelicitous,这个西瓜太大了，我一个人吃不完，先用刀切开了它。,这个西瓜太大了，我一个人吃不完，先用刀切开了它。,[],0,True,False
T0041,BA_有语境_200,有语境,BA-preferred,1,物理状态改变,21,BA-PC-021,BA-CTX-PC-021,1,BA,preferred,那张画被妹妹涂得乱七八糟，我只能,把它扔了,那张画被妹妹涂得乱七八糟，我只能把它扔了。,那张画被妹妹涂得乱七八糟，我只能,我只能,,False,felicitous,那张画被妹妹涂得乱七八糟，我只能把它扔了。,那张画被妹妹涂得乱七八糟，我只能把它扔了。,[],0,True,False
T0042,BA_有语境_200,有语境,BA-preferred,1,物理状态改变,21,BA-PC-021,BA-CTX-PC-021,2,SVO,non-preferred,那张画被妹妹涂得乱七八糟，我只能,扔了它,那张画被妹妹涂得乱七八糟，我只能扔了它。,那张画被妹妹涂得乱七八糟，我只能,我只能,,True,infelicitous,那张画被妹妹涂得乱七八糟，我只能扔了它。,那张画被妹妹涂得乱七八糟，我只能扔了它。,[],0,True,False
T0043,BA_有语境_200,有语境,BA-preferred,1,物理状态改变,22,BA-PC-022,BA-CTX-PC-022,1,BA,preferred,昨天买的肉还没吃，为了保鲜，我先,把它冻起来了,昨天买的肉还没吃，为了保鲜，我先把它冻起来了。,昨天买的肉还没吃，为了保鲜，我先,我先,,False,felicitous,昨天买的肉还没吃，为了保鲜，我先把它冻起来了。,昨天买的肉还没吃，为了保鲜，我先把它冻起来了。,[],0,True,False
T0044,BA_有语境_200,有语境,BA-preferred,1,物理状态改变,22,BA-PC-022,BA-CTX-PC-022,2,SVO,non-preferred,昨天买的肉还没吃，为了保鲜，我先,冻起来了它,昨天买的肉还没吃，为了保鲜，我先冻起来了它。,昨天买的肉还没吃，为了保鲜，我先,我先,,True,infelicitous,昨天买的肉还没吃，为了保鲜，我先冻起来了它。,昨天买的肉还没吃，为了保鲜，我先冻起来了它。,[],0,True,False
T0045,BA_有语境_200,有语境,BA-preferred,1,物理状态改变,23,BA-PC-023,BA-CTX-PC-023,1,BA,preferred,我的鞋子昨天淋湿了，我用吹风机,把它吹干了,我的鞋子昨天淋湿了，我用吹风机把它吹干了。,我的鞋子昨天淋湿了，我用吹风机,我用吹风机,,False,felicitous,我的鞋子昨天淋湿了，我用吹风机把它吹干了。,我的鞋子昨天淋湿了，我用吹风机把它吹干了。,[],0,True,False
T0046,BA_有语境_200,有语境,BA-preferred,1,物理状态改变,23,BA-PC-023,BA-CTX-PC-023,2,SVO,non-preferred,我的鞋子昨天淋湿了，我用吹风机,吹干了它,我的鞋子昨天淋湿了，我用吹风机吹干了它。,我的鞋子昨天淋湿了，我用吹风机,我用吹风机,,True,infelicitous,我的鞋子昨天淋湿了，我用吹风机吹干了它。,我的鞋子昨天淋湿了，我用吹风机吹干了它。,[],0,True,False
T0047,BA_有语境_200,有语境,BA-preferred,1,物理状态改变,24,BA-PC-024,BA-CTX-PC-024,1,BA,preferred,这个汉堡实在太大了，但我太饿了，最后还是,把它吃光了,这个汉堡实在太大了，但我太饿了，最后还是把它吃光了。,这个汉堡实在太大了，但我太饿了，最后还是,我最后还是,,False,felicitous,这个汉堡实在太大了，但我太饿了，最后还是把它吃光了。,这个汉堡实在太大了，但我太饿了，最后还是把它吃光了。,[],0,True,False
T0048,BA_有语境_200,有语境,BA-preferred,1,物理状态改变,24,BA-PC-024,BA-CTX-PC-024,2,SVO,non-preferred,这个汉堡实在太大了，但我太饿了，最后还是,吃光了它,这个汉堡实在太大了，但我太饿了，最后还是吃光了它。,这个汉堡实在太大了，但我太饿了，最后还是,我最后还是,,True,infelicitous,这个汉堡实在太大了，但我太饿了，最后还是吃光了它。,这个汉堡实在太大了，但我太饿了，最后还是吃光了它。,[],0,True,False
T0049,BA_有语境_200,有语境,BA-preferred,1,物理状态改变,25,BA-PC-025,BA-CTX-PC-025,1,BA,preferred,那封旧情书，他用打火机,把它烧了,那封旧情书，他用打火机把它烧了。,那封旧情书，他用打火机,他用打火机,,False,felicitous,那封旧情书，他用打火机把它烧了。,那封旧情书，他用打火机把它烧了。,[],0,True,False
T0050,BA_有语境_200,有语境,BA-preferred,1,物理状态改变,25,BA-PC-025,BA-CTX-PC-025,2,SVO,non-preferred,那封旧情书，他用打火机,烧了它,那封旧情书，他用打火机烧了它。,那封旧情书，他用打火机,他用打火机,,True,infelicitous,那封旧情书，他用打火机烧了它。,那封旧情书，他用打火机烧了它。,[],0,True,False
T0051,BA_有语境_200,有语境,BA-preferred,1,物理状态改变,26,BA-PC-026,BA-CTX-PC-026,1,BA,preferred,这篇作文有很多错别字，昨天晚上我已经,把那些字修改了,这篇作文有很多错别字，昨天晚上我已经把那些字修改了。,这篇作文有很多错别字，昨天晚上我已经,昨天晚上我已经,,False,felicitous,这篇作文有很多错别字，昨天晚上我已经把那些字修改了。,这篇作文有很多错别字，昨天晚上我已经把那些字修改了。,[],0,True,False
T0052,BA_有语境_200,有语境,BA-preferred,1,物理状态改变,26,BA-PC-026,BA-CTX-PC-026,2,SVO,non-preferred,这篇作文有很多错别字，昨天晚上我已经,修改了那些字,这篇作文有很多错别字，昨天晚上我已经修改了那些字。,这篇作文有很多错别字，昨天晚上我已经,昨天晚上我已经,,True,infelicitous,这篇作文有很多错别字，昨天晚上我已经修改了那些字。,这篇作文有很多错别字，昨天晚上我已经修改了那些字。,[],0,True,False
T0053,BA_有语境_200,有语境,BA-preferred,1,物理状态改变,27,BA-PC-027,BA-CTX-PC-027,1,BA,preferred,墙上的那个钉子太危险，爸爸用锤子,把它拔出来了,墙上的那个钉子太危险，爸爸用锤子把它拔出来了。,墙上的那个钉子太危险，爸爸用锤子,爸爸用锤子,,False,felicitous,墙上的那个钉子太危险，爸爸用锤子把它拔出来了。,墙上的那个钉子太危险，爸爸用锤子把它拔出来了。,[],0,True,False
T0054,BA_有语境_200,有语境,BA-preferred,1,物理状态改变,27,BA-PC-027,BA-CTX-PC-027,2,SVO,non-preferred,墙上的那个钉子太危险，爸爸用锤子,拔出它来了,墙上的那个钉子太危险，爸爸用锤子拔出它来了。,墙上的那个钉子太危险，爸爸用锤子,爸爸用锤子,,True,infelicitous,墙上的那个钉子太危险，爸爸用锤子拔出它来了。,墙上的那个钉子太危险，爸爸用锤子拔出它来了。,[],0,True,False
T0055,BA_有语境_200,有语境,BA-preferred,1,物理状态改变,28,BA-PC-028,BA-CTX-PC-028,1,BA,preferred,弟弟的玩具车坏了，我花了一个小时才,把它修好了,弟弟的玩具车坏了，我花了一个小时才把它修好了。,弟弟的玩具车坏了，我花了一个小时才,我花了一个小时才,,False,felicitous,弟弟的玩具车坏了，我花了一个小时才把它修好了。,弟弟的玩具车坏了，我花了一个小时才把它修好了。,[],0,True,False
T0056,BA_有语境_200,有语境,BA-preferred,1,物理状态改变,28,BA-PC-028,BA-CTX-PC-028,2,SVO,non-preferred,弟弟的玩具车坏了，我花了一个小时才,修好了它,弟弟的玩具车坏了，我花了一个小时才修好了它。,弟弟的玩具车坏了，我花了一个小时才,我花了一个小时才,,True,infelicitous,弟弟的玩具车坏了，我花了一个小时才修好了它。,弟弟的玩具车坏了，我花了一个小时才修好了它。,[],0,True,False
T0057,BA_有语境_200,有语境,BA-preferred,1,物理状态改变,29,BA-PC-029,BA-CTX-PC-029,1,BA,preferred,锅里没有倒水，我不小心,把它烧糊了,锅里没有倒水，我不小心把它烧糊了。,锅里没有倒水，我不小心,我不小心,,False,felicitous,锅里没有倒水，我不小心把它烧糊了。,锅里没有倒水，我不小心把它烧糊了。,[],0,True,False
T0058,BA_有语境_200,有语境,BA-preferred,1,物理状态改变,29,BA-PC-029,BA-CTX-PC-029,2,SVO,non-preferred,锅里没有倒水，我不小心,烧糊了它,锅里没有倒水，我不小心烧糊了它。,锅里没有倒水，我不小心,我不小心,,True,infelicitous,锅里没有倒水，我不小心烧糊了它。,锅里没有倒水，我不小心烧糊了它。,[],0,True,False
T0059,BA_有语境_200,有语境,BA-preferred,1,物理状态改变,30,BA-PC-030,BA-CTX-PC-030,1,BA,preferred,那个旧纸箱没用了，我一脚,把它踩扁了,那个旧纸箱没用了，我一脚把它踩扁了。,那个旧纸箱没用了，我一脚,我一脚,,False,felicitous,那个旧纸箱没用了，我一脚把它踩扁了。,那个旧纸箱没用了，我一脚把它踩扁了。,[],0,True,False
T0060,BA_有语境_200,有语境,BA-preferred,1,物理状态改变,30,BA-PC-030,BA-CTX-PC-030,2,SVO,non-preferred,那个旧纸箱没用了，我一脚,踩扁了它,那个旧纸箱没用了，我一脚踩扁了它。,那个旧纸箱没用了，我一脚,我一脚,,True,infelicitous,那个旧纸箱没用了，我一脚踩扁了它。,那个旧纸箱没用了，我一脚踩扁了它。,[],0,True,False
T0061,BA_有语境_200,有语境,BA-preferred,1,物理状态改变,31,BA-PC-031,BA-CTX-PC-031,1,BA,preferred,这条鱼腌好了，妈妈放进锅里,把它炖了,这条鱼腌好了，妈妈放进锅里把它炖了。,这条鱼腌好了，妈妈放进锅里,妈妈放进锅里,,False,felicitous,这条鱼腌好了，妈妈放进锅里把它炖了。,这条鱼腌好了，妈妈放进锅里把它炖了。,[],0,True,False
T0062,BA_有语境_200,有语境,BA-preferred,1,物理状态改变,31,BA-PC-031,BA-CTX-PC-031,2,SVO,non-preferred,这条鱼腌好了，妈妈放进锅里,炖了它,这条鱼腌好了，妈妈放进锅里炖了它。,这条鱼腌好了，妈妈放进锅里,妈妈放进锅里,,True,infelicitous,这条鱼腌好了，妈妈放进锅里炖了它。,这条鱼腌好了，妈妈放进锅里炖了它。,[],0,True,False
T0063,BA_有语境_200,有语境,BA-preferred,1,物理状态改变,32,BA-PC-032,BA-CTX-PC-032,1,BA,preferred,那个气球吹得太大了，弟弟拿针一戳就,把它扎破了,那个气球吹得太大了，弟弟拿针一戳就把它扎破了。,那个气球吹得太大了，弟弟拿针一戳就,弟弟拿针一戳就,,False,felicitous,那个气球吹得太大了，弟弟拿针一戳就把它扎破了。,那个气球吹得太大了，弟弟拿针一戳就把它扎破了。,[],0,True,False
T0064,BA_有语境_200,有语境,BA-preferred,1,物理状态改变,32,BA-PC-032,BA-CTX-PC-032,2,SVO,non-preferred,那个气球吹得太大了，弟弟拿针一戳就,扎破了它,那个气球吹得太大了，弟弟拿针一戳就扎破了它。,那个气球吹得太大了，弟弟拿针一戳就,弟弟拿针一戳就,,True,infelicitous,那个气球吹得太大了，弟弟拿针一戳就扎破了它。,那个气球吹得太大了，弟弟拿针一戳就扎破了它。,[],0,True,False
T0065,BA_有语境_200,有语境,BA-preferred,1,物理状态改变,33,BA-PC-033,BA-CTX-PC-033,1,BA,preferred,头发太长了，我昨天去理发店,把它剪短了,头发太长了，我昨天去理发店把它剪短了。,头发太长了，我昨天去理发店,我昨天去理发店,,False,felicitous,头发太长了，我昨天去理发店把它剪短了。,头发太长了，我昨天去理发店把它剪短了。,[],0,True,False
T0066,BA_有语境_200,有语境,BA-preferred,1,物理状态改变,33,BA-PC-033,BA-CTX-PC-033,2,SVO,non-preferred,头发太长了，我昨天去理发店,剪短了它,头发太长了，我昨天去理发店剪短了它。,头发太长了，我昨天去理发店,我昨天去理发店,,True,infelicitous,头发太长了，我昨天去理发店剪短了它。,头发太长了，我昨天去理发店剪短了它。,[],0,True,False
T0067,BA_有语境_200,有语境,BA-preferred,1,物理状态改变,34,BA-PC-034,BA-CTX-PC-034,1,BA,preferred,这张纸太大了，放不进信封，我只好,把它折起来了,这张纸太大了，放不进信封，我只好把它折起来了。,这张纸太大了，放不进信封，我只好,我只好,,False,felicitous,这张纸太大了，放不进信封，我只好把它折起来了。,这张纸太大了，放不进信封，我只好把它折起来了。,[],0,True,False
T0068,BA_有语境_200,有语境,BA-preferred,1,物理状态改变,34,BA-PC-034,BA-CTX-PC-034,2,SVO,non-preferred,这张纸太大了，放不进信封，我只好,折起它来了,这张纸太大了，放不进信封，我只好折起它来了。,这张纸太大了，放不进信封，我只好,我只好,,True,infelicitous,这张纸太大了，放不进信封，我只好折起它来了。,这张纸太大了，放不进信封，我只好折起它来了。,[],0,True,False
T0069,BA_有语境_200,有语境,BA-preferred,1,物理状态改变,35,BA-PC-035,BA-CTX-PC-035,1,BA,preferred,我的铅笔头断了，我用小刀重新,把它削尖了,我的铅笔头断了，我用小刀重新把它削尖了。,我的铅笔头断了，我用小刀重新,我用小刀重新,,False,felicitous,我的铅笔头断了，我用小刀重新把它削尖了。,我的铅笔头断了，我用小刀重新把它削尖了。,[],0,True,False
T0070,BA_有语境_200,有语境,BA-preferred,1,物理状态改变,35,BA-PC-035,BA-CTX-PC-035,2,SVO,non-preferred,我的铅笔头断了，我用小刀重新,削尖了它,我的铅笔头断了，我用小刀重新削尖了它。,我的铅笔头断了，我用小刀重新,我用小刀重新,,True,infelicitous,我的铅笔头断了，我用小刀重新削尖了它。,我的铅笔头断了，我用小刀重新削尖了它。,[],0,True,False
T0071,BA_有语境_200,有语境,BA-preferred,1,物理状态改变,36,BA-PC-036,BA-CTX-PC-036,1,BA,preferred,这个旧杯子有裂缝，我不小心,把它打碎了,这个旧杯子有裂缝，我不小心把它打碎了。,这个旧杯子有裂缝，我不小心,我不小心,,False,felicitous,这个旧杯子有裂缝，我不小心把它打碎了。,这个旧杯子有裂缝，我不小心把它打碎了。,[],0,True,False
T0072,BA_有语境_200,有语境,BA-preferred,1,物理状态改变,36,BA-PC-036,BA-CTX-PC-036,2,SVO,non-preferred,这个旧杯子有裂缝，我不小心,打碎了它,这个旧杯子有裂缝，我不小心打碎了它。,这个旧杯子有裂缝，我不小心,我不小心,,True,infelicitous,这个旧杯子有裂缝，我不小心打碎了它。,这个旧杯子有裂缝，我不小心打碎了它。,[],0,True,False
T0073,BA_有语境_200,有语境,BA-preferred,1,物理状态改变,37,BA-PC-037,BA-CTX-PC-037,1,BA,preferred,地上的那张废纸，我捡起来顺手,把它扔了,地上的那张废纸，我捡起来顺手把它扔了。,地上的那张废纸，我捡起来顺手,我捡起来顺手,,False,felicitous,地上的那张废纸，我捡起来顺手把它扔了。,地上的那张废纸，我捡起来顺手把它扔了。,[],0,True,False
T0074,BA_有语境_200,有语境,BA-preferred,1,物理状态改变,37,BA-PC-037,BA-CTX-PC-037,2,SVO,non-preferred,地上的那张废纸，我捡起来顺手,扔了它,地上的那张废纸，我捡起来顺手扔了它。,地上的那张废纸，我捡起来顺手,我捡起来顺手,,True,infelicitous,地上的那张废纸，我捡起来顺手扔了它。,地上的那张废纸，我捡起来顺手扔了它。,[],0,True,False
T0075,BA_有语境_200,有语境,BA-preferred,1,物理状态改变,38,BA-PC-038,BA-CTX-PC-038,1,BA,preferred,昨天晚上剩下的米饭，我早上加了蛋,把它炒了,昨天晚上剩下的米饭，我早上加了蛋把它炒了。,昨天晚上剩下的米饭，我早上加了蛋,我早上加了蛋,,False,felicitous,昨天晚上剩下的米饭，我早上加了蛋把它炒了。,昨天晚上剩下的米饭，我早上加了蛋把它炒了。,[],0,True,False
T0076,BA_有语境_200,有语境,BA-preferred,1,物理状态改变,38,BA-PC-038,BA-CTX-PC-038,2,SVO,non-preferred,昨天晚上剩下的米饭，我早上加了蛋,炒了它,昨天晚上剩下的米饭，我早上加了蛋炒了它。,昨天晚上剩下的米饭，我早上加了蛋,我早上加了蛋,,True,infelicitous,昨天晚上剩下的米饭，我早上加了蛋炒了它。,昨天晚上剩下的米饭，我早上加了蛋炒了它。,[],0,True,False
T0077,BA_有语境_200,有语境,BA-preferred,1,物理状态改变,39,BA-PC-039,BA-CTX-PC-039,1,BA,preferred,这瓶矿泉水我已经打开了，你赶紧,把它喝了吧,这瓶矿泉水我已经打开了，你赶紧把它喝了吧。,这瓶矿泉水我已经打开了，你赶紧,你赶紧,,False,felicitous,这瓶矿泉水我已经打开了，你赶紧把它喝了吧。,这瓶矿泉水我已经打开了，你赶紧把它喝了吧。,[],0,True,False
T0078,BA_有语境_200,有语境,BA-preferred,1,物理状态改变,39,BA-PC-039,BA-CTX-PC-039,2,SVO,non-preferred,这瓶矿泉水我已经打开了，你赶紧,喝了它吧,这瓶矿泉水我已经打开了，你赶紧喝了它吧。,这瓶矿泉水我已经打开了，你赶紧,你赶紧,,True,infelicitous,这瓶矿泉水我已经打开了，你赶紧喝了它吧。,这瓶矿泉水我已经打开了，你赶紧喝了它吧。,[],0,True,False
T0079,BA_有语境_200,有语境,BA-preferred,1,物理状态改变,40,BA-PC-040,BA-CTX-PC-040,1,BA,preferred,那块大石头挡在路中间，工人们用机器,把它砸碎了,那块大石头挡在路中间，工人们用机器把它砸碎了。,那块大石头挡在路中间，工人们用机器,工人们用机器,,False,felicitous,那块大石头挡在路中间，工人们用机器把它砸碎了。,那块大石头挡在路中间，工人们用机器把它砸碎了。,[],0,True,False
T0080,BA_有语境_200,有语境,BA-preferred,1,物理状态改变,40,BA-PC-040,BA-CTX-PC-040,2,SVO,non-preferred,那块大石头挡在路中间，工人们用机器,砸碎了它,那块大石头挡在路中间，工人们用机器砸碎了它。,那块大石头挡在路中间，工人们用机器,工人们用机器,,True,infelicitous,那块大石头挡在路中间，工人们用机器砸碎了它。,那块大石头挡在路中间，工人们用机器砸碎了它。,[],0,True,False
T0081,BA_有语境_200,有语境,BA-preferred,1,物理状态改变,41,BA-PC-041,BA-CTX-PC-041,1,BA,preferred,外面太阳很大，被子很潮湿，妈妈拿出去,把它晒干了,外面太阳很大，被子很潮湿，妈妈拿出去把它晒干了。,外面太阳很大，被子很潮湿，妈妈拿出去,妈妈拿出去,,False,felicitous,外面太阳很大，被子很潮湿，妈妈拿出去把它晒干了。,外面太阳很大，被子很潮湿，妈妈拿出去把它晒干了。,[],0,True,False
T0082,BA_有语境_200,有语境,BA-preferred,1,物理状态改变,41,BA-PC-041,BA-CTX-PC-041,2,SVO,non-preferred,外面太阳很大，被子很潮湿，妈妈拿出去,晒干了它,外面太阳很大，被子很潮湿，妈妈拿出去晒干了它。,外面太阳很大，被子很潮湿，妈妈拿出去,妈妈拿出去,,True,infelicitous,外面太阳很大，被子很潮湿，妈妈拿出去晒干了它。,外面太阳很大，被子很潮湿，妈妈拿出去晒干了它。,[],0,True,False
T0083,BA_有语境_200,有语境,BA-preferred,1,物理状态改变,42,BA-PC-042,BA-CTX-PC-042,1,BA,preferred,这个木头椅子不结实了，爷爷用钉子,把它加固了,这个木头椅子不结实了，爷爷用钉子把它加固了。,这个木头椅子不结实了，爷爷用钉子,爷爷用钉子,,False,felicitous,这个木头椅子不结实了，爷爷用钉子把它加固了。,这个木头椅子不结实了，爷爷用钉子把它加固了。,[],0,True,False
T0084,BA_有语境_200,有语境,BA-preferred,1,物理状态改变,42,BA-PC-042,BA-CTX-PC-042,2,SVO,non-preferred,这个木头椅子不结实了，爷爷用钉子,加固了它,这个木头椅子不结实了，爷爷用钉子加固了它。,这个木头椅子不结实了，爷爷用钉子,爷爷用钉子,,True,infelicitous,这个木头椅子不结实了，爷爷用钉子加固了它。,这个木头椅子不结实了，爷爷用钉子加固了它。,[],0,True,False
T0085,BA_有语境_200,有语境,BA-preferred,1,物理状态改变,43,BA-PC-043,BA-CTX-PC-043,1,BA,preferred,我的旧裤子太长了，昨天裁缝,把它改短了,我的旧裤子太长了，昨天裁缝把它改短了。,我的旧裤子太长了，昨天裁缝,昨天裁缝,,False,felicitous,我的旧裤子太长了，昨天裁缝把它改短了。,我的旧裤子太长了，昨天裁缝把它改短了。,[],0,True,False
T0086,BA_有语境_200,有语境,BA-preferred,1,物理状态改变,43,BA-PC-043,BA-CTX-PC-043,2,SVO,non-preferred,我的旧裤子太长了，昨天裁缝,改短了它,我的旧裤子太长了，昨天裁缝改短了它。,我的旧裤子太长了，昨天裁缝,昨天裁缝,,True,infelicitous,我的旧裤子太长了，昨天裁缝改短了它。,我的旧裤子太长了，昨天裁缝改短了它。,[],0,True,False
T0087,BA_有语境_200,有语境,BA-preferred,1,物理状态改变,44,BA-PC-044,BA-CTX-PC-044,1,BA,preferred,这篇文章写得太长了，我就,把它缩短了,这篇文章写得太长了，我就把它缩短了。,这篇文章写得太长了，我就,我就,,False,felicitous,这篇文章写得太长了，我就把它缩短了。,这篇文章写得太长了，我就把它缩短了。,[],0,True,False
T0088,BA_有语境_200,有语境,BA-preferred,1,物理状态改变,44,BA-PC-044,BA-CTX-PC-044,2,SVO,non-preferred,这篇文章写得太长了，我就,缩短了它,这篇文章写得太长了，我就缩短了它。,这篇文章写得太长了，我就,我就,,True,infelicitous,这篇文章写得太长了，我就缩短了它。,这篇文章写得太长了，我就缩短了它。,[],0,True,False
T0089,BA_有语境_200,有语境,BA-preferred,1,物理状态改变,45,BA-PC-045,BA-CTX-PC-045,1,BA,preferred,那个旧轮胎漏气了，修车师傅,把它补好了,那个旧轮胎漏气了，修车师傅把它补好了。,那个旧轮胎漏气了，修车师傅,修车师傅,,False,felicitous,那个旧轮胎漏气了，修车师傅把它补好了。,那个旧轮胎漏气了，修车师傅把它补好了。,[],0,True,False
T0090,BA_有语境_200,有语境,BA-preferred,1,物理状态改变,45,BA-PC-045,BA-CTX-PC-045,2,SVO,non-preferred,那个旧轮胎漏气了，修车师傅,补好了它,那个旧轮胎漏气了，修车师傅补好了它。,那个旧轮胎漏气了，修车师傅,修车师傅,,True,infelicitous,那个旧轮胎漏气了，修车师傅补好了它。,那个旧轮胎漏气了，修车师傅补好了它。,[],0,True,False
T0091,BA_有语境_200,有语境,BA-preferred,1,物理状态改变,46,BA-PC-046,BA-CTX-PC-046,1,BA,preferred,这杯茶已经凉透了，我不喜欢喝凉茶，就,把它倒掉了,这杯茶已经凉透了，我不喜欢喝凉茶，就把它倒掉了。,这杯茶已经凉透了，我不喜欢喝凉茶，就,我就,,False,felicitous,这杯茶已经凉透了，我不喜欢喝凉茶，就把它倒掉了。,这杯茶已经凉透了，我不喜欢喝凉茶，就把它倒掉了。,[],0,True,False
T0092,BA_有语境_200,有语境,BA-preferred,1,物理状态改变,46,BA-PC-046,BA-CTX-PC-046,2,SVO,non-preferred,这杯茶已经凉透了，我不喜欢喝凉茶，就,倒掉它了,这杯茶已经凉透了，我不喜欢喝凉茶，就倒掉它了。,这杯茶已经凉透了，我不喜欢喝凉茶，就,我就,,True,infelicitous,这杯茶已经凉透了，我不喜欢喝凉茶，就倒掉它了。,这杯茶已经凉透了，我不喜欢喝凉茶，就倒掉它了。,[],0,True,False
T0093,BA_有语境_200,有语境,BA-preferred,1,物理状态改变,47,BA-PC-047,BA-CTX-PC-047,1,BA,preferred,听说你想吃饼干，我现在已经,把它烤熟了,听说你想吃饼干，我现在已经把它烤熟了。,听说你想吃饼干，我现在已经,我现在已经,,False,felicitous,听说你想吃饼干，我现在已经把它烤熟了。,听说你想吃饼干，我现在已经把它烤熟了。,[],0,True,False
T0094,BA_有语境_200,有语境,BA-preferred,1,物理状态改变,47,BA-PC-047,BA-CTX-PC-047,2,SVO,non-preferred,听说你想吃饼干，我现在已经,烤熟它了,听说你想吃饼干，我现在已经烤熟它了。,听说你想吃饼干，我现在已经,我现在已经,,True,infelicitous,听说你想吃饼干，我现在已经烤熟它了。,听说你想吃饼干，我现在已经烤熟它了。,[],0,True,False
T0095,BA_有语境_200,有语境,BA-preferred,1,物理状态改变,48,BA-PC-048,BA-CTX-PC-048,1,BA,preferred,弟弟把口香糖吐在纸巾里，他,把它包起来了,弟弟把口香糖吐在纸巾里，他把它包起来了。,弟弟把口香糖吐在纸巾里，他,他,,False,felicitous,弟弟把口香糖吐在纸巾里，他把它包起来了。,弟弟把口香糖吐在纸巾里，他把它包起来了。,[],0,True,False
T0096,BA_有语境_200,有语境,BA-preferred,1,物理状态改变,48,BA-PC-048,BA-CTX-PC-048,2,SVO,non-preferred,弟弟把口香糖吐在纸巾里，他,包起它来了,弟弟把口香糖吐在纸巾里，他包起它来了。,弟弟把口香糖吐在纸巾里，他,他,,True,infelicitous,弟弟把口香糖吐在纸巾里，他包起它来了。,弟弟把口香糖吐在纸巾里，他抱起它来了。,"[[""包"", ""抱"", 13]]",1,False,True
T0097,BA_有语境_200,有语境,BA-preferred,1,物理状态改变,49,BA-PC-049,BA-CTX-PC-049,1,BA,preferred,那个闹钟一直响个不停，我伸手,把它关掉了,那个闹钟一直响个不停，我伸手把它关掉了。,那个闹钟一直响个不停，我伸手,我伸手,,False,felicitous,那个闹钟一直响个不停，我伸手把它关掉了。,那个闹钟一直响个不停，我伸手把它关掉了。,[],0,True,False
T0098,BA_有语境_200,有语境,BA-preferred,1,物理状态改变,49,BA-PC-049,BA-CTX-PC-049,2,SVO,non-preferred,那个闹钟一直响个不停，我伸手,关掉它了,那个闹钟一直响个不停，我伸手关掉它了。,那个闹钟一直响个不停，我伸手,我伸手,,True,infelicitous,那个闹钟一直响个不停，我伸手关掉它了。,那个闹钟一直响个不停，我伸手关掉它了。,[],0,True,False
T0099,BA_有语境_200,有语境,BA-preferred,1,物理状态改变,50,BA-PC-050,BA-CTX-PC-050,1,BA,preferred,这盒冰淇淋马上就要融化了，你快点,把它吃了吧,这盒冰淇淋马上就要融化了，你快点把它吃了吧。,这盒冰淇淋马上就要融化了，你快点,你快点,,False,felicitous,这盒冰淇淋马上就要融化了，你快点把它吃了吧。,这盒冰淇淋马上就要融化了，你快点把它吃了吧。,[],0,True,False
T0100,BA_有语境_200,有语境,BA-preferred,1,物理状态改变,50,BA-PC-050,BA-CTX-PC-050,2,SVO,non-preferred,这盒冰淇淋马上就要融化了，你快点,吃了它吧,这盒冰淇淋马上就要融化了，你快点吃了它吧。,这盒冰淇淋马上就要融化了，你快点,你快点,,True,infelicitous,这盒冰淇淋马上就要融化了，你快点吃了它吧。,这盒冰淇淋马上就要融化了，你快点吃了它吧。,[],0,True,False
T0101,BA_有语境_200,有语境,BA-preferred,2,空间位移,1,BA-SD-001,BA-CTX-SD-001,1,BA,preferred,你的外套放在沙发上太乱了，我,把它挂起来了,你的外套放在沙发上太乱了，我把它挂起来了。,你的外套放在沙发上太乱了，我,我,,False,felicitous,你的外套放在沙发上太乱了，我把它挂起来了。,你的外套放在沙发上太乱了，我把它挂起来了。,[],0,True,False
T0102,BA_有语境_200,有语境,BA-preferred,2,空间位移,1,BA-SD-001,BA-CTX-SD-001,2,SVO,non-preferred,你的外套放在沙发上太乱了，我,挂起它来了,你的外套放在沙发上太乱了，我挂起它来了。,你的外套放在沙发上太乱了，我,我,,True,infelicitous,你的外套放在沙发上太乱了，我挂起它来了。,你的外套放在沙发上太乱了，我挂起它来了。,[],0,True,False
T0103,BA_有语境_200,有语境,BA-preferred,2,空间位移,2,BA-SD-002,BA-CTX-SD-002,1,BA,preferred,外面下雨了，院子里的自行车，我已经,把它推进来了,外面下雨了，院子里的自行车，我已经把它推进来了。,外面下雨了，院子里的自行车，我已经,我已经,,False,felicitous,外面下雨了，院子里的自行车，我已经把它推进来了。,外面下雨了，院子里的自行车，我已经把它推进来了。,[],0,True,False
T0104,BA_有语境_200,有语境,BA-preferred,2,空间位移,2,BA-SD-002,BA-CTX-SD-002,2,SVO,non-preferred,外面下雨了，院子里的自行车，我已经,推它进来了,外面下雨了，院子里的自行车，我已经推它进来了。,外面下雨了，院子里的自行车，我已经,我已经,,True,infelicitous,外面下雨了，院子里的自行车，我已经推它进来了。,外面下雨了，院子里的自行车，我已经推它进来了。,[],0,True,False
T0105,BA_有语境_200,有语境,BA-preferred,2,空间位移,3,BA-SD-003,BA-CTX-SD-003,1,BA,preferred,这本书我看完了，昨天我,把它放回书架了,这本书我看完了，昨天我把它放回书架了。,这本书我看完了，昨天我,昨天我,,False,felicitous,这本书我看完了，昨天我把它放回书架了。,这本书我看完了，昨天我把它放回书架了。,[],0,True,False
T0106,BA_有语境_200,有语境,BA-preferred,2,空间位移,3,BA-SD-003,BA-CTX-SD-003,2,SVO,non-preferred,这本书我看完了，昨天我,放它回书架了,这本书我看完了，昨天我放它回书架了。,这本书我看完了，昨天我,昨天我,,True,infelicitous,这本书我看完了，昨天我放它回书架了。,这本书我看完了，昨天我放它回书架了。,[],0,True,False
T0107,BA_有语境_200,有语境,BA-preferred,2,空间位移,4,BA-SD-004,BA-CTX-SD-004,1,BA,preferred,垃圾桶满了，出门的时候我,把垃圾扔了,垃圾桶满了，出门的时候我把垃圾扔了。,垃圾桶满了，出门的时候我,出门的时候我,,False,felicitous,垃圾桶满了，出门的时候我把垃圾扔了。,垃圾桶满了，出门的时候我把垃圾扔了。,[],0,True,False
T0108,BA_有语境_200,有语境,BA-preferred,2,空间位移,4,BA-SD-004,BA-CTX-SD-004,2,SVO,non-preferred,垃圾桶满了，出门的时候我,扔了垃圾,垃圾桶满了，出门的时候我扔了垃圾。,垃圾桶满了，出门的时候我,出门的时候我,,True,infelicitous,垃圾桶满了，出门的时候我扔了垃圾。,垃圾桶满了，出门的时候我扔了垃圾。,[],0,True,False
T0109,BA_有语境_200,有语境,BA-preferred,2,空间位移,5,BA-SD-005,BA-CTX-SD-005,1,BA,preferred,行李箱太重了，我叫人,把它搬上楼了,行李箱太重了，我叫人把它搬上楼了。,行李箱太重了，我叫人,我叫人,,False,felicitous,行李箱太重了，我叫人把它搬上楼了。,行李箱太重了，我叫人把它搬上楼了。,[],0,True,False
T0110,BA_有语境_200,有语境,BA-preferred,2,空间位移,5,BA-SD-005,BA-CTX-SD-005,2,SVO,non-preferred,行李箱太重了，我叫人,搬它上了楼,行李箱太重了，我叫人搬它上了楼。,行李箱太重了，我叫人,我叫人,,True,infelicitous,行李箱太重了，我叫人搬它上了楼。,行李箱太重了，我叫人搬它上了楼。,[],0,True,False
T0111,BA_有语境_200,有语境,BA-preferred,2,空间位移,6,BA-SD-006,BA-CTX-SD-006,1,BA,preferred,刚买的啤酒不凉，我,把它放进冰箱了,刚买的啤酒不凉，我把它放进冰箱了。,刚买的啤酒不凉，我,我,,False,felicitous,刚买的啤酒不凉，我把它放进冰箱了。,刚买的啤酒不凉，我把它放进冰箱了。,[],0,True,False
T0112,BA_有语境_200,有语境,BA-preferred,2,空间位移,6,BA-SD-006,BA-CTX-SD-006,2,SVO,non-preferred,刚买的啤酒不凉，我,放它进了冰箱,刚买的啤酒不凉，我放它进了冰箱。,刚买的啤酒不凉，我,我,,True,infelicitous,刚买的啤酒不凉，我放它进了冰箱。,刚买的啤酒不凉，我放它进了冰箱。,[],0,True,False
T0113,BA_有语境_200,有语境,BA-preferred,2,空间位移,7,BA-SD-007,BA-CTX-SD-007,1,BA,preferred,钱包掉在地上了，我,把它捡起来了,钱包掉在地上了，我把它捡起来了。,钱包掉在地上了，我,我,,False,felicitous,钱包掉在地上了，我把它捡起来了。,钱包掉在地上了，我把它捡起来了。,[],0,True,False
T0114,BA_有语境_200,有语境,BA-preferred,2,空间位移,7,BA-SD-007,BA-CTX-SD-007,2,SVO,non-preferred,钱包掉在地上了，我,捡起它来了,钱包掉在地上了，我捡起它来了。,钱包掉在地上了，我,我,,True,infelicitous,钱包掉在地上了，我捡起它来了。,钱包掉在地上了，我捡起它来了。,[],0,True,False
T0115,BA_有语境_200,有语境,BA-preferred,2,空间位移,8,BA-SD-008,BA-CTX-SD-008,1,BA,preferred,你的帽子掉在椅子下了，我,把它拿走了,你的帽子掉在椅子下了，我把它拿走了。,你的帽子掉在椅子下了，我,我,,False,felicitous,你的帽子掉在椅子下了，我把它拿走了。,你的帽子掉在椅子下了，我把它拿走了。,[],0,True,False
T0116,BA_有语境_200,有语境,BA-preferred,2,空间位移,8,BA-SD-008,BA-CTX-SD-008,2,SVO,non-preferred,你的帽子掉在椅子下了，我,拿走了它,你的帽子掉在椅子下了，我拿走了它。,你的帽子掉在椅子下了，我,我,,True,infelicitous,你的帽子掉在椅子下了，我拿走了它。,你的帽子掉在椅子下了，我拿走了它。,[],0,True,False
T0117,BA_有语境_200,有语境,BA-preferred,2,空间位移,9,BA-SD-009,BA-CTX-SD-009,1,BA,preferred,这些旧报纸没用了，我,把它们丢到门外了,这些旧报纸没用了，我把它们丢到门外了。,这些旧报纸没用了，我,我,,False,felicitous,这些旧报纸没用了，我把它们丢到门外了。,这些旧报纸没用了，我把它们丢到门外了。,[],0,True,False
T0118,BA_有语境_200,有语境,BA-preferred,2,空间位移,9,BA-SD-009,BA-CTX-SD-009,2,SVO,non-preferred,这些旧报纸没用了，我,丢它们到门外了,这些旧报纸没用了，我丢它们到门外了。,这些旧报纸没用了，我,我,,True,infelicitous,这些旧报纸没用了，我丢它们到门外了。,这些旧报纸没用了，我丢它们到门外了。,[],0,True,False
T0119,BA_有语境_200,有语境,BA-preferred,2,空间位移,10,BA-SD-010,BA-CTX-SD-010,1,BA,preferred,黑板上的字写错了，老师,把它擦掉了,黑板上的字写错了，老师把它擦掉了。,黑板上的字写错了，老师,老师,,False,felicitous,黑板上的字写错了，老师把它擦掉了。,黑板上的字写错了，老师把它擦掉了。,[],0,True,False
T0120,BA_有语境_200,有语境,BA-preferred,2,空间位移,10,BA-SD-010,BA-CTX-SD-010,2,SVO,non-preferred,黑板上的字写错了，老师,擦掉了它,黑板上的字写错了，老师擦掉了它。,黑板上的字写错了，老师,老师,,True,infelicitous,黑板上的字写错了，老师擦掉了它。,黑板上的字写错了，老师擦掉了它。,[],0,True,False
T0121,BA_有语境_200,有语境,BA-preferred,2,空间位移,11,BA-SD-011,BA-CTX-SD-011,1,BA,preferred,确认没有拼写错误之后，秘书走进经理办公室,把那份重要文件递过去了,确认没有拼写错误之后，秘书走进经理办公室把那份重要文件递过去了。,确认没有拼写错误之后，秘书走进经理办公室,秘书走进经理办公室,,False,felicitous,确认没有拼写错误之后，秘书走进经理办公室把那份重要文件递过去了。,确认没有拼写错误之后，秘书走进经理办公室把那份重要文件递过去了。,[],0,True,False
T0122,BA_有语境_200,有语境,BA-preferred,2,空间位移,11,BA-SD-011,BA-CTX-SD-011,2,SVO,non-preferred,确认没有拼写错误之后，秘书走进经理办公室,递过去了那份重要文件,确认没有拼写错误之后，秘书走进经理办公室递过去了那份重要文件。,确认没有拼写错误之后，秘书走进经理办公室,秘书走进经理办公室,,True,infelicitous,确认没有拼写错误之后，秘书走进经理办公室递过去了那份重要文件。,确认没有拼写错误之后，秘书走进经理办公室递过去了那份重要文件。,[],0,True,False
T0123,BA_有语境_200,有语境,BA-preferred,2,空间位移,12,BA-SD-012,BA-CTX-SD-012,1,BA,preferred,弟弟对动物毛发过敏，所以妈妈只能,把那只小狗抱出去了,弟弟对动物毛发过敏，所以妈妈只能把那只小狗抱出去了。,弟弟对动物毛发过敏，所以妈妈只能,所以妈妈只能,,False,felicitous,弟弟对动物毛发过敏，所以妈妈只能把那只小狗抱出去了。,弟弟对动物毛发过敏，所以妈妈只能把那只小狗抱出去了。,[],0,True,False
T0124,BA_有语境_200,有语境,BA-preferred,2,空间位移,12,BA-SD-012,BA-CTX-SD-012,2,SVO,non-preferred,弟弟对动物毛发过敏，所以妈妈只能,抱出去了那只小狗,弟弟对动物毛发过敏，所以妈妈只能抱出去了那只小狗。,弟弟对动物毛发过敏，所以妈妈只能,所以妈妈只能,,True,infelicitous,弟弟对动物毛发过敏，所以妈妈只能抱出去了那只小狗。,弟弟对动物毛发过敏，所以妈妈只能抱出去了那只小狗。,[],0,True,False
T0125,BA_有语境_200,有语境,BA-preferred,2,空间位移,13,BA-SD-013,BA-CTX-SD-013,1,BA,preferred,看到桌子上前女友的照片，他叹了一口气，然后,把那张旧照片收了起来,看到桌子上前女友的照片，他叹了一口气，然后把那张旧照片收了起来。,看到桌子上前女友的照片，他叹了一口气，然后,他,,False,felicitous,看到桌子上前女友的照片，他叹了一口气，然后把那张旧照片收了起来。,看到桌子上前女友的照片，他叹了一口气，然后把那张旧照片收了起来。,[],0,True,False
T0126,BA_有语境_200,有语境,BA-preferred,2,空间位移,13,BA-SD-013,BA-CTX-SD-013,2,SVO,non-preferred,看到桌子上前女友的照片，他叹了一口气，然后,收起来了那张旧照片,看到桌子上前女友的照片，他叹了一口气，然后收起来了那张旧照片。,看到桌子上前女友的照片，他叹了一口气，然后,他,,True,infelicitous,看到桌子上前女友的照片，他叹了一口气，然后收起来了那张旧照片。,看到桌子上前女友的照片，他叹了一口气，然后收起来了那张旧照片。,[],0,True,False
T0127,BA_有语境_200,有语境,BA-preferred,2,空间位移,14,BA-SD-014,BA-CTX-SD-014,1,BA,preferred,这个沙发挡住了门，我们,把它移开了,这个沙发挡住了门，我们把它移开了。,这个沙发挡住了门，我们,我们,,False,felicitous,这个沙发挡住了门，我们把它移开了。,这个沙发挡住了门，我们把它移开了。,[],0,True,False
T0128,BA_有语境_200,有语境,BA-preferred,2,空间位移,14,BA-SD-014,BA-CTX-SD-014,2,SVO,non-preferred,这个沙发挡住了门，我们,移开了它,这个沙发挡住了门，我们移开了它。,这个沙发挡住了门，我们,我们,,True,infelicitous,这个沙发挡住了门，我们移开了它。,这个沙发挡住了门，我们移开了它。,[],0,True,False
T0129,BA_有语境_200,有语境,BA-preferred,2,空间位移,15,BA-SD-015,BA-CTX-SD-015,1,BA,preferred,那只小猫在雨里很冷，我,把它抱回家了,那只小猫在雨里很冷，我把它抱回家了。,那只小猫在雨里很冷，我,我,,False,felicitous,那只小猫在雨里很冷，我把它抱回家了。,那只小猫在雨里很冷，我把它抱回家了。,[],0,True,False
T0130,BA_有语境_200,有语境,BA-preferred,2,空间位移,15,BA-SD-015,BA-CTX-SD-015,2,SVO,non-preferred,那只小猫在雨里很冷，我,抱它回家了,那只小猫在雨里很冷，我抱它回家了。,那只小猫在雨里很冷，我,我,,True,infelicitous,那只小猫在雨里很冷，我抱它回家了。,那只小猫在雨里很冷，我抱它回家了。,[],0,True,False
T0131,BA_有语境_200,有语境,BA-preferred,2,空间位移,16,BA-SD-016,BA-CTX-SD-016,1,BA,preferred,这个抽屉太满了，我,把不需要的东西拿出来了,这个抽屉太满了，我把不需要的东西拿出来了。,这个抽屉太满了，我,我,,False,felicitous,这个抽屉太满了，我把不需要的东西拿出来了。,这个抽屉太满了，我把不需要的东西拿出来了。,[],0,True,False
T0132,BA_有语境_200,有语境,BA-preferred,2,空间位移,16,BA-SD-016,BA-CTX-SD-016,2,SVO,non-preferred,这个抽屉太满了，我,拿出来不需要的东西了,这个抽屉太满了，我拿出来不需要的东西了。,这个抽屉太满了，我,我,,True,infelicitous,这个抽屉太满了，我拿出来不需要的东西了。,这个抽屉太满了，我拿出来不需要的东西了。,[],0,True,False
T0133,BA_有语境_200,有语境,BA-preferred,2,空间位移,17,BA-SD-017,BA-CTX-SD-017,1,BA,preferred,刚买的鸡蛋怕摔碎，妈妈小心地,把它放进了篮子里,刚买的鸡蛋怕摔碎，妈妈小心地把它放进了篮子里。,刚买的鸡蛋怕摔碎，妈妈小心地,妈妈小心地,,False,felicitous,刚买的鸡蛋怕摔碎，妈妈小心地把它放进了篮子里。,刚买的鸡蛋怕摔碎，妈妈小心地把它放进了篮子里。,[],0,True,False
T0134,BA_有语境_200,有语境,BA-preferred,2,空间位移,17,BA-SD-017,BA-CTX-SD-017,2,SVO,non-preferred,刚买的鸡蛋怕摔碎，妈妈小心地,放它进了篮子,刚买的鸡蛋怕摔碎，妈妈小心地放它进了篮子。,刚买的鸡蛋怕摔碎，妈妈小心地,妈妈小心地,,True,infelicitous,刚买的鸡蛋怕摔碎，妈妈小心地放它进了篮子。,刚买的鸡蛋怕摔碎，妈妈小心地放它进了篮子。,[],0,True,False
T0135,BA_有语境_200,有语境,BA-preferred,2,空间位移,18,BA-SD-018,BA-CTX-SD-018,1,BA,preferred,地图太大了不好拿，我上车前,把它卷起来了,地图太大了不好拿，我上车前把它卷起来了。,地图太大了不好拿，我上车前,我上车前,,False,felicitous,地图太大了不好拿，我上车前把它卷起来了。,地图太大了不好拿，我上车前把它卷起来了。,[],0,True,False
T0136,BA_有语境_200,有语境,BA-preferred,2,空间位移,18,BA-SD-018,BA-CTX-SD-018,2,SVO,non-preferred,地图太大了不好拿，我上车前,卷起它来了,地图太大了不好拿，我上车前卷起它来了。,地图太大了不好拿，我上车前,我上车前,,True,infelicitous,地图太大了不好拿，我上车前卷起它来了。,地图太大了不好拿，我上车前卷起它来了。,[],0,True,False
T0137,BA_有语境_200,有语境,BA-preferred,2,空间位移,19,BA-SD-019,BA-CTX-SD-019,1,BA,preferred,客厅的那个旧沙发，搬家公司今天早上已经,把它运走了,客厅的那个旧沙发，搬家公司今天早上已经把它运走了。,客厅的那个旧沙发，搬家公司今天早上已经,搬家公司今天早上已经,,False,felicitous,客厅的那个旧沙发，搬家公司今天早上已经把它运走了。,客厅的那个旧沙发，搬家公司今天早上已经把它运走了。,[],0,True,False
T0138,BA_有语境_200,有语境,BA-preferred,2,空间位移,19,BA-SD-019,BA-CTX-SD-019,2,SVO,non-preferred,客厅的那个旧沙发，搬家公司今天早上已经,运走它了,客厅的那个旧沙发，搬家公司今天早上已经运走它了。,客厅的那个旧沙发，搬家公司今天早上已经,搬家公司今天早上已经,,True,infelicitous,客厅的那个旧沙发，搬家公司今天早上已经运走它了。,客厅的那个旧沙发，搬家公司今天早上已经运走它了。,[],0,True,False
T0139,BA_有语境_200,有语境,BA-preferred,2,空间位移,20,BA-SD-020,BA-CTX-SD-020,1,BA,preferred,你的身份证落在我这里了，我明天下午,把它送过去,你的身份证落在我这里了，我明天下午把它送过去。,你的身份证落在我这里了，我明天下午,我明天下午,,False,felicitous,你的身份证落在我这里了，我明天下午把它送过去。,你的身份证落在我这里了，我明天下午把它送过去。,[],0,True,False
T0140,BA_有语境_200,有语境,BA-preferred,2,空间位移,20,BA-SD-020,BA-CTX-SD-020,2,SVO,non-preferred,你的身份证落在我这里了，我明天下午,送它过去,你的身份证落在我这里了，我明天下午送它过去。,你的身份证落在我这里了，我明天下午,我明天下午,,True,infelicitous,你的身份证落在我这里了，我明天下午送它过去。,你的身份证落在我这里了，我明天下午送它过去。,[],0,True,False
T0141,BA_有语境_200,有语境,BA-preferred,2,空间位移,21,BA-SD-021,BA-CTX-SD-021,1,BA,preferred,下班时间到了，他关上电脑，迅速地,把那台电脑收进去了,下班时间到了，他关上电脑，迅速地把那台电脑收进去了。,下班时间到了，他关上电脑，迅速地,他迅速地,,False,felicitous,下班时间到了，他关上电脑，迅速地把那台电脑收进去了。,下班时间到了，他关上电脑，迅速地把那台电脑收进去了。,[],0,True,False
T0142,BA_有语境_200,有语境,BA-preferred,2,空间位移,21,BA-SD-021,BA-CTX-SD-021,2,SVO,non-preferred,下班时间到了，他关上电脑，迅速地,收进去了那台电脑,下班时间到了，他关上电脑，迅速地收进去了那台电脑。,下班时间到了，他关上电脑，迅速地,他迅速地,,True,infelicitous,下班时间到了，他关上电脑，迅速地收进去了那台电脑。,下班时间到了，他关上电脑，迅速地收进去了那台电脑。,[],0,True,False
T0143,BA_有语境_200,有语境,BA-preferred,2,空间位移,22,BA-SD-022,BA-CTX-SD-022,1,BA,preferred,那个大纸箱在路边太危险，环卫工人,把它拖走了,那个大纸箱在路边太危险，环卫工人把它拖走了。,那个大纸箱在路边太危险，环卫工人,环卫工人,,False,felicitous,那个大纸箱在路边太危险，环卫工人把它拖走了。,那个大圾箱在路边太危险，环卫工人把它拖走了。,"[[""纸"", ""圾"", 3]]",1,False,True
T0144,BA_有语境_200,有语境,BA-preferred,2,空间位移,22,BA-SD-022,BA-CTX-SD-022,2,SVO,non-preferred,那个大纸箱在路边太危险，环卫工人,拖走了它,那个大纸箱在路边太危险，环卫工人拖走了它。,那个大纸箱在路边太危险，环卫工人,环卫工人,,True,infelicitous,那个大纸箱在路边太危险，环卫工人拖走了它。,那个大纸箱在路边太危险，环卫工人拖走了它。,[],0,True,False
T0145,BA_有语境_200,有语境,BA-preferred,2,空间位移,23,BA-SD-023,BA-CTX-SD-023,1,BA,preferred,这封挂号信很重要，邮递员准时,把它放进了信箱,这封挂号信很重要，邮递员准时把它放进了信箱。,这封挂号信很重要，邮递员准时,邮递员准时,,False,felicitous,这封挂号信很重要，邮递员准时把它放进了信箱。,这封挂号信很重要，邮递员准时把它放进了信箱。,[],0,True,False
T0146,BA_有语境_200,有语境,BA-preferred,2,空间位移,23,BA-SD-023,BA-CTX-SD-023,2,SVO,non-preferred,这封挂号信很重要，邮递员准时,放它进了信箱,这封挂号信很重要，邮递员准时放它进了信箱。,这封挂号信很重要，邮递员准时,邮递员准时,,True,infelicitous,这封挂号信很重要，邮递员准时放它进了信箱。,这封挂号信很重要，邮递员准时放它进了信箱。,[],0,True,False
T0147,BA_有语境_200,有语境,BA-preferred,2,空间位移,24,BA-SD-024,BA-CTX-SD-024,1,BA,preferred,大家吃完晚饭后，懂事的妹妹主动帮忙,把那几个空碗端进去了,大家吃完晚饭后，懂事的妹妹主动帮忙把那几个空碗端进去了。,大家吃完晚饭后，懂事的妹妹主动帮忙,懂事的妹妹主动帮忙,,False,felicitous,大家吃完晚饭后，懂事的妹妹主动帮忙把那几个空碗端进去了。,大家吃完晚饭后，懂事的妹妹主动帮忙把那几个空碗端进去了。,[],0,True,False
T0148,BA_有语境_200,有语境,BA-preferred,2,空间位移,24,BA-SD-024,BA-CTX-SD-024,2,SVO,non-preferred,大家吃完晚饭后，懂事的妹妹主动帮忙,端进去了那几个空碗,大家吃完晚饭后，懂事的妹妹主动帮忙端进去了那几个空碗。,大家吃完晚饭后，懂事的妹妹主动帮忙,懂事的妹妹主动帮忙,,True,infelicitous,大家吃完晚饭后，懂事的妹妹主动帮忙端进去了那几个空碗。,大家吃完晚饭后，懂事的妹妹主动帮忙端进去了那几个空碗。,[],0,True,False
T0149,BA_有语境_200,有语境,BA-preferred,2,空间位移,25,BA-SD-025,BA-CTX-SD-025,1,BA,preferred,那几本书实在太重了，我帮你,把它们拿上车吧,那几本书实在太重了，我帮你把它们拿上车吧。,那几本书实在太重了，我帮你,我帮你,,False,felicitous,那几本书实在太重了，我帮你把它们拿上车吧。,那几本书实在太重了，我帮你把它们拿上车吧。,[],0,True,False
T0150,BA_有语境_200,有语境,BA-preferred,2,空间位移,25,BA-SD-025,BA-CTX-SD-025,2,SVO,non-preferred,那几本书实在太重了，我帮你,拿它们上车吧,那几本书实在太重了，我帮你拿它们上车吧。,那几本书实在太重了，我帮你,我帮你,,True,infelicitous,那几本书实在太重了，我帮你拿它们上车吧。,那几本书实在太重了，我帮你拿它们上车吧。,[],0,True,False
T0151,BA_有语境_200,有语境,BA-preferred,2,空间位移,26,BA-SD-026,BA-CTX-SD-026,1,BA,preferred,听到老师的脚步声，正在玩游戏的同学赶紧,把那个手机藏起来了,听到老师的脚步声，正在玩游戏的同学赶紧把那个手机藏起来了。,听到老师的脚步声，正在玩游戏的同学赶紧,正在玩游戏的同学赶紧,,False,felicitous,听到老师的脚步声，正在玩游戏的同学赶紧把那个手机藏起来了。,听到老师的脚步声，正在玩游戏的同学赶紧把那个手机藏起来了。,[],0,True,False
T0152,BA_有语境_200,有语境,BA-preferred,2,空间位移,26,BA-SD-026,BA-CTX-SD-026,2,SVO,non-preferred,听到老师的脚步声，正在玩游戏的同学赶紧,藏起来了那个手机,听到老师的脚步声，正在玩游戏的同学赶紧藏起来了那个手机。,听到老师的脚步声，正在玩游戏的同学赶紧,正在玩游戏的同学赶紧,,True,infelicitous,听到老师的脚步声，正在玩游戏的同学赶紧藏起来了那个手机。,听到老师的脚步声，正在玩游戏的同学赶紧藏起来了那个手机。,[],0,True,False
T0153,BA_有语境_200,有语境,BA-preferred,2,空间位移,27,BA-SD-027,BA-CTX-SD-027,1,BA,preferred,办公室里的那台旧打印机坏了，刚才管理员,把那台打印机搬走了,办公室里的那台旧打印机坏了，刚才管理员把那台打印机搬走了。,办公室里的那台旧打印机坏了，刚才管理员,刚才管理员,,False,felicitous,办公室里的那台旧打印机坏了，刚才管理员把那台打印机搬走了。,办公室里的那台旧打印机坏了，刚才管理员把那台打印机搬走了。,[],0,True,False
T0154,BA_有语境_200,有语境,BA-preferred,2,空间位移,27,BA-SD-027,BA-CTX-SD-027,2,SVO,non-preferred,办公室里的那台旧打印机坏了，刚才管理员,搬走了那台打印机,办公室里的那台旧打印机坏了，刚才管理员搬走了那台打印机。,办公室里的那台旧打印机坏了，刚才管理员,刚才管理员,,True,infelicitous,办公室里的那台旧打印机坏了，刚才管理员搬走了那台打印机。,办公室里的那台旧打印机坏了，刚才管理员搬走了那台打印机。,[],0,True,False
T0155,BA_有语境_200,有语境,BA-preferred,2,空间位移,28,BA-SD-028,BA-CTX-SD-028,1,BA,preferred,天气突然变热了，我,把那件裙子拿出来了,天气突然变热了，我把那件裙子拿出来了。,天气突然变热了，我,我,,False,felicitous,天气突然变热了，我把那件裙子拿出来了。,天气突然变热了，我把那件裙子拿出来了。,[],0,True,False
T0156,BA_有语境_200,有语境,BA-preferred,2,空间位移,28,BA-SD-028,BA-CTX-SD-028,2,SVO,non-preferred,天气突然变热了，我,拿出了那件裙子,天气突然变热了，我拿出了那件裙子。,天气突然变热了，我,我,,True,infelicitous,天气突然变热了，我拿出了那件裙子。,天气突然变热了，我拿出了那件裙子。,[],0,True,False
T0157,BA_有语境_200,有语境,BA-preferred,2,空间位移,29,BA-SD-029,BA-CTX-SD-029,1,BA,preferred,快递员递给我一个大包裹，我就,把那个包裹收下了,快递员递给我一个大包裹，我就把那个包裹收下了。,快递员递给我一个大包裹，我就,我就,,False,felicitous,快递员递给我一个大包裹，我就把那个包裹收下了。,快递员递给我一个大包裹，我就把那个包裹收下了。,[],0,True,False
T0158,BA_有语境_200,有语境,BA-preferred,2,空间位移,29,BA-SD-029,BA-CTX-SD-029,2,SVO,non-preferred,快递员递给我一个大包裹，我就,收下了那个包裹,快递员递给我一个大包裹，我就收下了那个包裹。,快递员递给我一个大包裹，我就,我就,,True,infelicitous,快递员递给我一个大包裹，我就收下了那个包裹。,快递员递给我一个大包裹，我就收下了那个包裹。,[],0,True,False
T0159,BA_有语境_200,有语境,BA-preferred,2,空间位移,30,BA-SD-030,BA-CTX-SD-030,1,BA,preferred,课桌上堆了很多书，他为了腾出地方写作业，就,把那几本书拿开了,课桌上堆了很多书，他为了腾出地方写作业，就把那几本书拿开了。,课桌上堆了很多书，他为了腾出地方写作业，就,他就,,False,felicitous,课桌上堆了很多书，他为了腾出地方写作业，就把那几本书拿开了。,课桌上堆了很多书，他为了腾出地方写作业，就把那几本书拿开了。,[],0,True,False
T0160,BA_有语境_200,有语境,BA-preferred,2,空间位移,30,BA-SD-030,BA-CTX-SD-030,2,SVO,non-preferred,课桌上堆了很多书，他为了腾出地方写作业，就,拿开了那几本书,课桌上堆了很多书，他为了腾出地方写作业，就拿开了那几本书。,课桌上堆了很多书，他为了腾出地方写作业，就,他就,,True,infelicitous,课桌上堆了很多书，他为了腾出地方写作业，就拿开了那几本书。,课桌上堆了很多书，他为了腾出地方写作业，就拿开了那几本书。,[],0,True,False
T0161,BA_有语境_200,有语境,BA-preferred,2,空间位移,31,BA-SD-031,BA-CTX-SD-031,1,BA,preferred,桌子上的书太乱了，我刚才,把它们收起来了,桌子上的书太乱了，我刚才把它们收起来了。,桌子上的书太乱了，我刚才,我刚才,,False,felicitous,桌子上的书太乱了，我刚才把它们收起来了。,桌子上的书太乱了，我刚才把它们收起来了。,[],0,True,False
T0162,BA_有语境_200,有语境,BA-preferred,2,空间位移,31,BA-SD-031,BA-CTX-SD-031,2,SVO,non-preferred,桌子上的书太乱了，我刚才,收起它们来了,桌子上的书太乱了，我刚才收起它们来了。,桌子上的书太乱了，我刚才,我刚才,,True,infelicitous,桌子上的书太乱了，我刚才收起它们来了。,桌子上的书太乱了，我刚才收起它们来了。,[],0,True,False
T0163,BA_有语境_200,有语境,BA-preferred,2,空间位移,32,BA-SD-032,BA-CTX-SD-032,1,BA,preferred,刚放学回家，他一进门就觉得非常累，马上,把那个沉重的书包放下了,刚放学回家，他一进门就觉得非常累，马上把那个沉重的书包放下了。,刚放学回家，他一进门就觉得非常累，马上,他马上,,False,felicitous,刚放学回家，他一进门就觉得非常累，马上把那个沉重的书包放下了。,刚放学回家，他一进门就觉得非常累，马上把那个沉重的书包放下了。,[],0,True,False
T0164,BA_有语境_200,有语境,BA-preferred,2,空间位移,32,BA-SD-032,BA-CTX-SD-032,2,SVO,non-preferred,刚放学回家，他一进门就觉得非常累，马上,放下了那个沉重的书包,刚放学回家，他一进门就觉得非常累，马上放下了那个沉重的书包。,刚放学回家，他一进门就觉得非常累，马上,他马上,,True,infelicitous,刚放学回家，他一进门就觉得非常累，马上放下了那个沉重的书包。,刚放学回家，他一进门就觉得非常累，马上放下了那个沉重的书包。,[],0,True,False
T0165,BA_有语境_200,有语境,BA-preferred,2,空间位移,33,BA-SD-033,BA-CTX-SD-033,1,BA,preferred,桌子上的这幅画很漂亮，爸爸决定明天,把它挂起来,桌子上的这幅画很漂亮，爸爸决定明天把它挂起来。,桌子上的这幅画很漂亮，爸爸决定明天,爸爸决定明天,,False,felicitous,桌子上的这幅画很漂亮，爸爸决定明天把它挂起来。,桌子上的这幅画很漂亮，爸爸决定明天把它挂起来。,[],0,True,False
T0166,BA_有语境_200,有语境,BA-preferred,2,空间位移,33,BA-SD-033,BA-CTX-SD-033,2,SVO,non-preferred,桌子上的这幅画很漂亮，爸爸决定明天,挂起它来,桌子上的这幅画很漂亮，爸爸决定明天挂起它来。,桌子上的这幅画很漂亮，爸爸决定明天,爸爸决定明天,,True,infelicitous,桌子上的这幅画很漂亮，爸爸决定明天挂起它来。,桌子上的这幅画很漂亮，爸爸决定明天挂起它来。,[],0,True,False
T0167,BA_有语境_200,有语境,BA-preferred,2,空间位移,34,BA-SD-034,BA-CTX-SD-034,1,BA,preferred,昨天天气非常晴朗，奶奶一大早就打开门,把那床厚被子抱出去了,昨天天气非常晴朗，奶奶一大早就打开门把那床厚被子抱出去了。,昨天天气非常晴朗，奶奶一大早就打开门,奶奶一大早就打开门,,False,felicitous,昨天天气非常晴朗，奶奶一大早就打开门把那床厚被子抱出去了。,昨天天气非常晴朗，奶奶一大早就打开门把那床厚被子抱出去了。,[],0,True,False
T0168,BA_有语境_200,有语境,BA-preferred,2,空间位移,34,BA-SD-034,BA-CTX-SD-034,2,SVO,non-preferred,昨天天气非常晴朗，奶奶一大早就打开门,抱出去了那床厚被子,昨天天气非常晴朗，奶奶一大早就打开门抱出去了那床厚被子。,昨天天气非常晴朗，奶奶一大早就打开门,奶奶一大早就打开门,,True,infelicitous,昨天天气非常晴朗，奶奶一大早就打开门抱出去了那床厚被子。,昨天天气非常晴朗，奶奶一大早就打开门抱出去了那床厚被子。,[],0,True,False
T0169,BA_有语境_200,有语境,BA-preferred,2,空间位移,35,BA-SD-035,BA-CTX-SD-035,1,BA,preferred,口袋里的硬币掉出来了，我捡起来，又,把它装回去了,口袋里的硬币掉出来了，我捡起来，又把它装回去了。,口袋里的硬币掉出来了，我捡起来，又,我又,,False,felicitous,口袋里的硬币掉出来了，我捡起来，又把它装回去了。,口袋里的硬币掉出来了，我捡起来，又把它装回去了。,[],0,True,False
T0170,BA_有语境_200,有语境,BA-preferred,2,空间位移,35,BA-SD-035,BA-CTX-SD-035,2,SVO,non-preferred,口袋里的硬币掉出来了，我捡起来，又,装它回去了,口袋里的硬币掉出来了，我捡起来，又装它回去了。,口袋里的硬币掉出来了，我捡起来，又,我又,,True,infelicitous,口袋里的硬币掉出来了，我捡起来，又装它回去了。,口袋里的硬币掉出来了，我捡起来，又装它回去了。,[],0,True,False
T0171,BA_有语境_200,有语境,BA-preferred,2,空间位移,36,BA-SD-036,BA-CTX-SD-036,1,BA,preferred,墙角的那盆花因为没有阳光快要枯萎了，我赶紧,把那盆花移出来了,墙角的那盆花因为没有阳光快要枯萎了，我赶紧把那盆花移出来了。,墙角的那盆花因为没有阳光快要枯萎了，我赶紧,我赶紧,,False,felicitous,墙角的那盆花因为没有阳光快要枯萎了，我赶紧把那盆花移出来了。,墙角的那盆花因为没有阳光快要枯萎了，我赶紧把那盆花移出来了。,[],0,True,False
T0172,BA_有语境_200,有语境,BA-preferred,2,空间位移,36,BA-SD-036,BA-CTX-SD-036,2,SVO,non-preferred,墙角的那盆花因为没有阳光快要枯萎了，我赶紧,移出来了那盆花,墙角的那盆花因为没有阳光快要枯萎了，我赶紧移出来了那盆花。,墙角的那盆花因为没有阳光快要枯萎了，我赶紧,我赶紧,,True,infelicitous,墙角的那盆花因为没有阳光快要枯萎了，我赶紧移出来了那盆花。,墙角的那盆花因为没有阳光快要枯萎了，我赶紧移出来了那盆花。,[],0,True,False
T0173,BA_有语境_200,有语境,BA-preferred,2,空间位移,37,BA-SD-037,BA-CTX-SD-037,1,BA,preferred,这盆花需要阳光，今天早上我,把它搬到阳台上了,这盆花需要阳光，今天早上我把它搬到阳台上了。,这盆花需要阳光，今天早上我,今天早上我,,False,felicitous,这盆花需要阳光，今天早上我把它搬到阳台上了。,这盆花需要阳光，今天早上我把它搬到阳台上了。,[],0,True,False
T0174,BA_有语境_200,有语境,BA-preferred,2,空间位移,37,BA-SD-037,BA-CTX-SD-037,2,SVO,non-preferred,这盆花需要阳光，今天早上我,搬它到阳台上了,这盆花需要阳光，今天早上我搬它到阳台上了。,这盆花需要阳光，今天早上我,今天早上我,,True,infelicitous,这盆花需要阳光，今天早上我搬它到阳台上了。,这盆花需要阳光，今天早上我搬它到阳台上了。,[],0,True,False
T0175,BA_有语境_200,有语境,BA-preferred,2,空间位移,38,BA-SD-038,BA-CTX-SD-038,1,BA,preferred,银行卡掉在了沙发缝里，我找了半天，终于伸手,把那张银行卡拿出来了,银行卡掉在了沙发缝里，我找了半天，终于伸手把那张银行卡拿出来了。,银行卡掉在了沙发缝里，我找了半天，终于伸手,我终于伸手,,False,felicitous,银行卡掉在了沙发缝里，我找了半天，终于伸手把那张银行卡拿出来了。,银行卡掉在了沙发缝里，我找了半天，终于伸手把那张银行卡拿出来了。,[],0,True,False
T0176,BA_有语境_200,有语境,BA-preferred,2,空间位移,38,BA-SD-038,BA-CTX-SD-038,2,SVO,non-preferred,银行卡掉在了沙发缝里，我找了半天，终于伸手,拿出来了那张银行卡,银行卡掉在了沙发缝里，我找了半天，终于伸手拿出来了那张银行卡。,银行卡掉在了沙发缝里，我找了半天，终于伸手,我终于伸手,,True,infelicitous,银行卡掉在了沙发缝里，我找了半天，终于伸手拿出来了那张银行卡。,银行卡掉在了沙发缝里，我找了半天，终于伸手拿出来了那张银行卡。,[],0,True,False
T0177,BA_有语境_200,有语境,BA-preferred,2,空间位移,39,BA-SD-039,BA-CTX-SD-039,1,BA,preferred,抽屉里的那份合同很重要，我,把它拿出来了,抽屉里的那份合同很重要，我把它拿出来了。,抽屉里的那份合同很重要，我,我,,False,felicitous,抽屉里的那份合同很重要，我把它拿出来了。,抽屉里的那份合同很重要，我把它拿出来了。,[],0,True,False
T0178,BA_有语境_200,有语境,BA-preferred,2,空间位移,39,BA-SD-039,BA-CTX-SD-039,2,SVO,non-preferred,抽屉里的那份合同很重要，我,拿出它来了,抽屉里的那份合同很重要，我拿出它来了。,抽屉里的那份合同很重要，我,我,,True,infelicitous,抽屉里的那份合同很重要，我拿出它来了。,抽屉里的那份合同很重要，我拿出它来了。,[],0,True,False
T0179,BA_有语境_200,有语境,BA-preferred,2,空间位移,40,BA-SD-040,BA-CTX-SD-040,1,BA,preferred,厨房里的垃圾味道太大了，我早上出门去上班时顺便,把那袋垃圾带出去了,厨房里的垃圾味道太大了，我早上出门去上班时顺便把那袋垃圾带出去了。,厨房里的垃圾味道太大了，我早上出门去上班时顺便,我早上出门去上班时顺便,,False,felicitous,厨房里的垃圾味道太大了，我早上出门去上班时顺便把那袋垃圾带出去了。,厨房里的垃圾味道太大了，我早上出门去上班时顺便把那袋垃圾带出去了。,[],0,True,False
T0180,BA_有语境_200,有语境,BA-preferred,2,空间位移,40,BA-SD-040,BA-CTX-SD-040,2,SVO,non-preferred,厨房里的垃圾味道太大了，我早上出门去上班时顺便,带出去了那袋垃圾,厨房里的垃圾味道太大了，我早上出门去上班时顺便带出去了那袋垃圾。,厨房里的垃圾味道太大了，我早上出门去上班时顺便,我早上出门去上班时顺便,,True,infelicitous,厨房里的垃圾味道太大了，我早上出门去上班时顺便带出去了那袋垃圾。,厨房里的垃圾味道太大了，我早上出门去上班时顺便带出去了那袋垃圾。,[],0,True,False
T0181,BA_有语境_200,有语境,BA-preferred,2,空间位移,41,BA-SD-041,BA-CTX-SD-041,1,BA,preferred,门口的那袋垃圾发臭了，我上班时顺手,把它带下楼了,门口的那袋垃圾发臭了，我上班时顺手把它带下楼了。,门口的那袋垃圾发臭了，我上班时顺手,我上班时顺手,,False,felicitous,门口的那袋垃圾发臭了，我上班时顺手把它带下楼了。,门口的那袋垃圾发臭了，我上班时顺手把它带下楼了。,[],0,True,False
T0182,BA_有语境_200,有语境,BA-preferred,2,空间位移,41,BA-SD-041,BA-CTX-SD-041,2,SVO,non-preferred,门口的那袋垃圾发臭了，我上班时顺手,带它下楼了,门口的那袋垃圾发臭了，我上班时顺手带它下楼了。,门口的那袋垃圾发臭了，我上班时顺手,我上班时顺手,,True,infelicitous,门口的那袋垃圾发臭了，我上班时顺手带它下楼了。,门口的那袋垃圾发臭了，我上班时顺手带它下楼了。,[],0,True,False
T0183,BA_有语境_200,有语境,BA-preferred,2,空间位移,42,BA-SD-042,BA-CTX-SD-042,1,BA,preferred,这些明信片是给朋友的，我明天去邮局,把它们寄出去,这些明信片是给朋友的，我明天去邮局把它们寄出去。,这些明信片是给朋友的，我明天去邮局,我明天去邮局,,False,felicitous,这些明信片是给朋友的，我明天去邮局把它们寄出去。,这些明信片是给朋友的，我明天去邮局把它们寄出去。,[],0,True,False
T0184,BA_有语境_200,有语境,BA-preferred,2,空间位移,42,BA-SD-042,BA-CTX-SD-042,2,SVO,non-preferred,这些明信片是给朋友的，我明天去邮局,寄出去它们,这些明信片是给朋友的，我明天去邮局寄出去它们。,这些明信片是给朋友的，我明天去邮局,我明天去邮局,,True,infelicitous,这些明信片是给朋友的，我明天去邮局寄出去它们。,这些明信片是给朋友的，我明天去邮局寄出去它们。,[],0,True,False
T0185,BA_有语境_200,有语境,BA-preferred,2,空间位移,43,BA-SD-043,BA-CTX-SD-043,1,BA,preferred,今天外面的阳光特别好，爷爷走到客厅，慢慢地,把那把旧椅子搬出去了,今天外面的阳光特别好，爷爷走到客厅，慢慢地把那把旧椅子搬出去了。,今天外面的阳光特别好，爷爷走到客厅，慢慢地,爷爷慢慢地,,False,felicitous,今天外面的阳光特别好，爷爷走到客厅，慢慢地把那把旧椅子搬出去了。,今天外面的阳光特别好，爷爷走到客厅，慢慢地把那把旧椅子搬出去了。,[],0,True,False
T0186,BA_有语境_200,有语境,BA-preferred,2,空间位移,43,BA-SD-043,BA-CTX-SD-043,2,SVO,non-preferred,今天外面的阳光特别好，爷爷走到客厅，慢慢地,搬出去了那把旧椅子,今天外面的阳光特别好，爷爷走到客厅，慢慢地搬出去了那把旧椅子。,今天外面的阳光特别好，爷爷走到客厅，慢慢地,爷爷慢慢地,,True,infelicitous,今天外面的阳光特别好，爷爷走到客厅，慢慢地搬出去了那把旧椅子。,今天外面的阳光特别好，爷爷走到客厅，慢慢地搬出去了那把旧椅子。,[],0,True,False
T0187,BA_有语境_200,有语境,BA-preferred,2,空间位移,44,BA-SD-044,BA-CTX-SD-044,1,BA,preferred,护照是非常重要的东西，你一定要,把它收好,护照是非常重要的东西，你一定要把它收好。,护照是非常重要的东西，你一定要,你一定要,,False,felicitous,护照是非常重要的东西，你一定要把它收好。,护照是非常重要的东西，你一定要把它收好。,[],0,True,False
T0188,BA_有语境_200,有语境,BA-preferred,2,空间位移,44,BA-SD-044,BA-CTX-SD-044,2,SVO,non-preferred,护照是非常重要的东西，你一定要,收好它,护照是非常重要的东西，你一定要收好它。,护照是非常重要的东西，你一定要,你一定要,,True,infelicitous,护照是非常重要的东西，你一定要收好它。,护照是非常重要的东西，你一定要收好它。,[],0,True,False
T0189,BA_有语境_200,有语境,BA-preferred,2,空间位移,45,BA-SD-045,BA-CTX-SD-045,1,BA,preferred,黑板擦不见了，原来是有同学下课后,把它拿走了,黑板擦不见了，原来是有同学下课后把它拿走了。,黑板擦不见了，原来是有同学下课后,原来是有同学下课后,,False,felicitous,黑板擦不见了，原来是有同学下课后把它拿走了。,黑板擦不见了，原来是有同学下课后把它拿走了。,[],0,True,False
T0190,BA_有语境_200,有语境,BA-preferred,2,空间位移,45,BA-SD-045,BA-CTX-SD-045,2,SVO,non-preferred,黑板擦不见了，原来是有同学下课后,拿走它了,黑板擦不见了，原来是有同学下课后拿走它了。,黑板擦不见了，原来是有同学下课后,原来是有同学下课后,,True,infelicitous,黑板擦不见了，原来是有同学下课后拿走它了。,黑板擦不见了，原来是有同学下课后拿走它了。,[],0,True,False
T0191,BA_有语境_200,有语境,BA-preferred,2,空间位移,46,BA-SD-046,BA-CTX-SD-046,1,BA,preferred,冰箱门没关紧，我走过去轻轻地,把它推上了,冰箱门没关紧，我走过去轻轻地把它推上了。,冰箱门没关紧，我走过去轻轻地,我走过去轻轻地,,False,felicitous,冰箱门没关紧，我走过去轻轻地把它推上了。,冰箱门没关紧，我走过去轻轻地把它推上了。,[],0,True,False
T0192,BA_有语境_200,有语境,BA-preferred,2,空间位移,46,BA-SD-046,BA-CTX-SD-046,2,SVO,non-preferred,冰箱门没关紧，我走过去轻轻地,推上了它,冰箱门没关紧，我走过去轻轻地推上了它。,冰箱门没关紧，我走过去轻轻地,我走过去轻轻地,,True,infelicitous,冰箱门没关紧，我走过去轻轻地推上了它。,冰箱门没关紧，我走过去轻轻地推上了它。,[],0,True,False
T0193,BA_有语境_200,有语境,BA-preferred,2,空间位移,47,BA-SD-047,BA-CTX-SD-047,1,BA,preferred,那个大纸箱挡在走廊中间，非常危险，我叫同事帮忙,把那个大箱子推开了,那个大纸箱挡在走廊中间，非常危险，我叫同事帮忙把那个大箱子推开了。,那个大纸箱挡在走廊中间，非常危险，我叫同事帮忙,我叫同事帮忙,,False,felicitous,那个大纸箱挡在走廊中间，非常危险，我叫同事帮忙把那个大箱子推开了。,那个大纸箱挡在走廊中间，非常危险，我叫同事帮忙把那个大箱子推开了。,[],0,True,False
T0194,BA_有语境_200,有语境,BA-preferred,2,空间位移,47,BA-SD-047,BA-CTX-SD-047,2,SVO,non-preferred,那个大纸箱挡在走廊中间，非常危险，我叫同事帮忙,推开了那个大箱子,那个大纸箱挡在走廊中间，非常危险，我叫同事帮忙推开了那个大箱子。,那个大纸箱挡在走廊中间，非常危险，我叫同事帮忙,我叫同事帮忙,,True,infelicitous,那个大纸箱挡在走廊中间，非常危险，我叫同事帮忙推开了那个大箱子。,那个大纸箱挡在走廊中间，非常危险，我叫同事帮忙推开了那个大箱子。,[],0,True,False
T0195,BA_有语境_200,有语境,BA-preferred,2,空间位移,48,BA-SD-048,BA-CTX-SD-048,1,BA,preferred,这个广告牌在路边很容易挡住视线，警察昨天,把它拆下来了,这个广告牌在路边很容易挡住视线，警察昨天把它拆下来了。,这个广告牌在路边很容易挡住视线，警察昨天,警察昨天,,False,felicitous,这个广告牌在路边很容易挡住视线，警察昨天把它拆下来了。,这个广告牌在路边很容易挡住视线，警察昨天把它拆下来了。,[],0,True,False
T0196,BA_有语境_200,有语境,BA-preferred,2,空间位移,48,BA-SD-048,BA-CTX-SD-048,2,SVO,non-preferred,这个广告牌在路边很容易挡住视线，警察昨天,拆下它来了,这个广告牌在路边很容易挡住视线，警察昨天拆下它来了。,这个广告牌在路边很容易挡住视线，警察昨天,警察昨天,,True,infelicitous,这个广告牌在路边很容易挡住视线，警察昨天拆下它来了。,这个广告牌在路边很容易挡住视线，警察昨天拆下它来了。,[],0,True,False
T0197,BA_有语境_200,有语境,BA-preferred,2,空间位移,49,BA-SD-049,BA-CTX-SD-049,1,BA,preferred,盘子里的那些菜太远了，你能帮忙,把它端过来吗,盘子里的那些菜太远了，你能帮忙把它端过来吗？,盘子里的那些菜太远了，你能帮忙,你能帮忙,,False,felicitous,盘子里的那些菜太远了，你能帮忙把它端过来吗？,盘子里的那些菜太远了，你能帮忙把它端过来吗？,[],0,True,False
T0198,BA_有语境_200,有语境,BA-preferred,2,空间位移,49,BA-SD-049,BA-CTX-SD-049,2,SVO,non-preferred,盘子里的那些菜太远了，你能帮忙,端它过来吗,盘子里的那些菜太远了，你能帮忙端它过来吗？,盘子里的那些菜太远了，你能帮忙,你能帮忙,,True,infelicitous,盘子里的那些菜太远了，你能帮忙端它过来吗？,盘子里的那些菜太远了，你能帮忙端它过来吗？,[],0,True,False
T0199,BA_有语境_200,有语境,BA-preferred,2,空间位移,50,BA-SD-050,BA-CTX-SD-050,1,BA,preferred,你的外套掉在客厅地上了，我顺手,把它挂到门后了,你的外套掉在客厅地上了，我顺手把它挂到门后了。,你的外套掉在客厅地上了，我顺手,我顺手,,False,felicitous,你的外套掉在客厅地上了，我顺手把它挂到门后了。,你的外套掉在客厅地上了，我顺手把它挂到门后了。,[],0,True,False
T0200,BA_有语境_200,有语境,BA-preferred,2,空间位移,50,BA-SD-050,BA-CTX-SD-050,2,SVO,non-preferred,你的外套掉在客厅地上了，我顺手,挂到门后了,你的外套掉在客厅地上了，我顺手挂到门后了。,你的外套掉在客厅地上了，我顺手,我顺手,,True,infelicitous,你的外套掉在客厅地上了，我顺手挂到门后了。,你的外套掉在客厅地上了，我顺手挂到门后了。,[],0,True,False
T0201,SVO_有语境_200,有语境,SVO-preferred,1,习惯性动作与泛指,1,SVO-HG-001,SVO-CTX-HG-001,1,BA,non-preferred,弟弟非常喜欢运动，每天下午都去操场,把足球踢了,弟弟非常喜欢运动，每天下午都去操场把足球踢了。,弟弟非常喜欢运动，每天下午都去操场,弟弟每天下午都去操场,,True,infelicitous,弟弟非常喜欢运动，每天下午都去操场把足球踢了。,弟弟非常喜欢运动，每天下午都去操场把足球踢了。,[],0,True,False
T0202,SVO_有语境_200,有语境,SVO-preferred,1,习惯性动作与泛指,1,SVO-HG-001,SVO-CTX-HG-001,2,SVO,preferred,弟弟非常喜欢运动，每天下午都去操场,踢足球,弟弟非常喜欢运动，每天下午都去操场踢足球。,弟弟非常喜欢运动，每天下午都去操场,弟弟每天下午都去操场,,False,felicitous,弟弟非常喜欢运动，每天下午都去操场踢足球。,弟弟非常喜欢运动，每天下午都去操场踢足球。,[],0,True,False
T0203,SVO_有语境_200,有语境,SVO-preferred,1,习惯性动作与泛指,2,SVO-HG-002,SVO-CTX-HG-002,1,BA,non-preferred,老板每天到办公室以后，都会先在桌子前,把咖啡喝了,老板每天到办公室以后，都会先在桌子前把咖啡喝了。,老板每天到办公室以后，都会先在桌子前,老板每天到办公室以后都会先在桌子前,,True,infelicitous,老板每天到办公室以后，都会先在桌子前把咖啡喝了。,老板每天到办公室以后，都会先在桌子前把咖啡喝了。,[],0,True,False
T0204,SVO_有语境_200,有语境,SVO-preferred,1,习惯性动作与泛指,2,SVO-HG-002,SVO-CTX-HG-002,2,SVO,preferred,老板每天到办公室以后，都会先在桌子前,喝咖啡,老板每天到办公室以后，都会先在桌子前喝咖啡。,老板每天到办公室以后，都会先在桌子前,老板每天到办公室以后都会先在桌子前,,False,felicitous,老板每天到办公室以后，都会先在桌子前喝咖啡。,老板每天到办公室以后，都会先在桌子前喝咖啡。,[],0,True,False
T0205,SVO_有语境_200,有语境,SVO-preferred,1,习惯性动作与泛指,3,SVO-HG-003,SVO-CTX-HG-003,1,BA,non-preferred,她很喜欢阅读，她回家的第一件事就是坐在沙发上,把书看了,她很喜欢阅读，她回家的第一件事就是坐在沙发上把书看了。,她很喜欢阅读，她回家的第一件事就是坐在沙发上,她回家的第一件事就是坐在沙发上,,True,infelicitous,她很喜欢阅读，她回家的第一件事就是坐在沙发上把书看了。,她很喜欢阅读，她回家的第一件事就是坐在沙发上把书看了。,[],0,True,False
T0206,SVO_有语境_200,有语境,SVO-preferred,1,习惯性动作与泛指,3,SVO-HG-003,SVO-CTX-HG-003,2,SVO,preferred,她很喜欢阅读，她回家的第一件事就是坐在沙发上,看书,她很喜欢阅读，她回家的第一件事就是坐在沙发上看书。,她很喜欢阅读，她回家的第一件事就是坐在沙发上,她回家的第一件事就是坐在沙发上,,False,felicitous,她很喜欢阅读，她回家的第一件事就是坐在沙发上看书。,她很喜欢阅读，她回家的第一件事就是坐在沙发上看书。,[],0,True,False
T0207,SVO_有语境_200,有语境,SVO-preferred,1,习惯性动作与泛指,4,SVO-HG-004,SVO-CTX-HG-004,1,BA,non-preferred,每天中午十二点，工厂的工人们都会准时去食堂,把午饭吃了,每天中午十二点，工厂的工人们都会准时去食堂把午饭吃了。,每天中午十二点，工厂的工人们都会准时去食堂,工人们每天中午十二点都会准时去食堂,,True,infelicitous,每天中午十二点，工厂的工人们都会准时去食堂把午饭吃了。,每天中午十二点，工厂的工人们都会准时去食堂把午饭吃了。,[],0,True,False
T0208,SVO_有语境_200,有语境,SVO-preferred,1,习惯性动作与泛指,4,SVO-HG-004,SVO-CTX-HG-004,2,SVO,preferred,每天中午十二点，工厂的工人们都会准时去食堂,吃午饭,每天中午十二点，工厂的工人们都会准时去食堂吃午饭。,每天中午十二点，工厂的工人们都会准时去食堂,工人们每天中午十二点都会准时去食堂,,False,felicitous,每天中午十二点，工厂的工人们都会准时去食堂吃午饭。,每天中午十二点，工厂的工人们都会准时去食堂吃午饭。,[],0,True,False
T0209,SVO_有语境_200,有语境,SVO-preferred,1,习惯性动作与泛指,5,SVO-HG-005,SVO-CTX-HG-005,1,BA,non-preferred,这所学校的管理很严格，老师要求学生们要大声地,把课文读了,这所学校的管理很严格，老师要求学生们要大声地把课文读了。,这所学校的管理很严格，老师要求学生们要大声地,学生们要大声地,,True,infelicitous,这所学校的管理很严格，老师要求学生们要大声地把课文读了。,这所学校的管理很严格，老师要求学生们要大声地把课文读了。,[],0,True,False
T0210,SVO_有语境_200,有语境,SVO-preferred,1,习惯性动作与泛指,5,SVO-HG-005,SVO-CTX-HG-005,2,SVO,preferred,这所学校的管理很严格，老师要求学生们要大声地,读课文,这所学校的管理很严格，老师要求学生们要大声地读课文。,这所学校的管理很严格，老师要求学生们要大声地,学生们要大声地,,False,felicitous,这所学校的管理很严格，老师要求学生们要大声地读课文。,这所学校的管理很严格，老师要求学生们要大声地读课文。,[],0,True,False
T0211,SVO_有语境_200,有语境,SVO-preferred,1,习惯性动作与泛指,6,SVO-HG-006,SVO-CTX-HG-006,1,BA,non-preferred,我平时不爱喝饮料，只,把白开水喝了,我平时不爱喝饮料，只把白开水喝了。,我平时不爱喝饮料，只,我只,,True,infelicitous,我平时不爱喝饮料，只把白开水喝了。,我平时不爱喝饮料，只把白开水喝了。,[],0,True,False
T0212,SVO_有语境_200,有语境,SVO-preferred,1,习惯性动作与泛指,6,SVO-HG-006,SVO-CTX-HG-006,2,SVO,preferred,我平时不爱喝饮料，只,喝白开水,我平时不爱喝饮料，只喝白开水。,我平时不爱喝饮料，只,我只,,False,felicitous,我平时不爱喝饮料，只喝白开水。,我平时不爱喝饮料，只喝白开水。,[],0,True,False
T0213,SVO_有语境_200,有语境,SVO-preferred,1,习惯性动作与泛指,7,SVO-HG-007,SVO-CTX-HG-007,1,BA,non-preferred,为了准备下个月的考试，他每天在图书馆,把单词背了,为了准备下个月的考试，他每天在图书馆把单词背了。,为了准备下个月的考试，他每天在图书馆,他每天在图书馆,,True,infelicitous,为了准备下个月的考试，他每天在图书馆把单词背了。,为了准备下个月的考试，他每天在图书馆把单词背了。,[],0,True,False
T0214,SVO_有语境_200,有语境,SVO-preferred,1,习惯性动作与泛指,7,SVO-HG-007,SVO-CTX-HG-007,2,SVO,preferred,为了准备下个月的考试，他每天在图书馆,背单词,为了准备下个月的考试，他每天在图书馆背单词。,为了准备下个月的考试，他每天在图书馆,他每天在图书馆,,False,felicitous,为了准备下个月的考试，他每天在图书馆背单词。,为了准备下个月的考试，他每天在图书馆背单词。,[],0,True,False
T0215,SVO_有语境_200,有语境,SVO-preferred,1,习惯性动作与泛指,8,SVO-HG-008,SVO-CTX-HG-008,1,BA,non-preferred,每天晚上睡觉以前，我都去卫生间,把牙刷了,每天晚上睡觉以前，我都去卫生间把牙刷了。,每天晚上睡觉以前，我都去卫生间,我每天晚上睡觉以前都去卫生间,,True,infelicitous,每天晚上睡觉以前，我都去卫生间把牙刷了。,每天晚上睡觉以前，我都去卫生间把牙刷了。,[],0,True,False
T0216,SVO_有语境_200,有语境,SVO-preferred,1,习惯性动作与泛指,8,SVO-HG-008,SVO-CTX-HG-008,2,SVO,preferred,每天晚上睡觉以前，我都去卫生间,刷牙,每天晚上睡觉以前，我都去卫生间刷牙。,每天晚上睡觉以前，我都去卫生间,我每天晚上睡觉以前都去卫生间,,False,felicitous,每天晚上睡觉以前，我都去卫生间刷牙。,每天晚上睡觉以前，我都去卫生间刷牙。,[],0,True,False
T0217,SVO_有语境_200,有语境,SVO-preferred,1,习惯性动作与泛指,9,SVO-HG-009,SVO-CTX-HG-009,1,BA,non-preferred,每个周末去公园的时候，奶奶总在湖边,把歌听了,每个周末去公园的时候，奶奶总在湖边把歌听了。,每个周末去公园的时候，奶奶总在湖边,奶奶每个周末去公园的时候总在湖边,,True,infelicitous,每个周末去公园的时候，奶奶总在湖边把歌听了。,每个周末去公园的时候，奶奶总在湖边把歌听了。,[],0,True,False
T0218,SVO_有语境_200,有语境,SVO-preferred,1,习惯性动作与泛指,9,SVO-HG-009,SVO-CTX-HG-009,2,SVO,preferred,每个周末去公园的时候，奶奶总在湖边,听歌,每个周末去公园的时候，奶奶总在湖边听歌。,每个周末去公园的时候，奶奶总在湖边,奶奶每个周末去公园的时候总在湖边,,False,felicitous,每个周末去公园的时候，奶奶总在湖边听歌。,每个周末去公园的时候，奶奶总在湖边听歌。,[],0,True,False
T0219,SVO_有语境_200,有语境,SVO-preferred,1,习惯性动作与泛指,10,SVO-HG-010,SVO-CTX-HG-010,1,BA,non-preferred,弟弟不开心的时候，喜欢在房间里,把吉他弹了,弟弟不开心的时候，喜欢在房间里把吉他弹了。,弟弟不开心的时候，喜欢在房间里,弟弟喜欢在房间里,,True,infelicitous,弟弟不开心的时候，喜欢在房间里把吉他弹了。,弟弟不开心的时候，喜欢在房间里把吉他弹了。,[],0,True,False
T0220,SVO_有语境_200,有语境,SVO-preferred,1,习惯性动作与泛指,10,SVO-HG-010,SVO-CTX-HG-010,2,SVO,preferred,弟弟不开心的时候，喜欢在房间里,弹吉他,弟弟不开心的时候，喜欢在房间里弹吉他。,弟弟不开心的时候，喜欢在房间里,弟弟喜欢在房间里,,False,felicitous,弟弟不开心的时候，喜欢在房间里弹吉他。,弟弟不开心的时候，喜欢在房间里弹吉他。,[],0,True,False
T0221,SVO_有语境_200,有语境,SVO-preferred,1,习惯性动作与泛指,11,SVO-HG-011,SVO-CTX-HG-011,1,BA,non-preferred,每天早上吃早饭的时候，弟弟都会,把牛奶喝了,每天早上吃早饭的时候，弟弟都会把牛奶喝了。,每天早上吃早饭的时候，弟弟都会,弟弟每天早上吃早饭的时候都会,,True,infelicitous,每天早上吃早饭的时候，弟弟都会把牛奶喝了。,每天早上吃早饭的时候，弟弟都会把牛奶喝了。,[],0,True,False
T0222,SVO_有语境_200,有语境,SVO-preferred,1,习惯性动作与泛指,11,SVO-HG-011,SVO-CTX-HG-011,2,SVO,preferred,每天早上吃早饭的时候，弟弟都会,喝牛奶,每天早上吃早饭的时候，弟弟都会喝牛奶。,每天早上吃早饭的时候，弟弟都会,弟弟每天早上吃早饭的时候都会,,False,felicitous,每天早上吃早饭的时候，弟弟都会喝牛奶。,每天早上吃早饭的时候，弟弟都会喝牛奶。,[],0,True,False
T0223,SVO_有语境_200,有语境,SVO-preferred,1,习惯性动作与泛指,12,SVO-HG-012,SVO-CTX-HG-012,1,BA,non-preferred,每天早上六点起床后，爷爷常常坐在院子里,把广播听了,每天早上六点起床后，爷爷常常坐在院子里把广播听了。,每天早上六点起床后，爷爷常常坐在院子里,爷爷每天早上六点起床后常常坐在院子里,,True,infelicitous,每天早上六点起床后，爷爷常常坐在院子里把广播听了。,每天早上六点起床后，爷爷常常坐在院子里把广播听了。,[],0,True,False
T0224,SVO_有语境_200,有语境,SVO-preferred,1,习惯性动作与泛指,12,SVO-HG-012,SVO-CTX-HG-012,2,SVO,preferred,每天早上六点起床后，爷爷常常坐在院子里,听广播,每天早上六点起床后，爷爷常常坐在院子里听广播。,每天早上六点起床后，爷爷常常坐在院子里,爷爷每天早上六点起床后常常坐在院子里,,False,felicitous,每天早上六点起床后，爷爷常常坐在院子里听广播。,每天早上六点起床后，爷爷常常坐在院子里听广播。,[],0,True,False
T0225,SVO_有语境_200,有语境,SVO-preferred,1,习惯性动作与泛指,13,SVO-HG-013,SVO-CTX-HG-013,1,BA,non-preferred,每天下班回家后，爸爸总是习惯坐在沙发上打开手机,把新闻看了,每天下班回家后，爸爸总是习惯坐在沙发上打开手机把新闻看了。,每天下班回家后，爸爸总是习惯坐在沙发上打开手机,爸爸每天下班回家后总是习惯坐在沙发上打开手机,,True,infelicitous,每天下班回家后，爸爸总是习惯坐在沙发上打开手机把新闻看了。,每天下班回家后，爸爸总是习惯坐在沙发上打开手机把新闻看了。,[],0,True,False
T0226,SVO_有语境_200,有语境,SVO-preferred,1,习惯性动作与泛指,13,SVO-HG-013,SVO-CTX-HG-013,2,SVO,preferred,每天下班回家后，爸爸总是习惯坐在沙发上打开手机,看新闻,每天下班回家后，爸爸总是习惯坐在沙发上打开手机看新闻。,每天下班回家后，爸爸总是习惯坐在沙发上打开手机,爸爸每天下班回家后总是习惯坐在沙发上打开手机,,False,felicitous,每天下班回家后，爸爸总是习惯坐在沙发上打开手机看新闻。,每天下班回家后，爸爸总是习惯坐在沙发上打开手机看新闻。,[],0,True,False
T0227,SVO_有语境_200,有语境,SVO-preferred,1,习惯性动作与泛指,14,SVO-HG-014,SVO-CTX-HG-014,1,BA,non-preferred,每天晚上睡觉前，妹妹都会坐在书桌前安静地,把日记写了,每天晚上睡觉前，妹妹都会坐在书桌前安静地把日记写了。,每天晚上睡觉前，妹妹都会坐在书桌前安静地,妹妹每天晚上睡觉前都会坐在书桌前安静地,,True,infelicitous,每天晚上睡觉前，妹妹都会坐在书桌前安静地把日记写了。,每天晚上睡觉前，妹妹都会坐在书桌前安静地把日记写了。,[],0,True,False
T0228,SVO_有语境_200,有语境,SVO-preferred,1,习惯性动作与泛指,14,SVO-HG-014,SVO-CTX-HG-014,2,SVO,preferred,每天晚上睡觉前，妹妹都会坐在书桌前安静地,写日记,每天晚上睡觉前，妹妹都会坐在书桌前安静地写日记。,每天晚上睡觉前，妹妹都会坐在书桌前安静地,妹妹每天晚上睡觉前都会坐在书桌前安静地,,False,felicitous,每天晚上睡觉前，妹妹都会坐在书桌前安静地写日记。,每天晚上睡觉前，妹妹都会坐在书桌前安静地写日记。,[],0,True,False
T0229,SVO_有语境_200,有语境,SVO-preferred,1,习惯性动作与泛指,15,SVO-HG-015,SVO-CTX-HG-015,1,BA,non-preferred,每个周末下午五点，邻居家的女儿都会在自己的房间里,把钢琴弹了,每个周末下午五点，邻居家的女儿都会在自己的房间里把钢琴弹了。,每个周末下午五点，邻居家的女儿都会在自己的房间里,邻居家的女儿每个周末下午五点都会在自己的房间里,,True,infelicitous,每个周末下午五点，邻居家的女儿都会在自己的房间里把钢琴弹了。,每个周末下午五点，邻居家的女儿都会在自己的房间里把钢琴弹了。,[],0,True,False
T0230,SVO_有语境_200,有语境,SVO-preferred,1,习惯性动作与泛指,15,SVO-HG-015,SVO-CTX-HG-015,2,SVO,preferred,每个周末下午五点，邻居家的女儿都会在自己的房间里,弹钢琴,每个周末下午五点，邻居家的女儿都会在自己的房间里弹钢琴。,每个周末下午五点，邻居家的女儿都会在自己的房间里,邻居家的女儿每个周末下午五点都会在自己的房间里,,False,felicitous,每个周末下午五点，邻居家的女儿都会在自己的房间里弹钢琴。,每个周末下午五点，邻居家的女儿都会在自己的房间里弹钢琴。,[],0,True,False
T0231,SVO_有语境_200,有语境,SVO-preferred,1,习惯性动作与泛指,16,SVO-HG-016,SVO-CTX-HG-016,1,BA,non-preferred,每次去超市，她习惯推着车子,把零食买了,每次去超市，她习惯推着车子把零食买了。,每次去超市，她习惯推着车子,她每次去超市都习惯推着车子,,True,infelicitous,每次去超市，她习惯推着车子把零食买了。,每次去超市，他习惯推着车子把零食买了。,"[[""她"", ""他"", 6]]",1,False,True
T0232,SVO_有语境_200,有语境,SVO-preferred,1,习惯性动作与泛指,16,SVO-HG-016,SVO-CTX-HG-016,2,SVO,preferred,每次去超市，她习惯推着车子,买零食,每次去超市，她习惯推着车子买零食。,每次去超市，她习惯推着车子,她每次去超市都习惯推着车子,,False,felicitous,每次去超市，她习惯推着车子买零食。,每次去超市，他习惯推着车子买零食。,"[[""她"", ""他"", 6]]",1,False,True
T0233,SVO_有语境_200,有语境,SVO-preferred,1,习惯性动作与泛指,17,SVO-HG-017,SVO-CTX-HG-017,1,BA,non-preferred,妈妈非常喜欢植物，每次去超市的时候，她都会顺便,把鲜花买了,妈妈非常喜欢植物，每次去超市的时候，她都会顺便把鲜花买了。,妈妈非常喜欢植物，每次去超市的时候，她都会顺便,妈妈每次去超市的时候都会顺便,,True,infelicitous,妈妈非常喜欢植物，每次去超市的时候，她都会顺便把鲜花买了。,妈妈非常喜欢植物，每次去超市的时候，她都会顺便把鲜花买了。,[],0,True,False
T0234,SVO_有语境_200,有语境,SVO-preferred,1,习惯性动作与泛指,17,SVO-HG-017,SVO-CTX-HG-017,2,SVO,preferred,妈妈非常喜欢植物，每次去超市的时候，她都会顺便,买鲜花,妈妈非常喜欢植物，每次去超市的时候，她都会顺便买鲜花。,妈妈非常喜欢植物，每次去超市的时候，她都会顺便,妈妈每次去超市的时候都会顺便,,False,felicitous,妈妈非常喜欢植物，每次去超市的时候，她都会顺便买鲜花。,妈妈非常喜欢植物，每次去超市的时候，她都会顺便买鲜花。,[],0,True,False
T0235,SVO_有语境_200,有语境,SVO-preferred,1,习惯性动作与泛指,18,SVO-HG-018,SVO-CTX-HG-018,1,BA,non-preferred,王老师平时不爱喝咖啡，他每天在办公室只,把绿茶喝了,王老师平时不爱喝咖啡，他每天在办公室只把绿茶喝了。,王老师平时不爱喝咖啡，他每天在办公室只,王老师每天在办公室只,,True,infelicitous,王老师平时不爱喝咖啡，他每天在办公室只把绿茶喝了。,王老师平时不爱喝咖啡，他每天在办公室只把绿茶喝了。,[],0,True,False
T0236,SVO_有语境_200,有语境,SVO-preferred,1,习惯性动作与泛指,18,SVO-HG-018,SVO-CTX-HG-018,2,SVO,preferred,王老师平时不爱喝咖啡，他每天在办公室只,喝绿茶,王老师平时不爱喝咖啡，他每天在办公室只喝绿茶。,王老师平时不爱喝咖啡，他每天在办公室只,王老师每天在办公室只,,False,felicitous,王老师平时不爱喝咖啡，他每天在办公室只喝绿茶。,王老师平时不爱喝咖啡，他每天在办公室只喝绿茶。,[],0,True,False
T0237,SVO_有语境_200,有语境,SVO-preferred,1,习惯性动作与泛指,19,SVO-HG-019,SVO-CTX-HG-019,1,BA,non-preferred,为了学好汉语，他每天都坚持在练习本上,把汉字写了,为了学好汉语，他每天都坚持在练习本上把汉字写了。,为了学好汉语，他每天都坚持在练习本上,他每天都坚持在练习本上,,True,infelicitous,为了学好汉语，他每天都坚持在练习本上把汉字写了。,为了学好汉语，他每天都坚持在练习本上把汉字写熟。,"[[""了"", ""熟"", 22]]",1,False,True
T0238,SVO_有语境_200,有语境,SVO-preferred,1,习惯性动作与泛指,19,SVO-HG-019,SVO-CTX-HG-019,2,SVO,preferred,为了学好汉语，他每天都坚持在练习本上,写汉字,为了学好汉语，他每天都坚持在练习本上写汉字。,为了学好汉语，他每天都坚持在练习本上,他每天都坚持在练习本上,,False,felicitous,为了学好汉语，他每天都坚持在练习本上写汉字。,为了学好汉语，他每天都坚持在练习本上写汉字。,[],0,True,False
T0239,SVO_有语境_200,有语境,SVO-preferred,1,习惯性动作与泛指,20,SVO-HG-020,SVO-CTX-HG-020,1,BA,non-preferred,经理每天早上到了公司，第一件事就是打开电脑,把邮件查了,经理每天早上到了公司，第一件事就是打开电脑把邮件查了。,经理每天早上到了公司，第一件事就是打开电脑,经理每天早上到了公司第一件事就是打开电脑,,True,infelicitous,经理每天早上到了公司，第一件事就是打开电脑把邮件查了。,经理每天早上到了公司，第一件事就是打开电脑把邮件查了。,[],0,True,False
T0240,SVO_有语境_200,有语境,SVO-preferred,1,习惯性动作与泛指,20,SVO-HG-020,SVO-CTX-HG-020,2,SVO,preferred,经理每天早上到了公司，第一件事就是打开电脑,查邮件,经理每天早上到了公司，第一件事就是打开电脑查邮件。,经理每天早上到了公司，第一件事就是打开电脑,经理每天早上到了公司第一件事就是打开电脑,,False,felicitous,经理每天早上到了公司，第一件事就是打开电脑查邮件。,经理每天早上到了公司，第一件事就是打开电脑查邮件。,[],0,True,False
T0241,SVO_有语境_200,有语境,SVO-preferred,1,习惯性动作与泛指,21,SVO-HG-021,SVO-CTX-HG-021,1,BA,non-preferred,每次坐地铁的时候，为了打发时间，我都会戴上耳机,把音乐听了,每次坐地铁的时候，为了打发时间，我都会戴上耳机把音乐听了。,每次坐地铁的时候，为了打发时间，我都会戴上耳机,我每次坐地铁的时候都会戴上耳机,,True,infelicitous,每次坐地铁的时候，为了打发时间，我都会戴上耳机把音乐听了。,每次坐地铁的时候，为了打发时间，我都会戴上耳机把音乐听了。,[],0,True,False
T0242,SVO_有语境_200,有语境,SVO-preferred,1,习惯性动作与泛指,21,SVO-HG-021,SVO-CTX-HG-021,2,SVO,preferred,每次坐地铁的时候，为了打发时间，我都会戴上耳机,听音乐,每次坐地铁的时候，为了打发时间，我都会戴上耳机听音乐。,每次坐地铁的时候，为了打发时间，我都会戴上耳机,我每次坐地铁的时候都会戴上耳机,,False,felicitous,每次坐地铁的时候，为了打发时间，我都会戴上耳机听音乐。,每次坐地铁的时候，为了打发时间，我都会戴上耳机听音乐。,[],0,True,False
T0243,SVO_有语境_200,有语境,SVO-preferred,1,习惯性动作与泛指,22,SVO-HG-022,SVO-CTX-HG-022,1,BA,non-preferred,小区里有一位好心的阿姨，每天傍晚都会去花园,把流浪猫喂了,小区里有一位好心的阿姨，每天傍晚都会去花园把流浪猫喂了。,小区里有一位好心的阿姨，每天傍晚都会去花园,那位阿姨每天傍晚都会去花园,,True,infelicitous,小区里有一位好心的阿姨，每天傍晚都会去花园把流浪猫喂了。,小区里有一位好心的阿姨，每天傍晚都会去花园把流浪猫喂了。,[],0,True,False
T0244,SVO_有语境_200,有语境,SVO-preferred,1,习惯性动作与泛指,22,SVO-HG-022,SVO-CTX-HG-022,2,SVO,preferred,小区里有一位好心的阿姨，每天傍晚都会去花园,喂流浪猫,小区里有一位好心的阿姨，每天傍晚都会去花园喂流浪猫。,小区里有一位好心的阿姨，每天傍晚都会去花园,那位阿姨每天傍晚都会去花园,,False,felicitous,小区里有一位好心的阿姨，每天傍晚都会去花园喂流浪猫。,小区里有一位好心的阿姨，每天傍晚都会去花园喂流浪猫。,[],0,True,False
T0245,SVO_有语境_200,有语境,SVO-preferred,1,习惯性动作与泛指,23,SVO-HG-023,SVO-CTX-HG-023,1,BA,non-preferred,这位护士很细心，每天都会按时给每个病人,把体温量了,这位护士很细心，每天都会按时给每个病人把体温量了。,这位护士很细心，每天都会按时给每个病人,这位护士每天都会按时给每个病人,,True,infelicitous,这位护士很细心，每天都会按时给每个病人把体温量了。,这位护士很细心，每天都会按时给每个病人把体温量了。,[],0,True,False
T0246,SVO_有语境_200,有语境,SVO-preferred,1,习惯性动作与泛指,23,SVO-HG-023,SVO-CTX-HG-023,2,SVO,preferred,这位护士很细心，每天都会按时给每个病人,量体温,这位护士很细心，每天都会按时给每个病人量体温。,这位护士很细心，每天都会按时给每个病人,这位护士每天都会按时给每个病人,,False,felicitous,这位护士很细心，每天都会按时给每个病人量体温。,这位护士很细心，每天都会按时给每个病人量体温。,[],0,True,False
T0247,SVO_有语境_200,有语境,SVO-preferred,1,习惯性动作与泛指,24,SVO-HG-024,SVO-CTX-HG-024,1,BA,non-preferred,他的视力不太好，只要是看书或者看电脑，就一定会,把眼镜戴上,他的视力不太好，只要是看书或者看电脑，就一定会把眼镜戴上。,他的视力不太好，只要是看书或者看电脑，就一定会,他看书或者看电脑时一定会,,True,infelicitous,他的视力不太好，只要是看书或者看电脑，就一定会把眼镜戴上。,他的视力不太好，只要是看书或者看电脑，就一定会把眼镜戴上。,[],0,True,False
T0248,SVO_有语境_200,有语境,SVO-preferred,1,习惯性动作与泛指,24,SVO-HG-024,SVO-CTX-HG-024,2,SVO,preferred,他的视力不太好，只要是看书或者看电脑，就一定会,戴上眼镜,他的视力不太好，只要是看书或者看电脑，就一定会戴上眼镜。,他的视力不太好，只要是看书或者看电脑，就一定会,他看书或者看电脑时一定会,,False,felicitous,他的视力不太好，只要是看书或者看电脑，就一定会戴上眼镜。,他的视力不太好，只要是看书或者看电脑，就一定会戴上眼镜。,[],0,True,False
T0249,SVO_有语境_200,有语境,SVO-preferred,1,习惯性动作与泛指,25,SVO-HG-025,SVO-CTX-HG-025,1,BA,non-preferred,那位经理很有责任心，每天上班第一件事就是在电脑前,把邮件回了,那位经理很有责任心，每天上班第一件事就是在电脑前把邮件回了。,那位经理很有责任心，每天上班第一件事就是在电脑前,那位经理每天上班第一件事就是在电脑前,,True,infelicitous,那位经理很有责任心，每天上班第一件事就是在电脑前把邮件回了。,那位经理很有责任心，每天上班第一件事就是在电脑前把邮件回了。,[],0,True,False
T0250,SVO_有语境_200,有语境,SVO-preferred,1,习惯性动作与泛指,25,SVO-HG-025,SVO-CTX-HG-025,2,SVO,preferred,那位经理很有责任心，每天上班第一件事就是在电脑前,回邮件,那位经理很有责任心，每天上班第一件事就是在电脑前回邮件。,那位经理很有责任心，每天上班第一件事就是在电脑前,那位经理每天上班第一件事就是在电脑前,,False,felicitous,那位经理很有责任心，每天上班第一件事就是在电脑前回邮件。,那位经理很有责任心，每天上班第一件事就是在电脑前回邮件。,[],0,True,False
T0251,SVO_有语境_200,有语境,SVO-preferred,1,习惯性动作与泛指,26,SVO-HG-026,SVO-CTX-HG-026,1,BA,non-preferred,农民伯伯很辛苦，每天天亮就会去地里,把农活干了,农民伯伯很辛苦，每天天亮就会去地里把农活干了。,农民伯伯很辛苦，每天天亮就会去地里,农民伯伯每天天亮就会去地里,,True,infelicitous,农民伯伯很辛苦，每天天亮就会去地里把农活干了。,农民伯伯很辛苦，每天天亮就会去地里把农活干了。,[],0,True,False
T0252,SVO_有语境_200,有语境,SVO-preferred,1,习惯性动作与泛指,26,SVO-HG-026,SVO-CTX-HG-026,2,SVO,preferred,农民伯伯很辛苦，每天天亮就会去地里,干农活,农民伯伯很辛苦，每天天亮就会去地里干农活。,农民伯伯很辛苦，每天天亮就会去地里,农民伯伯每天天亮就会去地里,,False,felicitous,农民伯伯很辛苦，每天天亮就会去地里干农活。,农民伯伯很辛苦，每天天亮就会去地里干农活。,[],0,True,False
T0253,SVO_有语境_200,有语境,SVO-preferred,1,习惯性动作与泛指,27,SVO-HG-027,SVO-CTX-HG-027,1,BA,non-preferred,弟弟放暑假了，每天下午做完作业后，他都会用平板电脑,把游戏玩了,弟弟放暑假了，每天下午做完作业后，他都会用平板电脑把游戏玩了。,弟弟放暑假了，每天下午做完作业后，他都会用平板电脑,弟弟每天下午做完作业后都会用平板电脑,,True,infelicitous,弟弟放暑假了，每天下午做完作业后，他都会用平板电脑把游戏玩了。,弟弟放暑假了，每天下午做完作业后，他都会用平板电脑把游戏玩了。,[],0,True,False
T0254,SVO_有语境_200,有语境,SVO-preferred,1,习惯性动作与泛指,27,SVO-HG-027,SVO-CTX-HG-027,2,SVO,preferred,弟弟放暑假了，每天下午做完作业后，他都会用平板电脑,玩游戏,弟弟放暑假了，每天下午做完作业后，他都会用平板电脑玩游戏。,弟弟放暑假了，每天下午做完作业后，他都会用平板电脑,弟弟每天下午做完作业后都会用平板电脑,,False,felicitous,弟弟放暑假了，每天下午做完作业后，他都会用平板电脑玩游戏。,弟弟放暑假了，每天下午做完作业后，他都会用平板电脑玩游戏。,[],0,True,False
T0255,SVO_有语境_200,有语境,SVO-preferred,1,习惯性动作与泛指,28,SVO-HG-028,SVO-CTX-HG-028,1,BA,non-preferred,每天幼儿园放学后，孩子们最期待的事情就是坐在电视机前,把动画片看了,每天幼儿园放学后，孩子们最期待的事情就是坐在电视机前把动画片看了。,每天幼儿园放学后，孩子们最期待的事情就是坐在电视机前,孩子们每天幼儿园放学后都会坐在电视机前,,True,infelicitous,每天幼儿园放学后，孩子们最期待的事情就是坐在电视机前把动画片看了。,每天幼儿园放学后，孩子们最期待的事情就是坐在电视机前把动画片看了。,[],0,True,False
T0256,SVO_有语境_200,有语境,SVO-preferred,1,习惯性动作与泛指,28,SVO-HG-028,SVO-CTX-HG-028,2,SVO,preferred,每天幼儿园放学后，孩子们最期待的事情就是坐在电视机前,看动画片,每天幼儿园放学后，孩子们最期待的事情就是坐在电视机前看动画片。,每天幼儿园放学后，孩子们最期待的事情就是坐在电视机前,孩子们每天幼儿园放学后都会坐在电视机前,,False,felicitous,每天幼儿园放学后，孩子们最期待的事情就是坐在电视机前看动画片。,每天幼儿园放学后，孩子们最期待的事情就是坐在电视机前看动画片。,[],0,True,False
T0257,SVO_有语境_200,有语境,SVO-preferred,1,习惯性动作与泛指,29,SVO-HG-029,SVO-CTX-HG-029,1,BA,non-preferred,为了促进消化，她每天吃完午饭半小时后，都会,把酸奶喝了,为了促进消化，她每天吃完午饭半小时后，都会把酸奶喝了。,为了促进消化，她每天吃完午饭半小时后，都会,她每天吃完午饭半小时后都会,,True,infelicitous,为了促进消化，她每天吃完午饭半小时后，都会把酸奶喝了。,为了促进消化，她每天吃完午饭半小时后，都会把酸奶喝了。,[],0,True,False
T0258,SVO_有语境_200,有语境,SVO-preferred,1,习惯性动作与泛指,29,SVO-HG-029,SVO-CTX-HG-029,2,SVO,preferred,为了促进消化，她每天吃完午饭半小时后，都会,喝酸奶,为了促进消化，她每天吃完午饭半小时后，都会喝酸奶。,为了促进消化，她每天吃完午饭半小时后，都会,她每天吃完午饭半小时后都会,,False,felicitous,为了促进消化，她每天吃完午饭半小时后，都会喝酸奶。,为了促进消化，她每天吃完午饭半小时后，都会喝酸奶。,[],0,True,False
T0259,SVO_有语境_200,有语境,SVO-preferred,1,习惯性动作与泛指,30,SVO-HG-030,SVO-CTX-HG-030,1,BA,non-preferred,妈妈对烘焙很感兴趣。每个周末的早上，她都会在厨房里,把面包烤了,妈妈对烘焙很感兴趣。每个周末的早上，她都会在厨房里把面包烤了。,妈妈对烘焙很感兴趣。每个周末的早上，她都会在厨房里,妈妈每个周末的早上都会在厨房里,,True,infelicitous,妈妈对烘焙很感兴趣。每个周末的早上，她都会在厨房里把面包烤了。,妈妈对烘焙很感兴趣。每个周末的早上，她都会在厨房里把面包烤了。,[],0,True,False
T0260,SVO_有语境_200,有语境,SVO-preferred,1,习惯性动作与泛指,30,SVO-HG-030,SVO-CTX-HG-030,2,SVO,preferred,妈妈对烘焙很感兴趣。每个周末的早上，她都会在厨房里,烤面包,妈妈对烘焙很感兴趣。每个周末的早上，她都会在厨房里烤面包。,妈妈对烘焙很感兴趣。每个周末的早上，她都会在厨房里,妈妈每个周末的早上都会在厨房里,,False,felicitous,妈妈对烘焙很感兴趣。每个周末的早上，她都会在厨房里烤面包。,妈妈对烘焙很感兴趣。每个周末的早上，她都会在厨房里烤面包。,[],0,True,False
T0261,SVO_有语境_200,有语境,SVO-preferred,1,习惯性动作与泛指,31,SVO-HG-031,SVO-CTX-HG-031,1,BA,non-preferred,每个深夜，我都看见那位年轻作家在电脑前,把小说写了,每个深夜，我都看见那位年轻作家在电脑前把小说写了。,每个深夜，我都看见那位年轻作家在电脑前,那位年轻作家每个深夜都在电脑前,,True,infelicitous,每个深夜，我都看见那位年轻作家在电脑前把小说写了。,每个深夜，我都看见那位年轻作家在电脑前把小说写了。,[],0,True,False
T0262,SVO_有语境_200,有语境,SVO-preferred,1,习惯性动作与泛指,31,SVO-HG-031,SVO-CTX-HG-031,2,SVO,preferred,每个深夜，我都看见那位年轻作家在电脑前,写小说,每个深夜，我都看见那位年轻作家在电脑前写小说。,每个深夜，我都看见那位年轻作家在电脑前,那位年轻作家每个深夜都在电脑前,,False,felicitous,每个深夜，我都看见那位年轻作家在电脑前写小说。,每个深夜，我都看见那位年轻作家在电脑前写小说。,[],0,True,False
T0263,SVO_有语境_200,有语境,SVO-preferred,1,习惯性动作与泛指,32,SVO-HG-032,SVO-CTX-HG-032,1,BA,non-preferred,每个星期五晚上，她都会去电影院,把新电影看了,每个星期五晚上，她都会去电影院把新电影看了。,每个星期五晚上，她都会去电影院,她每个星期五晚上都会去电影院,,True,infelicitous,每个星期五晚上，她都会去电影院把新电影看了。,每个星期五晚上，她都会去电影院把新电影看了。,[],0,True,False
T0264,SVO_有语境_200,有语境,SVO-preferred,1,习惯性动作与泛指,32,SVO-HG-032,SVO-CTX-HG-032,2,SVO,preferred,每个星期五晚上，她都会去电影院,看新电影,每个星期五晚上，她都会去电影院看新电影。,每个星期五晚上，她都会去电影院,她每个星期五晚上都会去电影院,,False,felicitous,每个星期五晚上，她都会去电影院看新电影。,每个星期五晚上，她都会去电影院看新电影。,[],0,True,False
T0265,SVO_有语境_200,有语境,SVO-preferred,1,习惯性动作与泛指,33,SVO-HG-033,SVO-CTX-HG-033,1,BA,non-preferred,为了保持皮肤健康，她每天都要,把防晒霜涂了,为了保持皮肤健康，她每天都要把防晒霜涂了。,为了保持皮肤健康，她每天都要,她每天都要,,True,infelicitous,为了保持皮肤健康，她每天都要把防晒霜涂了。,为了保持皮肤健康，她每天都要把防晒霜涂了。,[],0,True,False
T0266,SVO_有语境_200,有语境,SVO-preferred,1,习惯性动作与泛指,33,SVO-HG-033,SVO-CTX-HG-033,2,SVO,preferred,为了保持皮肤健康，她每天都要,涂防晒霜,为了保持皮肤健康，她每天都要涂防晒霜。,为了保持皮肤健康，她每天都要,她每天都要,,False,felicitous,为了保持皮肤健康，她每天都要涂防晒霜。,为了保持皮肤健康，她每天都要涂防晒霜。,[],0,True,False
T0267,SVO_有语境_200,有语境,SVO-preferred,1,习惯性动作与泛指,34,SVO-HG-034,SVO-CTX-HG-034,1,BA,non-preferred,临近考试的时候，很多学生都会去图书馆,把功课复习了,临近考试的时候，很多学生都会去图书馆把功课复习了。,临近考试的时候，很多学生都会去图书馆,很多学生临近考试的时候都会去图书馆,,True,infelicitous,临近考试的时候，很多学生都会去图书馆把功课复习了。,临近考试的时候，很多学生都会去图书馆把功课复习了。,[],0,True,False
T0268,SVO_有语境_200,有语境,SVO-preferred,1,习惯性动作与泛指,34,SVO-HG-034,SVO-CTX-HG-034,2,SVO,preferred,临近考试的时候，很多学生都会去图书馆,复习功课,临近考试的时候，很多学生都会去图书馆复习功课。,临近考试的时候，很多学生都会去图书馆,很多学生临近考试的时候都会去图书馆,,False,felicitous,临近考试的时候，很多学生都会去图书馆复习功课。,临近考试的时候，很多学生都会去图书馆复习功课。,[],0,True,False
T0269,SVO_有语境_200,有语境,SVO-preferred,1,习惯性动作与泛指,35,SVO-HG-035,SVO-CTX-HG-035,1,BA,non-preferred,每次去北京出差，他都会抽空去,把北京烤鸭吃了,每次去北京出差，他都会抽空去把北京烤鸭吃了。,每次去北京出差，他都会抽空去,他每次去北京出差都会抽空去,,True,infelicitous,每次去北京出差，他都会抽空去把北京烤鸭吃了。,每次去北京出差，她都会抽空去把北京烤鸭吃了。,"[[""他"", ""她"", 8]]",1,False,True
T0270,SVO_有语境_200,有语境,SVO-preferred,1,习惯性动作与泛指,35,SVO-HG-035,SVO-CTX-HG-035,2,SVO,preferred,每次去北京出差，他都会抽空去,吃北京烤鸭,每次去北京出差，他都会抽空去吃北京烤鸭。,每次去北京出差，他都会抽空去,他每次去北京出差都会抽空去,,False,felicitous,每次去北京出差，他都会抽空去吃北京烤鸭。,每次去北京出差，她都会抽空去吃北京烤鸭。,"[[""他"", ""她"", 8]]",1,False,True
T0271,SVO_有语境_200,有语境,SVO-preferred,1,习惯性动作与泛指,36,SVO-HG-036,SVO-CTX-HG-036,1,BA,non-preferred,每天早上起床后，他都会在厨房,把早饭做了,每天早上起床后，他都会在厨房把早饭做了。,每天早上起床后，他都会在厨房,他每天早上起床后都会在厨房,,True,infelicitous,每天早上起床后，他都会在厨房把早饭做了。,每天早上起床后，她都会在厨房把早饭做了。,"[[""他"", ""她"", 8]]",1,False,True
T0272,SVO_有语境_200,有语境,SVO-preferred,1,习惯性动作与泛指,36,SVO-HG-036,SVO-CTX-HG-036,2,SVO,preferred,每天早上起床后，他都会在厨房,做早饭,每天早上起床后，他都会在厨房做早饭。,每天早上起床后，他都会在厨房,他每天早上起床后都会在厨房,,False,felicitous,每天早上起床后，他都会在厨房做早饭。,每天早上起床后，她都会在厨房做早饭。,"[[""他"", ""她"", 8]]",1,False,True
T0273,SVO_有语境_200,有语境,SVO-preferred,1,习惯性动作与泛指,37,SVO-HG-037,SVO-CTX-HG-037,1,BA,non-preferred,天气热的时候，孩子们总是喜欢去海边,把冰淇淋吃了,天气热的时候，孩子们总是喜欢去海边把冰淇淋吃了。,天气热的时候，孩子们总是喜欢去海边,孩子们天气热的时候总是喜欢去海边,,True,infelicitous,天气热的时候，孩子们总是喜欢去海边把冰淇淋吃了。,天气热的时候，孩子们总是喜欢去海边把冰淇淋吃了。,[],0,True,False
T0274,SVO_有语境_200,有语境,SVO-preferred,1,习惯性动作与泛指,37,SVO-HG-037,SVO-CTX-HG-037,2,SVO,preferred,天气热的时候，孩子们总是喜欢去海边,吃冰淇淋,天气热的时候，孩子们总是喜欢去海边吃冰淇淋。,天气热的时候，孩子们总是喜欢去海边,孩子们天气热的时候总是喜欢去海边,,False,felicitous,天气热的时候，孩子们总是喜欢去海边吃冰淇淋。,天气热的时候，孩子们总是喜欢去海边吃冰淇淋。,[],0,True,False
T0275,SVO_有语境_200,有语境,SVO-preferred,1,习惯性动作与泛指,38,SVO-HG-038,SVO-CTX-HG-038,1,BA,non-preferred,每次遇到不会的汉字，他都习惯用手机,把字典查了,每次遇到不会的汉字，他都习惯用手机把字典查了。,每次遇到不会的汉字，他都习惯用手机,他每次遇到不会的汉字都习惯用手机,,True,infelicitous,每次遇到不会的汉字，他都习惯用手机把字典查了。,每次遇到不会的汉字，她都习惯用手机把字典查了。,"[[""他"", ""她"", 10]]",1,False,True
T0276,SVO_有语境_200,有语境,SVO-preferred,1,习惯性动作与泛指,38,SVO-HG-038,SVO-CTX-HG-038,2,SVO,preferred,每次遇到不会的汉字，他都习惯用手机,查字典,每次遇到不会的汉字，他都习惯用手机查字典。,每次遇到不会的汉字，他都习惯用手机,他每次遇到不会的汉字都习惯用手机,,False,felicitous,每次遇到不会的汉字，他都习惯用手机查字典。,每次遇到不会的汉字，她都习惯用手机查字典。,"[[""他"", ""她"", 10]]",1,False,True
T0277,SVO_有语境_200,有语境,SVO-preferred,1,习惯性动作与泛指,39,SVO-HG-039,SVO-CTX-HG-039,1,BA,non-preferred,只要是周末，爸爸都会坐在沙发上,把报纸看了,只要是周末，爸爸都会坐在沙发上把报纸看了。,只要是周末，爸爸都会坐在沙发上,爸爸周末都会坐在沙发上,,True,infelicitous,只要是周末，爸爸都会坐在沙发上把报纸看了。,只要是周末，爸爸都会坐在沙发上把报纸看了。,[],0,True,False
T0278,SVO_有语境_200,有语境,SVO-preferred,1,习惯性动作与泛指,39,SVO-HG-039,SVO-CTX-HG-039,2,SVO,preferred,只要是周末，爸爸都会坐在沙发上,看报纸,只要是周末，爸爸都会坐在沙发上看报纸。,只要是周末，爸爸都会坐在沙发上,爸爸周末都会坐在沙发上,,False,felicitous,只要是周末，爸爸都会坐在沙发上看报纸。,只要是周末，爸爸都会坐在沙发上看报纸。,[],0,True,False
T0279,SVO_有语境_200,有语境,SVO-preferred,1,习惯性动作与泛指,40,SVO-HG-040,SVO-CTX-HG-040,1,BA,non-preferred,每天下班回家路上，妈妈都会去菜市场,把菜买了,每天下班回家路上，妈妈都会去菜市场把菜买了。,每天下班回家路上，妈妈都会去菜市场,妈妈每天下班回家路上都会去菜市场,,True,infelicitous,每天下班回家路上，妈妈都会去菜市场把菜买了。,每天下班回家路上，妈妈都会去菜市场把菜买了。,[],0,True,False
T0280,SVO_有语境_200,有语境,SVO-preferred,1,习惯性动作与泛指,40,SVO-HG-040,SVO-CTX-HG-040,2,SVO,preferred,每天下班回家路上，妈妈都会去菜市场,买菜,每天下班回家路上，妈妈都会去菜市场买菜。,每天下班回家路上，妈妈都会去菜市场,妈妈每天下班回家路上都会去菜市场,,False,felicitous,每天下班回家路上，妈妈都会去菜市场买菜。,每天下班回家路上，妈妈都会去菜市场买菜。,[],0,True,False
T0281,SVO_有语境_200,有语境,SVO-preferred,1,习惯性动作与泛指,41,SVO-HG-041,SVO-CTX-HG-041,1,BA,non-preferred,每天吃完晚饭，全家人都会坐在客厅里,把电视剧看了,每天吃完晚饭，全家人都会坐在客厅里把电视剧看了。,每天吃完晚饭，全家人都会坐在客厅里,全家人每天吃完晚饭都会坐在客厅里,,True,infelicitous,每天吃完晚饭，全家人都会坐在客厅里把电视剧看了。,每天吃完晚饭，全家人都会坐在客厅里把电视剧看了。,[],0,True,False
T0282,SVO_有语境_200,有语境,SVO-preferred,1,习惯性动作与泛指,41,SVO-HG-041,SVO-CTX-HG-041,2,SVO,preferred,每天吃完晚饭，全家人都会坐在客厅里,看电视剧,每天吃完晚饭，全家人都会坐在客厅里看电视剧。,每天吃完晚饭，全家人都会坐在客厅里,全家人每天吃完晚饭都会坐在客厅里,,False,felicitous,每天吃完晚饭，全家人都会坐在客厅里看电视剧。,每天吃完晚饭，全家人都会坐在客厅里看电视剧。,[],0,True,False
T0283,SVO_有语境_200,有语境,SVO-preferred,1,习惯性动作与泛指,42,SVO-HG-042,SVO-CTX-HG-042,1,BA,non-preferred,每天下班后，哥哥都会去健身房,把身体锻炼一下,每天下班后，哥哥都会去健身房把身体锻炼一下。,每天下班后，哥哥都会去健身房,哥哥每天下班后都会去健身房,,True,infelicitous,每天下班后，哥哥都会去健身房把身体锻炼一下。,每天下班后，哥哥都会去健身房把身体锻炼一下。,[],0,True,False
T0284,SVO_有语境_200,有语境,SVO-preferred,1,习惯性动作与泛指,42,SVO-HG-042,SVO-CTX-HG-042,2,SVO,preferred,每天下班后，哥哥都会去健身房,锻炼身体,每天下班后，哥哥都会去健身房锻炼身体。,每天下班后，哥哥都会去健身房,哥哥每天下班后都会去健身房,,False,felicitous,每天下班后，哥哥都会去健身房锻炼身体。,每天下班后，哥哥都会去健身房锻炼身体。,[],0,True,False
T0285,SVO_有语境_200,有语境,SVO-preferred,1,习惯性动作与泛指,43,SVO-HG-043,SVO-CTX-HG-043,1,BA,non-preferred,每个月这个时候，妹妹都会去理发店,把头发剪了,每个月这个时候，妹妹都会去理发店把头发剪了。,每个月这个时候，妹妹都会去理发店,妹妹每个月这个时候都会去理发店,,True,infelicitous,每个月这个时候，妹妹都会去理发店把头发剪了。,每个月这个时候，妹妹都会去理发店把头发剪了。,[],0,True,False
T0286,SVO_有语境_200,有语境,SVO-preferred,1,习惯性动作与泛指,43,SVO-HG-043,SVO-CTX-HG-043,2,SVO,preferred,每个月这个时候，妹妹都会去理发店,剪头发,每个月这个时候，妹妹都会去理发店剪头发。,每个月这个时候，妹妹都会去理发店,妹妹每个月这个时候都会去理发店,,False,felicitous,每个月这个时候，妹妹都会去理发店剪头发。,每个月这个时候，妹妹都会去理发店剪头发。,[],0,True,False
T0287,SVO_有语境_200,有语境,SVO-preferred,1,习惯性动作与泛指,44,SVO-HG-044,SVO-CTX-HG-044,1,BA,non-preferred,每次放假，他们一家人都会去海边,把鱼抓了,每次放假，他们一家人都会去海边把鱼抓了。,每次放假，他们一家人都会去海边,他们一家人每次放假都会去海边,,True,infelicitous,每次放假，他们一家人都会去海边把鱼抓了。,每次放假，他们一家人都会去海边把鱼抓了。,[],0,True,False
T0288,SVO_有语境_200,有语境,SVO-preferred,1,习惯性动作与泛指,44,SVO-HG-044,SVO-CTX-HG-044,2,SVO,preferred,每次放假，他们一家人都会去海边,抓鱼,每次放假，他们一家人都会去海边抓鱼。,每次放假，他们一家人都会去海边,他们一家人每次放假都会去海边,,False,felicitous,每次放假，他们一家人都会去海边抓鱼。,每次放假，他们一家人都会去海边抓鱼。,[],0,True,False
T0289,SVO_有语境_200,有语境,SVO-preferred,1,习惯性动作与泛指,45,SVO-HG-045,SVO-CTX-HG-045,1,BA,non-preferred,每当有空的时候，姐姐总喜欢在阳台上,把鸽子喂了,每当有空的时候，姐姐总喜欢在阳台上把鸽子喂了。,每当有空的时候，姐姐总喜欢在阳台上,姐姐每当有空的时候总喜欢在阳台上,,True,infelicitous,每当有空的时候，姐姐总喜欢在阳台上把鸽子喂了。,每当有空的时候，姐姐总喜欢在阳台上把鸽子喂了。,[],0,True,False
T0290,SVO_有语境_200,有语境,SVO-preferred,1,习惯性动作与泛指,45,SVO-HG-045,SVO-CTX-HG-045,2,SVO,preferred,每当有空的时候，姐姐总喜欢在阳台上,喂鸽子,每当有空的时候，姐姐总喜欢在阳台上喂鸽子。,每当有空的时候，姐姐总喜欢在阳台上,姐姐每当有空的时候总喜欢在阳台上,,False,felicitous,每当有空的时候，姐姐总喜欢在阳台上喂鸽子。,每当有空的时候，姐姐总喜欢在阳台上喂鸽子。,[],0,True,False
T0291,SVO_有语境_200,有语境,SVO-preferred,1,习惯性动作与泛指,46,SVO-HG-046,SVO-CTX-HG-046,1,BA,non-preferred,每天睡觉前，妈妈都会给孩子,把故事讲了,每天睡觉前，妈妈都会给孩子把故事讲了。,每天睡觉前，妈妈都会给孩子,妈妈每天睡觉前都会给孩子,,True,infelicitous,每天睡觉前，妈妈都会给孩子把故事讲了。,每天睡觉前，妈妈都会给孩子把故事讲了。,[],0,True,False
T0292,SVO_有语境_200,有语境,SVO-preferred,1,习惯性动作与泛指,46,SVO-HG-046,SVO-CTX-HG-046,2,SVO,preferred,每天睡觉前，妈妈都会给孩子,讲故事,每天睡觉前，妈妈都会给孩子讲故事。,每天睡觉前，妈妈都会给孩子,妈妈每天睡觉前都会给孩子,,False,felicitous,每天睡觉前，妈妈都会给孩子讲故事。,每天睡觉前，妈妈都会给孩子讲故事。,[],0,True,False
T0293,SVO_有语境_200,有语境,SVO-preferred,1,习惯性动作与泛指,47,SVO-HG-047,SVO-CTX-HG-047,1,BA,non-preferred,每天上课前，老师都会仔细地给学生,把作业批改了,每天上课前，老师都会仔细地给学生把作业批改了。,每天上课前，老师都会仔细地给学生,老师每天上课前都会仔细地给学生,,True,infelicitous,每天上课前，老师都会仔细地给学生把作业批改了。,每天上课前，老师都会仔细地给学生把作业批改了。,[],0,True,False
T0294,SVO_有语境_200,有语境,SVO-preferred,1,习惯性动作与泛指,47,SVO-HG-047,SVO-CTX-HG-047,2,SVO,preferred,每天上课前，老师都会仔细地给学生,批改作业,每天上课前，老师都会仔细地给学生批改作业。,每天上课前，老师都会仔细地给学生,老师每天上课前都会仔细地给学生,,False,felicitous,每天上课前，老师都会仔细地给学生批改作业。,每天上课前，老师都会仔细地给学生批改作业。,[],0,True,False
T0295,SVO_有语境_200,有语境,SVO-preferred,1,习惯性动作与泛指,48,SVO-HG-048,SVO-CTX-HG-048,1,BA,non-preferred,每天开车前，司机都会认真地,把汽车检查了,每天开车前，司机都会认真地把汽车检查了。,每天开车前，司机都会认真地,司机每天开车前都会认真地,,True,infelicitous,每天开车前，司机都会认真地把汽车检查了。,每天开车前，司机都会认真地把汽车检查了。,[],0,True,False
T0296,SVO_有语境_200,有语境,SVO-preferred,1,习惯性动作与泛指,48,SVO-HG-048,SVO-CTX-HG-048,2,SVO,preferred,每天开车前，司机都会认真地,检查汽车,每天开车前，司机都会认真地检查汽车。,每天开车前，司机都会认真地,司机每天开车前都会认真地,,False,felicitous,每天开车前，司机都会认真地检查汽车。,每天开车前，司机都会认真地检查汽车。,[],0,True,False
T0297,SVO_有语境_200,有语境,SVO-preferred,1,习惯性动作与泛指,49,SVO-HG-049,SVO-CTX-HG-049,1,BA,non-preferred,每到冬天，北方人常常一起,把火锅吃了,每到冬天，北方人常常一起把火锅吃了。,每到冬天，北方人常常一起,北方人每到冬天常常一起,,True,infelicitous,每到冬天，北方人常常一起把火锅吃了。,每到冬天，北方人常常一起把火锅吃了。,[],0,True,False
T0298,SVO_有语境_200,有语境,SVO-preferred,1,习惯性动作与泛指,49,SVO-HG-049,SVO-CTX-HG-049,2,SVO,preferred,每到冬天，北方人常常一起,吃火锅,每到冬天，北方人常常一起吃火锅。,每到冬天，北方人常常一起,北方人每到冬天常常一起,,False,felicitous,每到冬天，北方人常常一起吃火锅。,每到冬天，北方人常常一起吃火锅。,[],0,True,False
T0299,SVO_有语境_200,有语境,SVO-preferred,1,习惯性动作与泛指,50,SVO-HG-050,SVO-CTX-HG-050,1,BA,non-preferred,遇到周末，很多年轻人都喜欢去酒吧,把酒喝了,遇到周末，很多年轻人都喜欢去酒吧把酒喝了。,遇到周末，很多年轻人都喜欢去酒吧,很多年轻人遇到周末都喜欢去酒吧,,True,infelicitous,遇到周末，很多年轻人都喜欢去酒吧把酒喝了。,遇到周末，很多年轻人都喜欢去酒吧把酒喝了。,[],0,True,False
T0300,SVO_有语境_200,有语境,SVO-preferred,1,习惯性动作与泛指,50,SVO-HG-050,SVO-CTX-HG-050,2,SVO,preferred,遇到周末，很多年轻人都喜欢去酒吧,喝酒,遇到周末，很多年轻人都喜欢去酒吧喝酒。,遇到周末，很多年轻人都喜欢去酒吧,很多年轻人遇到周末都喜欢去酒吧,,False,felicitous,遇到周末，很多年轻人都喜欢去酒吧喝酒。,遇到周末，很多年轻人都喜欢去酒吧喝酒。,[],0,True,False
T0301,SVO_有语境_200,有语境,SVO-preferred,2,叙述经历和日程,1,SVO-NS-001,SVO-CTX-NS-001,1,BA,non-preferred,昨晚停电了，我在黑暗中坐了一会儿，然后去厨房,把那根蜡烛点了,昨晚停电了，我在黑暗中坐了一会儿，然后去厨房把那根蜡烛点了。,昨晚停电了，我在黑暗中坐了一会儿，然后去厨房,我去厨房,,True,infelicitous,昨晚停电了，我在黑暗中坐了一会儿，然后去厨房把那根蜡烛点了。,昨晚停电了，我在黑暗中坐了一会儿，然后去厨房把那根蜡烛点了。,[],0,True,False
T0302,SVO_有语境_200,有语境,SVO-preferred,2,叙述经历和日程,1,SVO-NS-001,SVO-CTX-NS-001,2,SVO,preferred,昨晚停电了，我在黑暗中坐了一会儿，然后去厨房,点了那根蜡烛,昨晚停电了，我在黑暗中坐了一会儿，然后去厨房点了那根蜡烛。,昨晚停电了，我在黑暗中坐了一会儿，然后去厨房,我去厨房,,False,felicitous,昨晚停电了，我在黑暗中坐了一会儿，然后去厨房点了那根蜡烛。,昨晚停电了，我在黑暗中坐了一会儿，然后去厨房点了那根蜡烛。,[],0,True,False
T0303,SVO_有语境_200,有语境,SVO-preferred,2,叙述经历和日程,2,SVO-NS-002,SVO-CTX-NS-002,1,BA,non-preferred,我昨天复习得很认真，先看了书上的笔记，又默写了单词，然后,把那张练习卷做完了,我昨天复习得很认真，先看了书上的笔记，又默写了单词，然后把那张练习卷做完了。,我昨天复习得很认真，先看了书上的笔记，又默写了单词，然后,我,,True,infelicitous,我昨天复习得很认真，先看了书上的笔记，又默写了单词，然后把那张练习卷做完了。,我昨天复习得很认真，先看了书上的笔记，又默写了单词，然后把那张练习卷做完了。,[],0,True,False
T0304,SVO_有语境_200,有语境,SVO-preferred,2,叙述经历和日程,2,SVO-NS-002,SVO-CTX-NS-002,2,SVO,preferred,我昨天复习得很认真，先看了书上的笔记，又默写了单词，然后,做完了那张练习卷,我昨天复习得很认真，先看了书上的笔记，又默写了单词，然后做完了那张练习卷。,我昨天复习得很认真，先看了书上的笔记，又默写了单词，然后,我,,False,felicitous,我昨天复习得很认真，先看了书上的笔记，又默写了单词，然后做完了那张练习卷。,我昨天复习得很认真，先看了书上的笔记，又默写了单词，然后做完了那张练习卷。,[],0,True,False
T0305,SVO_有语境_200,有语境,SVO-preferred,2,叙述经历和日程,3,SVO-NS-003,SVO-CTX-NS-003,1,BA,non-preferred,周末我去逛商场，买了一双鞋，晚上还,把那场电影看了,周末我去逛商场，买了一双鞋，晚上还把那场电影看了。,周末我去逛商场，买了一双鞋，晚上还,我晚上还,,True,infelicitous,周末我去逛商场，买了一双鞋，晚上还把那场电影看了。,周末我去逛商场，买了一双鞋，晚上还把那场电影看了。,[],0,True,False
T0306,SVO_有语境_200,有语境,SVO-preferred,2,叙述经历和日程,3,SVO-NS-003,SVO-CTX-NS-003,2,SVO,preferred,周末我去逛商场，买了一双鞋，晚上还,看了一场电影,周末我去逛商场，买了一双鞋，晚上还看了一场电影。,周末我去逛商场，买了一双鞋，晚上还,我晚上还,,False,felicitous,周末我去逛商场，买了一双鞋，晚上还看了一场电影。,周末我去逛商场，买了一双鞋，晚上还看了一场电影。,[],0,True,False
T0307,SVO_有语境_200,有语境,SVO-preferred,2,叙述经历和日程,4,SVO-NS-004,SVO-CTX-NS-004,1,BA,non-preferred,早上时间太紧了，我匆匆忙忙刷了牙，洗了脸，然后,把鞋子穿上了,早上时间太紧了，我匆匆忙忙刷了牙，洗了脸，然后把鞋子穿上了。,早上时间太紧了，我匆匆忙忙刷了牙，洗了脸，然后,我,,True,infelicitous,早上时间太紧了，我匆匆忙忙刷了牙，洗了脸，然后把鞋子穿上了。,早上时间太紧了，我匆匆忙忙刷了牙，洗了脸，然后把鞋子穿上了。,[],0,True,False
T0308,SVO_有语境_200,有语境,SVO-preferred,2,叙述经历和日程,4,SVO-NS-004,SVO-CTX-NS-004,2,SVO,preferred,早上时间太紧了，我匆匆忙忙刷了牙，洗了脸，然后,穿上了鞋子,早上时间太紧了，我匆匆忙忙刷了牙，洗了脸，然后穿上了鞋子。,早上时间太紧了，我匆匆忙忙刷了牙，洗了脸，然后,我,,False,felicitous,早上时间太紧了，我匆匆忙忙刷了牙，洗了脸，然后穿上了鞋子。,早上时间太紧了，我匆匆忙忙刷了牙，洗了脸，然后穿上了鞋子。,[],0,True,False
T0309,SVO_有语境_200,有语境,SVO-preferred,2,叙述经历和日程,5,SVO-NS-005,SVO-CTX-NS-005,1,BA,non-preferred,昨天生日派对上，大家先唱了生日歌，又许了愿望，然后一起,把蛋糕切了,昨天生日派对上，大家先唱了生日歌，又许了愿望，然后一起把蛋糕切了。,昨天生日派对上，大家先唱了生日歌，又许了愿望，然后一起,大家一起,,True,infelicitous,昨天生日派对上，大家先唱了生日歌，又许了愿望，然后一起把蛋糕切了。,昨天生日派对上，大家先唱了生日歌，又许了愿望，然后一起把蛋糕切了。,[],0,True,False
T0310,SVO_有语境_200,有语境,SVO-preferred,2,叙述经历和日程,5,SVO-NS-005,SVO-CTX-NS-005,2,SVO,preferred,昨天生日派对上，大家先唱了生日歌，又许了愿望，然后一起,切了蛋糕,昨天生日派对上，大家先唱了生日歌，又许了愿望，然后一起切了蛋糕。,昨天生日派对上，大家先唱了生日歌，又许了愿望，然后一起,大家一起,,False,felicitous,昨天生日派对上，大家先唱了生日歌，又许了愿望，然后一起切了蛋糕。,昨天生日派对上，大家先唱了生日歌，又许了愿望，然后一起切了蛋糕。,[],0,True,False
T0311,SVO_有语境_200,有语境,SVO-preferred,2,叙述经历和日程,6,SVO-NS-006,SVO-CTX-NS-006,1,BA,non-preferred,他走进房间，脱下外套，然后走到窗前默默地,把那支烟点了,他走进房间，脱下外套，然后走到窗前默默地把那支烟点了。,他走进房间，脱下外套，然后走到窗前默默地,他默默地,,True,infelicitous,他走进房间，脱下外套，然后走到窗前默默地把那支烟点了。,他走进房间，脱下外套，然后走到窗前默默地把那支烟点了。,[],0,True,False
T0312,SVO_有语境_200,有语境,SVO-preferred,2,叙述经历和日程,6,SVO-NS-006,SVO-CTX-NS-006,2,SVO,preferred,他走进房间，脱下外套，然后走到窗前默默地,点了一支烟,他走进房间，脱下外套，然后走到窗前默默地点了一支烟。,他走进房间，脱下外套，然后走到窗前默默地,他默默地,,False,felicitous,他走进房间，脱下外套，然后走到窗前默默地点了一支烟。,他走进房间，脱下外套，然后走到窗前默默地点了一支烟。,[],0,True,False
T0313,SVO_有语境_200,有语境,SVO-preferred,2,叙述经历和日程,7,SVO-NS-007,SVO-CTX-NS-007,1,BA,non-preferred,去北京旅行的时候，我们去了故宫，看了天安门，爬了长城，最后还,把烤鸭吃了,去北京旅行的时候，我们去了故宫，看了天安门，爬了长城，最后还把烤鸭吃了。,去北京旅行的时候，我们去了故宫，看了天安门，爬了长城，最后还,我们,,True,infelicitous,去北京旅行的时候，我们去了故宫，看了天安门，爬了长城，最后还把烤鸭吃了。,去北京旅行的时候，我们去了故宫，看了天安门，爬了长城，最后还把烤鸭吃了。,[],0,True,False
T0314,SVO_有语境_200,有语境,SVO-preferred,2,叙述经历和日程,7,SVO-NS-007,SVO-CTX-NS-007,2,SVO,preferred,去北京旅行的时候，我们去了故宫，看了天安门，爬了长城，最后还,吃了烤鸭,去北京旅行的时候，我们去了故宫，看了天安门，爬了长城，最后还吃了烤鸭。,去北京旅行的时候，我们去了故宫，看了天安门，爬了长城，最后还,我们,,False,felicitous,去北京旅行的时候，我们去了故宫，看了天安门，爬了长城，最后还吃了烤鸭。,去北京旅行的时候，我们去了故宫，看了天安门，爬了长城，最后还吃了烤鸭。,[],0,True,False
T0315,SVO_有语境_200,有语境,SVO-preferred,2,叙述经历和日程,8,SVO-NS-008,SVO-CTX-NS-008,1,BA,non-preferred,经理先开了一个早会，然后回到办公室，开始,把那份年终报告写了,经理先开了一个早会，然后回到办公室，开始把那份年终报告写了。,经理先开了一个早会，然后回到办公室，开始,经理开始,,True,infelicitous,经理先开了一个早会，然后回到办公室，开始把那份年终报告写了。,经理先开了一个早会，然后回到办公室，开始把那份年终报告写了。,[],0,True,False
T0316,SVO_有语境_200,有语境,SVO-preferred,2,叙述经历和日程,8,SVO-NS-008,SVO-CTX-NS-008,2,SVO,preferred,经理先开了一个早会，然后回到办公室，开始,写那份年终报告,经理先开了一个早会，然后回到办公室，开始写那份年终报告。,经理先开了一个早会，然后回到办公室，开始,经理开始,,False,felicitous,经理先开了一个早会，然后回到办公室，开始写那份年终报告。,经理先开了一个早会，然后回到办公室，开始写那份年终报告。,[],0,True,False
T0317,SVO_有语境_200,有语境,SVO-preferred,2,叙述经历和日程,9,SVO-NS-009,SVO-CTX-NS-009,1,BA,non-preferred,在音乐会上，大家都很安静，认真地,把那首钢琴曲听了,在音乐会上，大家都很安静，认真地把那首钢琴曲听了。,在音乐会上，大家都很安静，认真地,大家认真地,,True,infelicitous,在音乐会上，大家都很安静，认真地把那首钢琴曲听了。,在音乐会上，大家都很安静，认真地把那首钢琴曲听了。,[],0,True,False
T0318,SVO_有语境_200,有语境,SVO-preferred,2,叙述经历和日程,9,SVO-NS-009,SVO-CTX-NS-009,2,SVO,preferred,在音乐会上，大家都很安静，认真地,听那首钢琴曲,在音乐会上，大家都很安静，认真地听那首钢琴曲。,在音乐会上，大家都很安静，认真地,大家认真地,,False,felicitous,在音乐会上，大家都很安静，认真地听那首钢琴曲。,在音乐会上，大家都很安静，认真地听那首钢琴曲。,[],0,True,False
T0319,SVO_有语境_200,有语境,SVO-preferred,2,叙述经历和日程,10,SVO-NS-010,SVO-CTX-NS-010,1,BA,non-preferred,到了海边，孩子们兴奋地脱掉鞋子，马上跑过去,把那些沙子踩了,到了海边，孩子们兴奋地脱掉鞋子，马上跑过去把那些沙子踩了。,到了海边，孩子们兴奋地脱掉鞋子，马上跑过去,孩子们马上跑过去,,True,infelicitous,到了海边，孩子们兴奋地脱掉鞋子，马上跑过去把那些沙子踩了。,到了海边，孩子们兴奋地脱掉鞋子，马上跑过去把那些沙子踩了。,[],0,True,False
T0320,SVO_有语境_200,有语境,SVO-preferred,2,叙述经历和日程,10,SVO-NS-010,SVO-CTX-NS-010,2,SVO,preferred,到了海边，孩子们兴奋地脱掉鞋子，马上跑过去,踩那些沙子,到了海边，孩子们兴奋地脱掉鞋子，马上跑过去踩那些沙子。,到了海边，孩子们兴奋地脱掉鞋子，马上跑过去,孩子们马上跑过去,,False,felicitous,到了海边，孩子们兴奋地脱掉鞋子，马上跑过去踩那些沙子。,到了海边，孩子们兴奋地脱掉鞋子，马上跑过去踩那些沙子。,[],0,True,False
T0321,SVO_有语境_200,有语境,SVO-preferred,2,叙述经历和日程,11,SVO-NS-011,SVO-CTX-NS-011,1,BA,non-preferred,饭后，我帮妈妈洗了碗，然后看了一会儿电视，就回到自己房间里,把作业写了,饭后，我帮妈妈洗了碗，然后看了一会儿电视，就回到自己房间里把作业写了。,饭后，我帮妈妈洗了碗，然后看了一会儿电视，就回到自己房间里,我回到自己房间里,,True,infelicitous,饭后，我帮妈妈洗了碗，然后看了一会儿电视，就回到自己房间里把作业写了。,饭后，我帮妈妈洗了碗，然后看了一会儿电视，就回到自己房间里把作业写了。,[],0,True,False
T0322,SVO_有语境_200,有语境,SVO-preferred,2,叙述经历和日程,11,SVO-NS-011,SVO-CTX-NS-011,2,SVO,preferred,饭后，我帮妈妈洗了碗，然后看了一会儿电视，就回到自己房间里,写作业了,饭后，我帮妈妈洗了碗，然后看了一会儿电视，就回到自己房间里写作业了。,饭后，我帮妈妈洗了碗，然后看了一会儿电视，就回到自己房间里,我回到自己房间里,,False,felicitous,饭后，我帮妈妈洗了碗，然后看了一会儿电视，就回到自己房间里写作业了。,饭后，我帮妈妈洗了碗，然后看了一会儿电视，就回到自己房间里写作业了。,[],0,True,False
T0323,SVO_有语境_200,有语境,SVO-preferred,2,叙述经历和日程,12,SVO-NS-012,SVO-CTX-NS-012,1,BA,non-preferred,昨天我去书店，先买了一本字典，然后去二楼,把那本画册买了,昨天我去书店，先买了一本字典，然后去二楼把那本画册买了。,昨天我去书店，先买了一本字典，然后去二楼,我去二楼,,True,infelicitous,昨天我去书店，先买了一本字典，然后去二楼把那本画册买了。,昨天我去书店，先买了一本字典，然后去二楼把那本画册买了。,[],0,True,False
T0324,SVO_有语境_200,有语境,SVO-preferred,2,叙述经历和日程,12,SVO-NS-012,SVO-CTX-NS-012,2,SVO,preferred,昨天我去书店，先买了一本字典，然后去二楼,买了一本画册,昨天我去书店，先买了一本字典，然后去二楼买了一本画册。,昨天我去书店，先买了一本字典，然后去二楼,我去二楼,,False,felicitous,昨天我去书店，先买了一本字典，然后去二楼买了一本画册。,昨天我去书店，先买了一本字典，然后去二楼买了一本画册。,[],0,True,False
T0325,SVO_有语境_200,有语境,SVO-preferred,2,叙述经历和日程,13,SVO-NS-013,SVO-CTX-NS-013,1,BA,non-preferred,早上我起床后，先喝了一杯温水，然后去厨房,把那块面包吃了,早上我起床后，先喝了一杯温水，然后去厨房把那块面包吃了。,早上我起床后，先喝了一杯温水，然后去厨房,我去厨房,,True,infelicitous,早上我起床后，先喝了一杯温水，然后去厨房把那块面包吃了。,早上我起床后，先喝了一杯温水，然后去厨房把那块面包吃了。,[],0,True,False
T0326,SVO_有语境_200,有语境,SVO-preferred,2,叙述经历和日程,13,SVO-NS-013,SVO-CTX-NS-013,2,SVO,preferred,早上我起床后，先喝了一杯温水，然后去厨房,吃了一块面包,早上我起床后，先喝了一杯温水，然后去厨房吃了一块面包。,早上我起床后，先喝了一杯温水，然后去厨房,我去厨房,,False,felicitous,早上我起床后，先喝了一杯温水，然后去厨房吃了一块面包。,早上我起床后，先喝了一杯温水，然后去厨房吃了一块面包。,[],0,True,False
T0327,SVO_有语境_200,有语境,SVO-preferred,2,叙述经历和日程,14,SVO-NS-014,SVO-CTX-NS-014,1,BA,non-preferred,我们去公园玩，先散了步，看了花，然后在长椅上坐着,把那首中文歌听了,我们去公园玩，先散了步，看了花，然后在长椅上坐着把那首中文歌听了。,我们去公园玩，先散了步，看了花，然后在长椅上坐着,我们在长椅上坐着,,True,infelicitous,我们去公园玩，先散了步，看了花，然后在长椅上坐着把那首中文歌听了。,我们去公园玩，先散了步，看了花，然后在长椅上坐着把那首中文歌听了。,[],0,True,False
T0328,SVO_有语境_200,有语境,SVO-preferred,2,叙述经历和日程,14,SVO-NS-014,SVO-CTX-NS-014,2,SVO,preferred,我们去公园玩，先散了步，看了花，然后在长椅上坐着,听了一首中文歌,我们去公园玩，先散了步，看了花，然后在长椅上坐着听了一首中文歌。,我们去公园玩，先散了步，看了花，然后在长椅上坐着,我们在长椅上坐着,,False,felicitous,我们去公园玩，先散了步，看了花，然后在长椅上坐着听了一首中文歌。,我们去公园玩，先散了步，看了花，然后在长椅上坐着听了一首中文歌。,[],0,True,False
T0329,SVO_有语境_200,有语境,SVO-preferred,2,叙述经历和日程,15,SVO-NS-015,SVO-CTX-NS-015,1,BA,non-preferred,他走进办公室，先开了空调，然后坐下来,把那份总结写了,他走进办公室，先开了空调，然后坐下来把那份总结写了。,他走进办公室，先开了空调，然后坐下来,他坐下来,,True,infelicitous,他走进办公室，先开了空调，然后坐下来把那份总结写了。,他走进办公室，先开了空调，然后坐下来把那份总结写了。,[],0,True,False
T0330,SVO_有语境_200,有语境,SVO-preferred,2,叙述经历和日程,15,SVO-NS-015,SVO-CTX-NS-015,2,SVO,preferred,他走进办公室，先开了空调，然后坐下来,写了一份总结,他走进办公室，先开了空调，然后坐下来写了一份总结。,他走进办公室，先开了空调，然后坐下来,他坐下来,,False,felicitous,他走进办公室，先开了空调，然后坐下来写了一份总结。,他走进办公室，先开了空调，然后坐下来写了一份总结。,[],0,True,False
T0331,SVO_有语境_200,有语境,SVO-preferred,2,叙述经历和日程,16,SVO-NS-016,SVO-CTX-NS-016,1,BA,non-preferred,去商场购物时，我先买了一件衬衫，后来又去五楼,把那双凉鞋买了,去商场购物时，我先买了一件衬衫，后来又去五楼把那双凉鞋买了。,去商场购物时，我先买了一件衬衫，后来又去五楼,我又去五楼,,True,infelicitous,去商场购物时，我先买了一件衬衫，后来又去五楼把那双凉鞋买了。,去商场购物时，我先买了一件衬衫，后来又去五楼把那双凉鞋买了。,[],0,True,False
T0332,SVO_有语境_200,有语境,SVO-preferred,2,叙述经历和日程,16,SVO-NS-016,SVO-CTX-NS-016,2,SVO,preferred,去商场购物时，我先买了一件衬衫，后来又去五楼,买了一双凉鞋,去商场购物时，我先买了一件衬衫，后来又去五楼买了一双凉鞋。,去商场购物时，我先买了一件衬衫，后来又去五楼,我又去五楼,,False,felicitous,去商场购物时，我先买了一件衬衫，后来又去五楼买了一双凉鞋。,去商场购物时，我先买了一件衬衫，后来又去五楼买了一双凉鞋。,[],0,True,False
T0333,SVO_有语境_200,有语境,SVO-preferred,2,叙述经历和日程,17,SVO-NS-017,SVO-CTX-NS-017,1,BA,non-preferred,大家聚餐时，先喝了果汁，又聊了天，最后一起,把那瓶红酒喝了,大家聚餐时，先喝了果汁，又聊了天，最后一起把那瓶红酒喝了。,大家聚餐时，先喝了果汁，又聊了天，最后一起,大家最后一起,,True,infelicitous,大家聚餐时，先喝了果汁，又聊了天，最后一起把那瓶红酒喝了。,大家聚餐时，先喝了果汁，又聊了天，最后一起把那瓶红酒喝了。,[],0,True,False
T0334,SVO_有语境_200,有语境,SVO-preferred,2,叙述经历和日程,17,SVO-NS-017,SVO-CTX-NS-017,2,SVO,preferred,大家聚餐时，先喝了果汁，又聊了天，最后一起,喝了一瓶红酒,大家聚餐时，先喝了果汁，又聊了天，最后一起喝了一瓶红酒。,大家聚餐时，先喝了果汁，又聊了天，最后一起,大家最后一起,,False,felicitous,大家聚餐时，先喝了果汁，又聊了天，最后一起喝了一瓶红酒。,大家聚餐时，先喝了果汁，又聊了天，最后一起喝了一瓶红酒。,[],0,True,False
T0335,SVO_有语境_200,有语境,SVO-preferred,2,叙述经历和日程,18,SVO-NS-018,SVO-CTX-NS-018,1,BA,non-preferred,在火车站候车时，我先查了时刻表，然后去书报亭,把那张地图买了,在火车站候车时，我先查了时刻表，然后去书报亭把那张地图买了。,在火车站候车时，我先查了时刻表，然后去书报亭,我去书报亭,,True,infelicitous,在火车站候车时，我先查了时刻表，然后去书报亭把那张地图买了。,在火车站候车时，我先查了时刻表，然后去书报亭把那张地图买了。,[],0,True,False
T0336,SVO_有语境_200,有语境,SVO-preferred,2,叙述经历和日程,18,SVO-NS-018,SVO-CTX-NS-018,2,SVO,preferred,在火车站候车时，我先查了时刻表，然后去书报亭,买了一张地图,在火车站候车时，我先查了时刻表，然后去书报亭买了一张地图。,在火车站候车时，我先查了时刻表，然后去书报亭,我去书报亭,,False,felicitous,在火车站候车时，我先查了时刻表，然后去书报亭买了一张地图。,在火车站候车时，我先查了时刻表，然后去书报亭买了一张地图。,[],0,True,False
T0337,SVO_有语境_200,有语境,SVO-preferred,2,叙述经历和日程,19,SVO-NS-019,SVO-CTX-NS-019,1,BA,non-preferred,回到家后，他先放下书包，脱了外套，然后去厨房,把那碗面条煮了,回到家后，他先放下书包，脱了外套，然后去厨房把那碗面条煮了。,回到家后，他先放下书包，脱了外套，然后去厨房,他去厨房,,True,infelicitous,回到家后，他先放下书包，脱了外套，然后去厨房把那碗面条煮了。,回到家后，他先放下书包，脱了外套，然后去厨房把那碗面条煮了。,[],0,True,False
T0338,SVO_有语境_200,有语境,SVO-preferred,2,叙述经历和日程,19,SVO-NS-019,SVO-CTX-NS-019,2,SVO,preferred,回到家后，他先放下书包，脱了外套，然后去厨房,煮了一碗面条,回到家后，他先放下书包，脱了外套，然后去厨房煮了一碗面条。,回到家后，他先放下书包，脱了外套，然后去厨房,他去厨房,,False,felicitous,回到家后，他先放下书包，脱了外套，然后去厨房煮了一碗面条。,回到家后，他先放下书包，脱了外套，然后去厨房煮了一碗面条。,[],0,True,False
T0339,SVO_有语境_200,有语境,SVO-preferred,2,叙述经历和日程,20,SVO-NS-020,SVO-CTX-NS-020,1,BA,non-preferred,准备开会前，我先打印了材料，然后去休息间,把那壶热茶泡了,准备开会前，我先打印了材料，然后去休息间把那壶热茶泡了。,准备开会前，我先打印了材料，然后去休息间,我去休息间,,True,infelicitous,准备开会前，我先打印了材料，然后去休息间把那壶热茶泡了。,准备开会前，我先打印了材料，然后去休息间把那壶热茶泡了。,[],0,True,False
T0340,SVO_有语境_200,有语境,SVO-preferred,2,叙述经历和日程,20,SVO-NS-020,SVO-CTX-NS-020,2,SVO,preferred,准备开会前，我先打印了材料，然后去休息间,泡了一壶热茶,准备开会前，我先打印了材料，然后去休息间泡了一壶热茶。,准备开会前，我先打印了材料，然后去休息间,我去休息间,,False,felicitous,准备开会前，我先打印了材料，然后去休息间泡了一壶热茶。,准备开会前，我先打印了材料，然后去休息间泡了一壶热茶。,[],0,True,False
T0341,SVO_有语境_200,有语境,SVO-preferred,2,叙述经历和日程,21,SVO-NS-021,SVO-CTX-NS-021,1,BA,non-preferred,回到家后，我先洗了手，然后去厨房,把那个西瓜切了,回到家后，我先洗了手，然后去厨房把那个西瓜切了。,回到家后，我先洗了手，然后去厨房,我去厨房,,True,infelicitous,回到家后，我先洗了手，然后去厨房把那个西瓜切了。,回到家后，我先洗了手，然后去厨房把那个西瓜切了。,[],0,True,False
T0342,SVO_有语境_200,有语境,SVO-preferred,2,叙述经历和日程,21,SVO-NS-021,SVO-CTX-NS-021,2,SVO,preferred,回到家后，我先洗了手，然后去厨房,切了一个西瓜,回到家后，我先洗了手，然后去厨房切了一个西瓜。,回到家后，我先洗了手，然后去厨房,我去厨房,,False,felicitous,回到家后，我先洗了手，然后去厨房切了一个西瓜。,回到家后，我先洗了手，然后去厨房切了一个西瓜。,[],0,True,False
T0343,SVO_有语境_200,有语境,SVO-preferred,2,叙述经历和日程,22,SVO-NS-022,SVO-CTX-NS-022,1,BA,non-preferred,昨天去参观博物馆，我们先听了导游的讲解，最后在门口的纪念品店,把那张明信片买了,昨天去参观博物馆，我们先听了导游的讲解，最后在门口的纪念品店把那张明信片买了。,昨天去参观博物馆，我们先听了导游的讲解，最后在门口的纪念品店,我们在门口的纪念品店,,True,infelicitous,昨天去参观博物馆，我们先听了导游的讲解，最后在门口的纪念品店把那张明信片买了。,昨天去参观博物馆，我们先听了导游的讲解，最后在门口的纪念品店把那张明信片买了。,[],0,True,False
T0344,SVO_有语境_200,有语境,SVO-preferred,2,叙述经历和日程,22,SVO-NS-022,SVO-CTX-NS-022,2,SVO,preferred,昨天去参观博物馆，我们先听了导游的讲解，最后在门口的纪念品店,买了一张明信片,昨天去参观博物馆，我们先听了导游的讲解，最后在门口的纪念品店买了一张明信片。,昨天去参观博物馆，我们先听了导游的讲解，最后在门口的纪念品店,我们在门口的纪念品店,,False,felicitous,昨天去参观博物馆，我们先听了导游的讲解，最后在门口的纪念品店买了一张明信片。,昨天去参观博物馆，我们先听了导游的讲解，最后在门口的纪念品店买了一张明信片。,[],0,True,False
T0345,SVO_有语境_200,有语境,SVO-preferred,2,叙述经历和日程,23,SVO-NS-023,SVO-CTX-NS-023,1,BA,non-preferred,昨天我去医院看病，医生先问了情况，然后给我,把那些药开了,昨天我去医院看病，医生先问了情况，然后给我把那些药开了。,昨天我去医院看病，医生先问了情况，然后给我,医生给我,,True,infelicitous,昨天我去医院看病，医生先问了情况，然后给我把那些药开了。,昨天我去医院看病，医生先问了情况，然后给我把那些药开了。,[],0,True,False
T0346,SVO_有语境_200,有语境,SVO-preferred,2,叙述经历和日程,23,SVO-NS-023,SVO-CTX-NS-023,2,SVO,preferred,昨天我去医院看病，医生先问了情况，然后给我,开了一些药,昨天我去医院看病，医生先问了情况，然后给我开了一些药。,昨天我去医院看病，医生先问了情况，然后给我,医生给我,,False,felicitous,昨天我去医院看病，医生先问了情况，然后给我开了一些药。,昨天我去医院看病，医生先问了情况，然后给我开了一些药。,[],0,True,False
T0347,SVO_有语境_200,有语境,SVO-preferred,2,叙述经历和日程,24,SVO-NS-024,SVO-CTX-NS-024,1,BA,non-preferred,他今天起得很早，洗漱完以后走到阳台，看着外面的风景安静地,把那杯温水喝了,他今天起得很早，洗漱完以后走到阳台，看着外面的风景安静地把那杯温水喝了。,他今天起得很早，洗漱完以后走到阳台，看着外面的风景安静地,他安静地,,True,infelicitous,他今天起得很早，洗漱完以后走到阳台，看着外面的风景安静地把那杯温水喝了。,他今天起得很早，洗漱完以后走到阳台，看着外面的风景安静地把那杯温水喝了。,[],0,True,False
T0348,SVO_有语境_200,有语境,SVO-preferred,2,叙述经历和日程,24,SVO-NS-024,SVO-CTX-NS-024,2,SVO,preferred,他今天起得很早，洗漱完以后走到阳台，看着外面的风景安静地,喝了一杯温水,他今天起得很早，洗漱完以后走到阳台，看着外面的风景安静地喝了一杯温水。,他今天起得很早，洗漱完以后走到阳台，看着外面的风景安静地,他安静地,,False,felicitous,他今天起得很早，洗漱完以后走到阳台，看着外面的风景安静地喝了一杯温水。,他今天起得很早，洗漱完以后走到阳台，看着外面的风景安静地喝了一杯温水。,[],0,True,False
T0349,SVO_有语境_200,有语境,SVO-preferred,2,叙述经历和日程,25,SVO-NS-025,SVO-CTX-NS-025,1,BA,non-preferred,到了火车站，我们先取了票，然后去候车室,把那个座位找到了,到了火车站，我们先取了票，然后去候车室把那个座位找到了。,到了火车站，我们先取了票，然后去候车室,我们去候车室,,True,infelicitous,到了火车站，我们先取了票，然后去候车室把那个座位找到了。,到了火车站，我们先取了票，然后去候车室把那个座位找到了。,[],0,True,False
T0350,SVO_有语境_200,有语境,SVO-preferred,2,叙述经历和日程,25,SVO-NS-025,SVO-CTX-NS-025,2,SVO,preferred,到了火车站，我们先取了票，然后去候车室,找到了一个座位,到了火车站，我们先取了票，然后去候车室找到了一个座位。,到了火车站，我们先取了票，然后去候车室,我们去候车室,,False,felicitous,到了火车站，我们先取了票，然后去候车室找到了一个座位。,到了火车站，我们先取了票，然后去候车室找到了一个座位。,[],0,True,False
T0351,SVO_有语境_200,有语境,SVO-preferred,2,叙述经历和日程,26,SVO-NS-026,SVO-CTX-NS-026,1,BA,non-preferred,会议开始前，秘书先给大家发了材料，然后走到台前,把那台投影仪打开了,会议开始前，秘书先给大家发了材料，然后走到台前把那台投影仪打开了。,会议开始前，秘书先给大家发了材料，然后走到台前,秘书走到台前,,True,infelicitous,会议开始前，秘书先给大家发了材料，然后走到台前把那台投影仪打开了。,会议开始前，秘书先给大家发了材料，然后走到台前把那台投影仪打开了。,[],0,True,False
T0352,SVO_有语境_200,有语境,SVO-preferred,2,叙述经历和日程,26,SVO-NS-026,SVO-CTX-NS-026,2,SVO,preferred,会议开始前，秘书先给大家发了材料，然后走到台前,打开了投影仪,会议开始前，秘书先给大家发了材料，然后走到台前打开了投影仪。,会议开始前，秘书先给大家发了材料，然后走到台前,秘书走到台前,,False,felicitous,会议开始前，秘书先给大家发了材料，然后走到台前打开了投影仪。,会议开始前，秘书先给大家发了材料，然后走到台前打开了投影仪。,[],0,True,False
T0353,SVO_有语境_200,有语境,SVO-preferred,2,叙述经历和日程,27,SVO-NS-027,SVO-CTX-NS-027,1,BA,non-preferred,上车以后，他先系好了安全带，然后慢慢地,把汽车发动了,上车以后，他先系好了安全带，然后慢慢地把汽车发动了。,上车以后，他先系好了安全带，然后慢慢地,他慢慢地,,True,infelicitous,上车以后，他先系好了安全带，然后慢慢地把汽车发动了。,上车以后，他先系好了安全带，然后慢慢地把汽车发动了。,[],0,True,False
T0354,SVO_有语境_200,有语境,SVO-preferred,2,叙述经历和日程,27,SVO-NS-027,SVO-CTX-NS-027,2,SVO,preferred,上车以后，他先系好了安全带，然后慢慢地,发动了汽车,上车以后，他先系好了安全带，然后慢慢地发动了汽车。,上车以后，他先系好了安全带，然后慢慢地,他慢慢地,,False,felicitous,上车以后，他先系好了安全带，然后慢慢地发动了汽车。,上车以后，他先系好了安全带，然后慢慢地发动了汽车。,[],0,True,False
T0355,SVO_有语境_200,有语境,SVO-preferred,2,叙述经历和日程,28,SVO-NS-028,SVO-CTX-NS-028,1,BA,non-preferred,经理上午到了公司，先给自己倒了水，然后坐下来打开电脑,把那份文件看了,经理上午到了公司，先给自己倒了水，然后坐下来打开电脑把那份文件看了。,经理上午到了公司，先给自己倒了水，然后坐下来打开电脑,经理坐下来打开电脑,,True,infelicitous,经理上午到了公司，先给自己倒了水，然后坐下来打开电脑把那份文件看了。,经理上午到了公司，先给自己倒了水，然后坐下来打开电脑把那份文件看了。,[],0,True,False
T0356,SVO_有语境_200,有语境,SVO-preferred,2,叙述经历和日程,28,SVO-NS-028,SVO-CTX-NS-028,2,SVO,preferred,经理上午到了公司，先给自己倒了水，然后坐下来打开电脑,看了一份文件,经理上午到了公司，先给自己倒了水，然后坐下来打开电脑看了一份文件。,经理上午到了公司，先给自己倒了水，然后坐下来打开电脑,经理坐下来打开电脑,,False,felicitous,经理上午到了公司，先给自己倒了水，然后坐下来打开电脑看了一份文件。,经理上午到了公司，先给自己倒了水，然后坐下来打开电脑看了一份文件。,[],0,True,False
T0357,SVO_有语境_200,有语境,SVO-preferred,2,叙述经历和日程,29,SVO-NS-029,SVO-CTX-NS-029,1,BA,non-preferred,下午的汉语课结束以后，我去了一趟图书馆，在三楼,把那两本小说借了,下午的汉语课结束以后，我去了一趟图书馆，在三楼把那两本小说借了。,下午的汉语课结束以后，我去了一趟图书馆，在三楼,我在三楼,,True,infelicitous,下午的汉语课结束以后，我去了一趟图书馆，在三楼把那两本小说借了。,下午的汉语课结束以后，我去了一趟图书馆，在三楼把那两本小说借了。,[],0,True,False
T0358,SVO_有语境_200,有语境,SVO-preferred,2,叙述经历和日程,29,SVO-NS-029,SVO-CTX-NS-029,2,SVO,preferred,下午的汉语课结束以后，我去了一趟图书馆，在三楼,借了两本小说,下午的汉语课结束以后，我去了一趟图书馆，在三楼借了两本小说。,下午的汉语课结束以后，我去了一趟图书馆，在三楼,我在三楼,,False,felicitous,下午的汉语课结束以后，我去了一趟图书馆，在三楼借了两本小说。,下午的汉语课结束以后，我去了一趟图书馆，在三楼借了两本小说。,[],0,True,False
T0359,SVO_有语境_200,有语境,SVO-preferred,2,叙述经历和日程,30,SVO-NS-030,SVO-CTX-NS-030,1,BA,non-preferred,下了飞机，我们先取了行李，然后在停车场,把我的车开走了,下了飞机，我们先取了行李，然后在停车场把我的车开走了。,下了飞机，我们先取了行李，然后在停车场,我们在停车场,,True,infelicitous,下了飞机，我们先取了行李，然后在停车场把我的车开走了。,下了飞机，我们先取了行李，然后在停车场把我的车开走了。,[],0,True,False
T0360,SVO_有语境_200,有语境,SVO-preferred,2,叙述经历和日程,30,SVO-NS-030,SVO-CTX-NS-030,2,SVO,preferred,下了飞机，我们先取了行李，然后在停车场,开走了我的车,下了飞机，我们先取了行李，然后在停车场开走了我的车。,下了飞机，我们先取了行李，然后在停车场,我们在停车场,,False,felicitous,下了飞机，我们先取了行李，然后在停车场开走了我的车。,下了飞机，我们先取了行李，然后在停车场开走了我的车。,[],0,True,False
T0361,SVO_有语境_200,有语境,SVO-preferred,2,叙述经历和日程,31,SVO-NS-031,SVO-CTX-NS-031,1,BA,non-preferred,进门后，他先脱了鞋，然后把包放下，又给自己,把那杯热水接好了,进门后，他先脱了鞋，然后把包放下，又给自己把那杯热水接好了。,进门后，他先脱了鞋，然后把包放下，又给自己,他又给自己,,True,infelicitous,进门后，他先脱了鞋，然后把包放下，又给自己把那杯热水接好了。,进门后，他先脱了鞋，然后把包放下，又给自己把那杯热水接好了。,[],0,True,False
T0362,SVO_有语境_200,有语境,SVO-preferred,2,叙述经历和日程,31,SVO-NS-031,SVO-CTX-NS-031,2,SVO,preferred,进门后，他先脱了鞋，然后把包放下，又给自己,接好了一杯热水,进门后，他先脱了鞋，然后把包放下，又给自己接好了一杯热水。,进门后，他先脱了鞋，然后把包放下，又给自己,他又给自己,,False,felicitous,进门后，他先脱了鞋，然后把包放下，又给自己接好了一杯热水。,进门后，他先脱了鞋，然后把包放下，又给自己接好了一杯热水。,[],0,True,False
T0363,SVO_有语境_200,有语境,SVO-preferred,2,叙述经历和日程,32,SVO-NS-032,SVO-CTX-NS-032,1,BA,non-preferred,我们先去了博物馆，然后去了公园，最后在街角,把那杯奶茶喝了,我们先去了博物馆，然后去了公园，最后在街角把那杯奶茶喝了。,我们先去了博物馆，然后去了公园，最后在街角,我们在街角,,True,infelicitous,我们先去了博物馆，然后去了公园，最后在街角把那杯奶茶喝了。,我们先去了博物馆，然后去了公园，最后在街角把那杯奶茶喝了。,[],0,True,False
T0364,SVO_有语境_200,有语境,SVO-preferred,2,叙述经历和日程,32,SVO-NS-032,SVO-CTX-NS-032,2,SVO,preferred,我们先去了博物馆，然后去了公园，最后在街角,喝了一杯奶茶,我们先去了博物馆，然后去了公园，最后在街角喝了一杯奶茶。,我们先去了博物馆，然后去了公园，最后在街角,我们在街角,,False,felicitous,我们先去了博物馆，然后去了公园，最后在街角喝了一杯奶茶。,我们先去了博物馆，然后去了公园，最后在街角喝了一杯奶茶。,[],0,True,False
T0365,SVO_有语境_200,有语境,SVO-preferred,2,叙述经历和日程,33,SVO-NS-033,SVO-CTX-NS-033,1,BA,non-preferred,老师走进教室，把书本放在讲台上，然后转身在黑板上,把那个生词写了,老师走进教室，把书本放在讲台上，然后转身在黑板上把那个生词写了。,老师走进教室，把书本放在讲台上，然后转身在黑板上,老师转身在黑板上,,True,infelicitous,老师走进教室，把书本放在讲台上，然后转身在黑板上把那个生词写了。,老师走进教室，把书本放在讲台上，然后转身在黑板上把那个生词写了。,[],0,True,False
T0366,SVO_有语境_200,有语境,SVO-preferred,2,叙述经历和日程,33,SVO-NS-033,SVO-CTX-NS-033,2,SVO,preferred,老师走进教室，把书本放在讲台上，然后转身在黑板上,写了一个生词,老师走进教室，把书本放在讲台上，然后转身在黑板上写了一个生词。,老师走进教室，把书本放在讲台上，然后转身在黑板上,老师转身在黑板上,,False,felicitous,老师走进教室，把书本放在讲台上，然后转身在黑板上写了一个生词。,老师走进教室，把书本放在讲台上，然后转身在黑板上写了一个生词。,[],0,True,False
T0367,SVO_有语境_200,有语境,SVO-preferred,2,叙述经历和日程,34,SVO-NS-034,SVO-CTX-NS-034,1,BA,non-preferred,晚饭做好了，大家先去洗了手，然后在客厅里一边聊天一边,把水果吃了,晚饭做好了，大家先去洗了手，然后在客厅里一边聊天一边把水果吃了。,晚饭做好了，大家先去洗了手，然后在客厅里一边聊天一边,大家在客厅里一边聊天一边,,True,infelicitous,晚饭做好了，大家先去洗了手，然后在客厅里一边聊天一边把水果吃了。,晚饭做好了，大家先去洗了手，然后在客厅里一边聊天一边把水果吃了。,[],0,True,False
T0368,SVO_有语境_200,有语境,SVO-preferred,2,叙述经历和日程,34,SVO-NS-034,SVO-CTX-NS-034,2,SVO,preferred,晚饭做好了，大家先去洗了手，然后在客厅里一边聊天一边,吃水果,晚饭做好了，大家先去洗了手，然后在客厅里一边聊天一边吃水果。,晚饭做好了，大家先去洗了手，然后在客厅里一边聊天一边,大家在客厅里一边聊天一边,,False,felicitous,晚饭做好了，大家先去洗了手，然后在客厅里一边聊天一边吃水果。,晚饭做好了，大家先去洗了手，然后在客厅里一边聊天一边吃水果。,[],0,True,False
T0369,SVO_有语境_200,有语境,SVO-preferred,2,叙述经历和日程,35,SVO-NS-035,SVO-CTX-NS-035,1,BA,non-preferred,他打开电脑，输入了密码，然后点开浏览器,把那条新闻看了,他打开电脑，输入了密码，然后点开浏览器把那条新闻看了。,他打开电脑，输入了密码，然后点开浏览器,他点开浏览器,,True,infelicitous,他打开电脑，输入了密码，然后点开浏览器把那条新闻看了。,他打开电脑，输入了密码，然后点开浏览器把那条新闻看了。,[],0,True,False
T0370,SVO_有语境_200,有语境,SVO-preferred,2,叙述经历和日程,35,SVO-NS-035,SVO-CTX-NS-035,2,SVO,preferred,他打开电脑，输入了密码，然后点开浏览器,看了一条新闻,他打开电脑，输入了密码，然后点开浏览器看了一条新闻。,他打开电脑，输入了密码，然后点开浏览器,他点开浏览器,,False,felicitous,他打开电脑，输入了密码，然后点开浏览器看了一条新闻。,他打开电脑，输入了密码，然后点开浏览器看了一条新闻。,[],0,True,False
T0371,SVO_有语境_200,有语境,SVO-preferred,2,叙述经历和日程,36,SVO-NS-036,SVO-CTX-NS-036,1,BA,non-preferred,周末我们在家里大扫除，先擦了窗户，洗了衣服，然后下楼,把那两袋垃圾扔了,周末我们在家里大扫除，先擦了窗户，洗了衣服，然后下楼把那两袋垃圾扔了。,周末我们在家里大扫除，先擦了窗户，洗了衣服，然后下楼,我们下楼,,True,infelicitous,周末我们在家里大扫除，先擦了窗户，洗了衣服，然后下楼把那两袋垃圾扔了。,周末我们在家里大扫除，先擦了窗户，洗了衣服，然后下楼把那两袋垃圾扔了。,[],0,True,False
T0372,SVO_有语境_200,有语境,SVO-preferred,2,叙述经历和日程,36,SVO-NS-036,SVO-CTX-NS-036,2,SVO,preferred,周末我们在家里大扫除，先擦了窗户，洗了衣服，然后下楼,扔了两袋垃圾,周末我们在家里大扫除，先擦了窗户，洗了衣服，然后下楼扔了两袋垃圾。,周末我们在家里大扫除，先擦了窗户，洗了衣服，然后下楼,我们下楼,,False,felicitous,周末我们在家里大扫除，先擦了窗户，洗了衣服，然后下楼扔了两袋垃圾。,周末我们在家里大扫除，先擦了窗户，洗了衣服，然后下楼扔了两袋垃圾。,[],0,True,False
T0373,SVO_有语境_200,有语境,SVO-preferred,2,叙述经历和日程,37,SVO-NS-037,SVO-CTX-NS-037,1,BA,non-preferred,昨天我去菜市场，买了青菜，买了豆腐，最后为了招待客人还,把那条鱼买了,昨天我去菜市场，买了青菜，买了豆腐，最后为了招待客人还把那条鱼买了。,昨天我去菜市场，买了青菜，买了豆腐，最后为了招待客人还,我为了招待客人还,,True,infelicitous,昨天我去菜市场，买了青菜，买了豆腐，最后为了招待客人还把那条鱼买了。,昨天我去菜市场，买了青菜，买了豆腐，最后为了招待客人还把那条鱼买了。,[],0,True,False
T0374,SVO_有语境_200,有语境,SVO-preferred,2,叙述经历和日程,37,SVO-NS-037,SVO-CTX-NS-037,2,SVO,preferred,昨天我去菜市场，买了青菜，买了豆腐，最后为了招待客人还,买了一条鱼,昨天我去菜市场，买了青菜，买了豆腐，最后为了招待客人还买了一条鱼。,昨天我去菜市场，买了青菜，买了豆腐，最后为了招待客人还,我为了招待客人还,,False,felicitous,昨天我去菜市场，买了青菜，买了豆腐，最后为了招待客人还买了一条鱼。,昨天我去菜市场，买了青菜，买了豆腐，最后为了招待客人还买了一条鱼。,[],0,True,False
T0375,SVO_有语境_200,有语境,SVO-preferred,2,叙述经历和日程,38,SVO-NS-038,SVO-CTX-NS-038,1,BA,non-preferred,到了银行，他先拿了号，然后在休息区的沙发上,把那本杂志看了,到了银行，他先拿了号，然后在休息区的沙发上把那本杂志看了。,到了银行，他先拿了号，然后在休息区的沙发上,他在休息区的沙发上,,True,infelicitous,到了银行，他先拿了号，然后在休息区的沙发上把那本杂志看了。,到了银行，他先拿了号，然后在休息区的沙发上把那本杂志看了。,[],0,True,False
T0376,SVO_有语境_200,有语境,SVO-preferred,2,叙述经历和日程,38,SVO-NS-038,SVO-CTX-NS-038,2,SVO,preferred,到了银行，他先拿了号，然后在休息区的沙发上,看了一本杂志,到了银行，他先拿了号，然后在休息区的沙发上看了一本杂志。,到了银行，他先拿了号，然后在休息区的沙发上,他在休息区的沙发上,,False,felicitous,到了银行，他先拿了号，然后在休息区的沙发上看了一本杂志。,到了银行，他先拿了号，然后在休息区的沙发上看了一本杂志。,[],0,True,False
T0377,SVO_有语境_200,有语境,SVO-preferred,2,叙述经历和日程,39,SVO-NS-039,SVO-CTX-NS-039,1,BA,non-preferred,昨天面试的时候，他先介绍了自己，然后回答了问题，最后给面试官,把那份简历留下了,昨天面试的时候，他先介绍了自己，然后回答了问题，最后给面试官把那份简历留下了。,昨天面试的时候，他先介绍了自己，然后回答了问题，最后给面试官,他最后给面试官,,True,infelicitous,昨天面试的时候，他先介绍了自己，然后回答了问题，最后给面试官把那份简历留下了。,昨天面试的时候，他先介绍了自己，然后回答了问题，最后给面试官把那份简历留下了。,[],0,True,False
T0378,SVO_有语境_200,有语境,SVO-preferred,2,叙述经历和日程,39,SVO-NS-039,SVO-CTX-NS-039,2,SVO,preferred,昨天面试的时候，他先介绍了自己，然后回答了问题，最后给面试官,留下了一份简历,昨天面试的时候，他先介绍了自己，然后回答了问题，最后给面试官留下了一份简历。,昨天面试的时候，他先介绍了自己，然后回答了问题，最后给面试官,他最后给面试官,,False,felicitous,昨天面试的时候，他先介绍了自己，然后回答了问题，最后给面试官留下了一份简历。,昨天面试的时候，他先介绍了自己，然后回答了问题，最后给面试官留下了一份简历。,[],0,True,False
T0379,SVO_有语境_200,有语境,SVO-preferred,2,叙述经历和日程,40,SVO-NS-040,SVO-CTX-NS-040,1,BA,non-preferred,妈妈回到家，先换了衣服，然后去厨房系上围裙，开始,把晚餐做了,妈妈回到家，先换了衣服，然后去厨房系上围裙，开始把晚餐做了。,妈妈回到家，先换了衣服，然后去厨房系上围裙，开始,妈妈开始,,True,infelicitous,妈妈回到家，先换了衣服，然后去厨房系上围裙，开始把晚餐做了。,妈妈回到家，先换了衣服，然后去厨房系上围裙，开始把晚餐做了。,[],0,True,False
T0380,SVO_有语境_200,有语境,SVO-preferred,2,叙述经历和日程,40,SVO-NS-040,SVO-CTX-NS-040,2,SVO,preferred,妈妈回到家，先换了衣服，然后去厨房系上围裙，开始,做晚餐,妈妈回到家，先换了衣服，然后去厨房系上围裙，开始做晚餐。,妈妈回到家，先换了衣服，然后去厨房系上围裙，开始,妈妈开始,,False,felicitous,妈妈回到家，先换了衣服，然后去厨房系上围裙，开始做晚餐。,妈妈回到家，先换了衣服，然后去厨房系上围裙，开始做晚餐。,[],0,True,False
T0381,SVO_有语境_200,有语境,SVO-preferred,2,叙述经历和日程,41,SVO-NS-041,SVO-CTX-NS-041,1,BA,non-preferred,到了酒店，我们先在前台拿了房卡，坐电梯上楼放好行李，接着就,把那瓶矿泉水喝了,到了酒店，我们先在前台拿了房卡，坐电梯上楼放好行李，接着就把那瓶矿泉水喝了。,到了酒店，我们先在前台拿了房卡，坐电梯上楼放好行李，接着就,我们接着就,,True,infelicitous,到了酒店，我们先在前台拿了房卡，坐电梯上楼放好行李，接着就把那瓶矿泉水喝了。,到了酒店，我们先在前台拿了房卡，坐电梯上楼放好行李，接着就把那瓶矿泉水喝了。,[],0,True,False
T0382,SVO_有语境_200,有语境,SVO-preferred,2,叙述经历和日程,41,SVO-NS-041,SVO-CTX-NS-041,2,SVO,preferred,到了酒店，我们先在前台拿了房卡，坐电梯上楼放好行李，接着就,喝了一瓶矿泉水,到了酒店，我们先在前台拿了房卡，坐电梯上楼放好行李，接着就喝了一瓶矿泉水。,到了酒店，我们先在前台拿了房卡，坐电梯上楼放好行李，接着就,我们接着就,,False,felicitous,到了酒店，我们先在前台拿了房卡，坐电梯上楼放好行李，接着就喝了一瓶矿泉水。,到了酒店，我们先在前台拿了房卡，坐电梯上楼放好行李，接着就喝了一瓶矿泉水。,[],0,True,False
T0383,SVO_有语境_200,有语境,SVO-preferred,2,叙述经历和日程,42,SVO-NS-042,SVO-CTX-NS-042,1,BA,non-preferred,陪奶奶去医院看病，我们先排队挂号，看完医生后去一楼,把那几盒感冒药买了,陪奶奶去医院看病，我们先排队挂号，看完医生后去一楼把那几盒感冒药买了。,陪奶奶去医院看病，我们先排队挂号，看完医生后去一楼,我们去一楼,,True,infelicitous,陪奶奶去医院看病，我们先排队挂号，看完医生后去一楼把那几盒感冒药买了。,陪奶奶去医院看病，我们先排队挂号，看完医生后去一楼把那几盒感冒药买了。,[],0,True,False
T0384,SVO_有语境_200,有语境,SVO-preferred,2,叙述经历和日程,42,SVO-NS-042,SVO-CTX-NS-042,2,SVO,preferred,陪奶奶去医院看病，我们先排队挂号，看完医生后去一楼,买了几盒感冒药,陪奶奶去医院看病，我们先排队挂号，看完医生后去一楼买了几盒感冒药。,陪奶奶去医院看病，我们先排队挂号，看完医生后去一楼,我们去一楼,,False,felicitous,陪奶奶去医院看病，我们先排队挂号，看完医生后去一楼买了几盒感冒药。,陪奶奶去医院看病，我们先排队挂号，看完医生后去一楼买了几盒感冒药。,[],0,True,False
T0385,SVO_有语境_200,有语境,SVO-preferred,2,叙述经历和日程,43,SVO-NS-043,SVO-CTX-NS-043,1,BA,non-preferred,打开包裹后，她先看了看说明书，然后小心地从盒子里,把那个新手机拿出来了,打开包裹后，她先看了看说明书，然后小心地从盒子里把那个新手机拿出来了。,打开包裹后，她先看了看说明书，然后小心地从盒子里,她小心地从盒子里,,True,infelicitous,打开包裹后，她先看了看说明书，然后小心地从盒子里把那个新手机拿出来了。,打开包裹后，她先看了看说明书，然后小心地从盒子里把那个新手机拿出来了。,[],0,True,False
T0386,SVO_有语境_200,有语境,SVO-preferred,2,叙述经历和日程,43,SVO-NS-043,SVO-CTX-NS-043,2,SVO,preferred,打开包裹后，她先看了看说明书，然后小心地从盒子里,拿出来了一个新手机,打开包裹后，她先看了看说明书，然后小心地从盒子里拿出来了一个新手机。,打开包裹后，她先看了看说明书，然后小心地从盒子里,她小心地从盒子里,,False,felicitous,打开包裹后，她先看了看说明书，然后小心地从盒子里拿出来了一个新手机。,打开包裹后，她先看了看说明书，然后小心地从盒子里拿出来了一个新手机。,[],0,True,False
T0387,SVO_有语境_200,有语境,SVO-preferred,2,叙述经历和日程,44,SVO-NS-044,SVO-CTX-NS-044,1,BA,non-preferred,我们先去前台办了入住，然后拿着房卡，上楼去,把我们的房间找到了,我们先去前台办了入住，然后拿着房卡，上楼去把我们的房间找到了。,我们先去前台办了入住，然后拿着房卡，上楼去,我们上楼去,,True,infelicitous,我们先去前台办了入住，然后拿着房卡，上楼去把我们的房间找到了。,我们先去前台办了入住，然后拿着房卡，上楼去把我们的房间找到了。,[],0,True,False
T0388,SVO_有语境_200,有语境,SVO-preferred,2,叙述经历和日程,44,SVO-NS-044,SVO-CTX-NS-044,2,SVO,preferred,我们先去前台办了入住，然后拿着房卡，上楼去,找到了我们的房间,我们先去前台办了入住，然后拿着房卡，上楼去找到了我们的房间。,我们先去前台办了入住，然后拿着房卡，上楼去,我们上楼去,,False,felicitous,我们先去前台办了入住，然后拿着房卡，上楼去找到了我们的房间。,我们先去前台办了入住，然后拿着房卡，上楼去找到了我们的房间。,[],0,True,False
T0389,SVO_有语境_200,有语境,SVO-preferred,2,叙述经历和日程,45,SVO-NS-045,SVO-CTX-NS-045,1,BA,non-preferred,过了机场安检，距离起飞还有很长时间，我就去旁边的书店,把那本杂志买了,过了机场安检，距离起飞还有很长时间，我就去旁边的书店把那本杂志买了。,过了机场安检，距离起飞还有很长时间，我就去旁边的书店,我就去旁边的书店,,True,infelicitous,过了机场安检，距离起飞还有很长时间，我就去旁边的书店把那本杂志买了。,过了机场安检，距离起飞还有很长时间，我就去旁边的书店把那本杂志买了。,[],0,True,False
T0390,SVO_有语境_200,有语境,SVO-preferred,2,叙述经历和日程,45,SVO-NS-045,SVO-CTX-NS-045,2,SVO,preferred,过了机场安检，距离起飞还有很长时间，我就去旁边的书店,买了一本杂志,过了机场安检，距离起飞还有很长时间，我就去旁边的书店买了一本杂志。,过了机场安检，距离起飞还有很长时间，我就去旁边的书店,我就去旁边的书店,,False,felicitous,过了机场安检，距离起飞还有很长时间，我就去旁边的书店买了一本杂志。,过了机场安检，距离起飞还有很长时间，我就去旁边的书店买了一本杂志。,[],0,True,False
T0391,SVO_有语境_200,有语境,SVO-preferred,2,叙述经历和日程,46,SVO-NS-046,SVO-CTX-NS-046,1,BA,non-preferred,下午我们去公园散步，在湖边坐了一会儿，然后拿出面包,把那几只天鹅喂了,下午我们去公园散步，在湖边坐了一会儿，然后拿出面包把那几只天鹅喂了。,下午我们去公园散步，在湖边坐了一会儿，然后拿出面包,我们拿出面包,,True,infelicitous,下午我们去公园散步，在湖边坐了一会儿，然后拿出面包把那几只天鹅喂了。,下午我们去公园散步，在湖边坐了一会儿，然后拿出面包把那几只天鹅喂了。,[],0,True,False
T0392,SVO_有语境_200,有语境,SVO-preferred,2,叙述经历和日程,46,SVO-NS-046,SVO-CTX-NS-046,2,SVO,preferred,下午我们去公园散步，在湖边坐了一会儿，然后拿出面包,喂了几只天鹅,下午我们去公园散步，在湖边坐了一会儿，然后拿出面包喂了几只天鹅。,下午我们去公园散步，在湖边坐了一会儿，然后拿出面包,我们拿出面包,,False,felicitous,下午我们去公园散步，在湖边坐了一会儿，然后拿出面包喂了几只天鹅。,下午我们去公园散步，在湖边坐了一会儿，然后拿出面包喂了几只天鹅。,[],0,True,False
T0393,SVO_有语境_200,有语境,SVO-preferred,2,叙述经历和日程,47,SVO-NS-047,SVO-CTX-NS-047,1,BA,non-preferred,电影开场前，我们先买了爆米花，然后向工作人员,把那两张票买了,电影开场前，我们先买了爆米花，然后向工作人员把那两张票买了。,电影开场前，我们先买了爆米花，然后向工作人员,我们向工作人员,,True,infelicitous,电影开场前，我们先买了爆米花，然后向工作人员把那两张票买了。,电影开场前，我们先买了爆米花，然后向工作人员把那两张票买了。,[],0,True,False
T0394,SVO_有语境_200,有语境,SVO-preferred,2,叙述经历和日程,47,SVO-NS-047,SVO-CTX-NS-047,2,SVO,preferred,电影开场前，我们先买了爆米花，然后向工作人员,买了两张票,电影开场前，我们先买了爆米花，然后向工作人员买了两张票。,电影开场前，我们先买了爆米花，然后向工作人员,我们向工作人员,,False,felicitous,电影开场前，我们先买了爆米花，然后向工作人员买了两张票。,电影开场前，我们先买了爆米花，然后向工作人员买了两张票。,[],0,True,False
T0395,SVO_有语境_200,有语境,SVO-preferred,2,叙述经历和日程,48,SVO-NS-048,SVO-CTX-NS-048,1,BA,non-preferred,搬家那天特别累，把东西都搬进新家后，大家去楼下的餐厅,把那顿火锅吃了,搬家那天特别累，把东西都搬进新家后，大家去楼下的餐厅把那顿火锅吃了。,搬家那天特别累，把东西都搬进新家后，大家去楼下的餐厅,大家去楼下的餐厅,,True,infelicitous,搬家那天特别累，把东西都搬进新家后，大家去楼下的餐厅把那顿火锅吃了。,搬家那天特别累，把东西都搬进新家后，大家去楼下的餐厅把那顿火锅吃了。,[],0,True,False
T0396,SVO_有语境_200,有语境,SVO-preferred,2,叙述经历和日程,48,SVO-NS-048,SVO-CTX-NS-048,2,SVO,preferred,搬家那天特别累，把东西都搬进新家后，大家去楼下的餐厅,吃了顿火锅,搬家那天特别累，把东西都搬进新家后，大家去楼下的餐厅吃了顿火锅。,搬家那天特别累，把东西都搬进新家后，大家去楼下的餐厅,大家去楼下的餐厅,,False,felicitous,搬家那天特别累，把东西都搬进新家后，大家去楼下的餐厅吃了顿火锅。,搬家那天特别累，把东西都搬进新家后，大家去楼下的餐厅吃了顿火锅。,[],0,True,False
T0397,SVO_有语境_200,有语境,SVO-preferred,2,叙述经历和日程,49,SVO-NS-049,SVO-CTX-NS-049,1,BA,non-preferred,她拆开信封，拿出信纸，坐在桌子前认真地,把这封信读了一遍,她拆开信封，拿出信纸，坐在桌子前认真地把这封信读了一遍。,她拆开信封，拿出信纸，坐在桌子前认真地,她坐在桌子前认真地,,True,infelicitous,她拆开信封，拿出信纸，坐在桌子前认真地把这封信读了一遍。,她拆开信封，拿出信纸，坐在桌子前认真地把这封信读了一遍。,[],0,True,False
T0398,SVO_有语境_200,有语境,SVO-preferred,2,叙述经历和日程,49,SVO-NS-049,SVO-CTX-NS-049,2,SVO,preferred,她拆开信封，拿出信纸，坐在桌子前认真地,读了一遍这封信,她拆开信封，拿出信纸，坐在桌子前认真地读了一遍这封信。,她拆开信封，拿出信纸，坐在桌子前认真地,她坐在桌子前认真地,,False,felicitous,她拆开信封，拿出信纸，坐在桌子前认真地读了一遍这封信。,她拆开信封，拿出信纸，坐在桌子前认真地读了一遍这封信。,[],0,True,False
T0399,SVO_有语境_200,有语境,SVO-preferred,2,叙述经历和日程,50,SVO-NS-050,SVO-CTX-NS-050,1,BA,non-preferred,晚上加完班回到家，他先洗了一个热水澡，然后躺在沙发上,把那首老歌听了一遍,晚上加完班回到家，他先洗了一个热水澡，然后躺在沙发上把那首老歌听了一遍。,晚上加完班回到家，他先洗了一个热水澡，然后躺在沙发上,他躺在沙发上,,True,infelicitous,晚上加完班回到家，他先洗了一个热水澡，然后躺在沙发上把那首老歌听了一遍。,晚上加完班回到家，他先洗了一个热水澡，然后躺在沙发上把那首老歌听了一遍。,[],0,True,False
T0400,SVO_有语境_200,有语境,SVO-preferred,2,叙述经历和日程,50,SVO-NS-050,SVO-CTX-NS-050,2,SVO,preferred,晚上加完班回到家，他先洗了一个热水澡，然后躺在沙发上,听了一遍那首老歌,晚上加完班回到家，他先洗了一个热水澡，然后躺在沙发上听了一遍那首老歌。,晚上加完班回到家，他先洗了一个热水澡，然后躺在沙发上,他躺在沙发上,,False,felicitous,晚上加完班回到家，他先洗了一个热水澡，然后躺在沙发上听了一遍那首老歌。,晚上加完班回到家，他先洗了一个热水澡，然后躺在沙发上听了一遍那首老歌。,[],0,True,False
