global_test_id,block,context_status,source_context_preference,subcondition_no,subcondition_label,original_item_no,pair_id,block_pair_id,test_unit_no,construction_candidate,preference_in_source_context,prompt_for_surprisal,target_continuation,full_test_sentence,source_prompt_with_context,local_prefix_no_context,notes,row_id,sentence_for_t5,is_contextualized,is_contextless,gold_is_nonpreferred,gold_is_preferred,t5_corrected,t5_details,t5_num_reported_edits,input_norm,t5_corrected_norm,t5_raw_changed,t5_substantive_changed,t5_accepted_no_substantive_edit,t5_edit_distance_norm,t5_edit_summary,paired_preferred_sentence,paired_preferred_norm,t5_corrected_to_paired_preferred
T0001,BA_有语境_200,有语境,BA-preferred,1,物理状态改变,1,BA-PC-001,BA-CTX-PC-001,1,BA,preferred,那个苹果坏了，我,把它扔了,那个苹果坏了，我把它扔了。,那个苹果坏了，我,我,,0,那个苹果坏了，我把它扔了。,True,False,False,True,"那个苹果坏了,我把它扔了。",,,"那个苹果坏了,我把它扔了","那个苹果坏了,我把它扔了",True,False,True,0,,那个苹果坏了，我把它扔了。,"那个苹果坏了,我把它扔了",False
T0002,BA_有语境_200,有语境,BA-preferred,1,物理状态改变,1,BA-PC-001,BA-CTX-PC-001,2,SVO,non-preferred,那个苹果坏了，我,扔了它,那个苹果坏了，我扔了它。,那个苹果坏了，我,我,,1,那个苹果坏了，我扔了它。,True,False,True,False,"那个苹果坏了,我扔了它。",,,"那个苹果坏了,我扔了它","那个苹果坏了,我扔了它",True,False,True,0,,那个苹果坏了，我把它扔了。,"那个苹果坏了,我把它扔了",False
T0003,BA_有语境_200,有语境,BA-preferred,1,物理状态改变,2,BA-PC-002,BA-CTX-PC-002,1,BA,preferred,这杯牛奶太凉了，弟弟刚才,把它加热了,这杯牛奶太凉了，弟弟刚才把它加热了。,这杯牛奶太凉了，弟弟刚才,弟弟刚才,,2,这杯牛奶太凉了，弟弟刚才把它加热了。,True,False,False,True,"这杯牛奶太凉了,弟弟刚才把它加热了。",,,"这杯牛奶太凉了,弟弟刚才把它加热了","这杯牛奶太凉了,弟弟刚才把它加热了",True,False,True,0,,这杯牛奶太凉了，弟弟刚才把它加热了。,"这杯牛奶太凉了,弟弟刚才把它加热了",False
T0004,BA_有语境_200,有语境,BA-preferred,1,物理状态改变,2,BA-PC-002,BA-CTX-PC-002,2,SVO,non-preferred,这杯牛奶太凉了，弟弟刚才,加热了它,这杯牛奶太凉了，弟弟刚才加热了它。,这杯牛奶太凉了，弟弟刚才,弟弟刚才,,3,这杯牛奶太凉了，弟弟刚才加热了它。,True,False,True,False,"这杯牛奶太凉了,弟弟刚才加热了它。",,,"这杯牛奶太凉了,弟弟刚才加热了它","这杯牛奶太凉了,弟弟刚才加热了它",True,False,True,0,,这杯牛奶太凉了，弟弟刚才把它加热了。,"这杯牛奶太凉了,弟弟刚才把它加热了",False
T0005,BA_有语境_200,有语境,BA-preferred,1,物理状态改变,3,BA-PC-003,BA-CTX-PC-003,1,BA,preferred,衬衫上有一块咖啡渍，我昨天,把它洗干净了,衬衫上有一块咖啡渍，我昨天把它洗干净了。,衬衫上有一块咖啡渍，我昨天,我昨天,,4,衬衫上有一块咖啡渍，我昨天把它洗干净了。,True,False,False,True,"衬衫上有一块咖啡渍,我昨天把它洗干净了。",,,"衬衫上有一块咖啡渍,我昨天把它洗干净了","衬衫上有一块咖啡渍,我昨天把它洗干净了",True,False,True,0,,衬衫上有一块咖啡渍，我昨天把它洗干净了。,"衬衫上有一块咖啡渍,我昨天把它洗干净了",False
T0006,BA_有语境_200,有语境,BA-preferred,1,物理状态改变,3,BA-PC-003,BA-CTX-PC-003,2,SVO,non-preferred,衬衫上有一块咖啡渍，我昨天,洗干净了它,衬衫上有一块咖啡渍，我昨天洗干净了它。,衬衫上有一块咖啡渍，我昨天,我昨天,,5,衬衫上有一块咖啡渍，我昨天洗干净了它。,True,False,True,False,"衬衫上有一块咖啡渍,我昨天清洗干净了它。",,,"衬衫上有一块咖啡渍,我昨天洗干净了它","衬衫上有一块咖啡渍,我昨天清洗干净了它",True,True,False,1,insert:->清@13:13,衬衫上有一块咖啡渍，我昨天把它洗干净了。,"衬衫上有一块咖啡渍,我昨天把它洗干净了",False
T0007,BA_有语境_200,有语境,BA-preferred,1,物理状态改变,4,BA-PC-004,BA-CTX-PC-004,1,BA,preferred,这块蛋糕太甜了，但我还是,把它吃完了,这块蛋糕太甜了，但我还是把它吃完了。,这块蛋糕太甜了，但我还是,但我还是,,6,这块蛋糕太甜了，但我还是把它吃完了。,True,False,False,True,"这块蛋糕太甜了,但我还是把它吃完了。",,,"这块蛋糕太甜了,但我还是把它吃完了","这块蛋糕太甜了,但我还是把它吃完了",True,False,True,0,,这块蛋糕太甜了，但我还是把它吃完了。,"这块蛋糕太甜了,但我还是把它吃完了",False
T0008,BA_有语境_200,有语境,BA-preferred,1,物理状态改变,4,BA-PC-004,BA-CTX-PC-004,2,SVO,non-preferred,这块蛋糕太甜了，但我还是,吃完了它,这块蛋糕太甜了，但我还是吃完了它。,这块蛋糕太甜了，但我还是,但我还是,,7,这块蛋糕太甜了，但我还是吃完了它。,True,False,True,False,"这块蛋糕太甜了,但我还是吃完了它。",,,"这块蛋糕太甜了,但我还是吃完了它","这块蛋糕太甜了,但我还是吃完了它",True,False,True,0,,这块蛋糕太甜了，但我还是把它吃完了。,"这块蛋糕太甜了,但我还是把它吃完了",False
T0009,BA_有语境_200,有语境,BA-preferred,1,物理状态改变,5,BA-PC-005,BA-CTX-PC-005,1,BA,preferred,刚才有一只蚊子，我一巴掌,把它打死了,刚才有一只蚊子，我一巴掌把它打死了。,刚才有一只蚊子，我一巴掌,我一巴掌,,8,刚才有一只蚊子，我一巴掌把它打死了。,True,False,False,True,"刚才有一只蚊子,我一巴掌把它打死了。",,,"刚才有一只蚊子,我一巴掌把它打死了","刚才有一只蚊子,我一巴掌把它打死了",True,False,True,0,,刚才有一只蚊子，我一巴掌把它打死了。,"刚才有一只蚊子,我一巴掌把它打死了",False
T0010,BA_有语境_200,有语境,BA-preferred,1,物理状态改变,5,BA-PC-005,BA-CTX-PC-005,2,SVO,non-preferred,刚才有一只蚊子，我一巴掌,打死了它,刚才有一只蚊子，我一巴掌打死了它。,刚才有一只蚊子，我一巴掌,我一巴掌,,9,刚才有一只蚊子，我一巴掌打死了它。,True,False,True,False,"刚才有一只蚊子,我一巴掌打死了它。",,,"刚才有一只蚊子,我一巴掌打死了它","刚才有一只蚊子,我一巴掌打死了它",True,False,True,0,,刚才有一只蚊子，我一巴掌把它打死了。,"刚才有一只蚊子,我一巴掌把它打死了",False
T0011,BA_有语境_200,有语境,BA-preferred,1,物理状态改变,6,BA-PC-006,BA-CTX-PC-006,1,BA,preferred,桌子上的那张废纸，我,把它撕了,桌子上的那张废纸，我把它撕了。,桌子上的那张废纸，我,我,,10,桌子上的那张废纸，我把它撕了。,True,False,False,True,"桌子上的那张废纸,我把它撕了。",,,"桌子上的那张废纸,我把它撕了","桌子上的那张废纸,我把它撕了",True,False,True,0,,桌子上的那张废纸，我把它撕了。,"桌子上的那张废纸,我把它撕了",False
T0012,BA_有语境_200,有语境,BA-preferred,1,物理状态改变,6,BA-PC-006,BA-CTX-PC-006,2,SVO,non-preferred,桌子上的那张废纸，我,撕了它,桌子上的那张废纸，我撕了它。,桌子上的那张废纸，我,我,,11,桌子上的那张废纸，我撕了它。,True,False,True,False,"桌子上的那张废纸,我撕了它。",,,"桌子上的那张废纸,我撕了它","桌子上的那张废纸,我撕了它",True,False,True,0,,桌子上的那张废纸，我把它撕了。,"桌子上的那张废纸,我把它撕了",False
T0013,BA_有语境_200,有语境,BA-preferred,1,物理状态改变,7,BA-PC-007,BA-CTX-PC-007,1,BA,preferred,这个旧手机没用了，我准备,把它卖了,这个旧手机没用了，我准备把它卖了。,这个旧手机没用了，我准备,我准备,,12,这个旧手机没用了，我准备把它卖了。,True,False,False,True,"这个旧手机没用了,我准备把它买了。",,,"这个旧手机没用了,我准备把它卖了","这个旧手机没用了,我准备把它买了",True,True,False,1,replace:卖->买@14:15,这个旧手机没用了，我准备把它卖了。,"这个旧手机没用了,我准备把它卖了",False
T0014,BA_有语境_200,有语境,BA-preferred,1,物理状态改变,7,BA-PC-007,BA-CTX-PC-007,2,SVO,non-preferred,这个旧手机没用了，我准备,卖了它,这个旧手机没用了，我准备卖了它。,这个旧手机没用了，我准备,我准备,,13,这个旧手机没用了，我准备卖了它。,True,False,True,False,"这个旧手机没用了,我准备买了它。",,,"这个旧手机没用了,我准备卖了它","这个旧手机没用了,我准备买了它",True,True,False,1,replace:卖->买@12:13,这个旧手机没用了，我准备把它卖了。,"这个旧手机没用了,我准备把它卖了",False
T0015,BA_有语境_200,有语境,BA-preferred,1,物理状态改变,8,BA-PC-008,BA-CTX-PC-008,1,BA,preferred,这封信是写给你的，我,把它拆开了,这封信是写给你的，我把它拆开了。,这封信是写给你的，我,我,,14,这封信是写给你的，我把它拆开了。,True,False,False,True,"这封信是写给你的,我把它拆开了。",,,"这封信是写给你的,我把它拆开了","这封信是写给你的,我把它拆开了",True,False,True,0,,这封信是写给你的，我把它拆开了。,"这封信是写给你的,我把它拆开了",False
T0016,BA_有语境_200,有语境,BA-preferred,1,物理状态改变,8,BA-PC-008,BA-CTX-PC-008,2,SVO,non-preferred,这封信是写给你的，我,拆开了它,这封信是写给你的，我拆开了它。,这封信是写给你的，我,我,,15,这封信是写给你的，我拆开了它。,True,False,True,False,"这封信是写给你的,我拆开了它。",,,"这封信是写给你的,我拆开了它","这封信是写给你的,我拆开了它",True,False,True,0,,这封信是写给你的，我把它拆开了。,"这封信是写给你的,我把它拆开了",False
T0017,BA_有语境_200,有语境,BA-preferred,1,物理状态改变,9,BA-PC-009,BA-CTX-PC-009,1,BA,preferred,那个花瓶快掉下来了，幸好我,把它抓住了,那个花瓶快掉下来了，幸好我把它抓住了。,那个花瓶快掉下来了，幸好我,幸好我,,16,那个花瓶快掉下来了，幸好我把它抓住了。,True,False,False,True,"那个花瓶快掉下来了,幸好我把它抓了。",,,"那个花瓶快掉下来了,幸好我把它抓住了","那个花瓶快掉下来了,幸好我把它抓了",True,True,False,1,delete:住->@16:17,那个花瓶快掉下来了，幸好我把它抓住了。,"那个花瓶快掉下来了,幸好我把它抓住了",False
T0018,BA_有语境_200,有语境,BA-preferred,1,物理状态改变,9,BA-PC-009,BA-CTX-PC-009,2,SVO,non-preferred,那个花瓶快掉下来了，幸好我,抓住了它,那个花瓶快掉下来了，幸好我抓住了它。,那个花瓶快掉下来了，幸好我,幸好我,,17,那个花瓶快掉下来了，幸好我抓住了它。,True,False,True,False,"那个花瓶快掉下来了,幸好我找到了它。",,,"那个花瓶快掉下来了,幸好我抓住了它","那个花瓶快掉下来了,幸好我找到了它",True,True,False,2,replace:抓住->找到@13:15,那个花瓶快掉下来了，幸好我把它抓住了。,"那个花瓶快掉下来了,幸好我把它抓住了",False
T0019,BA_有语境_200,有语境,BA-preferred,1,物理状态改变,10,BA-PC-010,BA-CTX-PC-010,1,BA,preferred,这首曲子太吵了，我,把它关了,这首曲子太吵了，我把它关了。,这首曲子太吵了，我,我,,18,这首曲子太吵了，我把它关了。,True,False,False,True,"这首曲子太吵了,我把它关了。",,,"这首曲子太吵了,我把它关了","这首曲子太吵了,我把它关了",True,False,True,0,,这首曲子太吵了，我把它关了。,"这首曲子太吵了,我把它关了",False
T0020,BA_有语境_200,有语境,BA-preferred,1,物理状态改变,10,BA-PC-010,BA-CTX-PC-010,2,SVO,non-preferred,这首曲子太吵了，我,关了它,这首曲子太吵了，我关了它。,这首曲子太吵了，我,我,,19,这首曲子太吵了，我关了它。,True,False,True,False,"这首曲子太吵了,我关了它。",,,"这首曲子太吵了,我关了它","这首曲子太吵了,我关了它",True,False,True,0,,这首曲子太吵了，我把它关了。,"这首曲子太吵了,我把它关了",False
T0021,BA_有语境_200,有语境,BA-preferred,1,物理状态改变,11,BA-PC-011,BA-CTX-PC-011,1,BA,preferred,我的旧电脑太慢了，昨天我,把它换了,我的旧电脑太慢了，昨天我把它换了。,我的旧电脑太慢了，昨天我,昨天我,,20,我的旧电脑太慢了，昨天我把它换了。,True,False,False,True,"我的旧电脑太慢了,昨天我把它换了。",,,"我的旧电脑太慢了,昨天我把它换了","我的旧电脑太慢了,昨天我把它换了",True,False,True,0,,我的旧电脑太慢了，昨天我把它换了。,"我的旧电脑太慢了,昨天我把它换了",False
T0022,BA_有语境_200,有语境,BA-preferred,1,物理状态改变,11,BA-PC-011,BA-CTX-PC-011,2,SVO,non-preferred,我的旧电脑太慢了，昨天我,换了它,我的旧电脑太慢了，昨天我换了它。,我的旧电脑太慢了，昨天我,昨天我,,21,我的旧电脑太慢了，昨天我换了它。,True,False,True,False,"我的旧电脑太慢了,昨天我换了它。",,,"我的旧电脑太慢了,昨天我换了它","我的旧电脑太慢了,昨天我换了它",True,False,True,0,,我的旧电脑太慢了，昨天我把它换了。,"我的旧电脑太慢了,昨天我把它换了",False
T0023,BA_有语境_200,有语境,BA-preferred,1,物理状态改变,12,BA-PC-012,BA-CTX-PC-012,1,BA,preferred,汤里掉进了一只苍蝇，我只能,把它倒了,汤里掉进了一只苍蝇，我只能把它倒了。,汤里掉进了一只苍蝇，我只能,我只能,,22,汤里掉进了一只苍蝇，我只能把它倒了。,True,False,False,True,"汤里掉进了一只苍蝇,我只能把它倒了。",,,"汤里掉进了一只苍蝇,我只能把它倒了","汤里掉进了一只苍蝇,我只能把它倒了",True,False,True,0,,汤里掉进了一只苍蝇，我只能把它倒了。,"汤里掉进了一只苍蝇,我只能把它倒了",False
T0024,BA_有语境_200,有语境,BA-preferred,1,物理状态改变,12,BA-PC-012,BA-CTX-PC-012,2,SVO,non-preferred,汤里掉进了一只苍蝇，我只能,倒了它,汤里掉进了一只苍蝇，我只能倒了它。,汤里掉进了一只苍蝇，我只能,我只能,,23,汤里掉进了一只苍蝇，我只能倒了它。,True,False,True,False,"汤里掉进了一只苍蝇,我只能倒了它。",,,"汤里掉进了一只苍蝇,我只能倒了它","汤里掉进了一只苍蝇,我只能倒了它",True,False,True,0,,汤里掉进了一只苍蝇，我只能把它倒了。,"汤里掉进了一只苍蝇,我只能把它倒了",False
T0025,BA_有语境_200,有语境,BA-preferred,1,物理状态改变,13,BA-PC-013,BA-CTX-PC-013,1,BA,preferred,这张照片拍得不好看，我,把它删了,这张照片拍得不好看，我把它删了。,这张照片拍得不好看，我,我,,24,这张照片拍得不好看，我把它删了。,True,False,False,True,"这张照片拍得不好看,我把它删了。",,,"这张照片拍得不好看,我把它删了","这张照片拍得不好看,我把它删了",True,False,True,0,,这张照片拍得不好看，我把它删了。,"这张照片拍得不好看,我把它删了",False
T0026,BA_有语境_200,有语境,BA-preferred,1,物理状态改变,13,BA-PC-013,BA-CTX-PC-013,2,SVO,non-preferred,这张照片拍得不好看，我,删了它,这张照片拍得不好看，我删了它。,这张照片拍得不好看，我,我,,25,这张照片拍得不好看，我删了它。,True,False,True,False,"这张照片拍得不好看,我删了它。",,,"这张照片拍得不好看,我删了它","这张照片拍得不好看,我删了它",True,False,True,0,,这张照片拍得不好看，我把它删了。,"这张照片拍得不好看,我把它删了",False
T0027,BA_有语境_200,有语境,BA-preferred,1,物理状态改变,14,BA-PC-014,BA-CTX-PC-014,1,BA,preferred,那盘饺子不能剩下，弟弟刚刚,把它吃掉了,那盘饺子不能剩下，弟弟刚刚把它吃掉了。,那盘饺子不能剩下，弟弟刚刚,弟弟刚刚,,26,那盘饺子不能剩下，弟弟刚刚把它吃掉了。,True,False,False,True,"那盘饺子不能剩下,弟弟刚刚把它吃掉了。",,,"那盘饺子不能剩下,弟弟刚刚把它吃掉了","那盘饺子不能剩下,弟弟刚刚把它吃掉了",True,False,True,0,,那盘饺子不能剩下，弟弟刚刚把它吃掉了。,"那盘饺子不能剩下,弟弟刚刚把它吃掉了",False
T0028,BA_有语境_200,有语境,BA-preferred,1,物理状态改变,14,BA-PC-014,BA-CTX-PC-014,2,SVO,non-preferred,那盘饺子不能剩下，弟弟刚刚,吃掉了它,那盘饺子不能剩下，弟弟刚刚吃掉了它。,那盘饺子不能剩下，弟弟刚刚,弟弟刚刚,,27,那盘饺子不能剩下，弟弟刚刚吃掉了它。,True,False,True,False,"那盘饺子不能剩下,弟弟刚刚吃掉了它。",,,"那盘饺子不能剩下,弟弟刚刚吃掉了它","那盘饺子不能剩下,弟弟刚刚吃掉了它",True,False,True,0,,那盘饺子不能剩下，弟弟刚刚把它吃掉了。,"那盘饺子不能剩下,弟弟刚刚把它吃掉了",False
T0029,BA_有语境_200,有语境,BA-preferred,1,物理状态改变,15,BA-PC-015,BA-CTX-PC-015,1,BA,preferred,这个包裹的胶带太紧了，我,把它剪开了,这个包裹的胶带太紧了，我把它剪开了。,这个包裹的胶带太紧了，我,我,,28,这个包裹的胶带太紧了，我把它剪开了。,True,False,False,True,"这个包裹的胶带太紧了,我把它剪开了。",,,"这个包裹的胶带太紧了,我把它剪开了","这个包裹的胶带太紧了,我把它剪开了",True,False,True,0,,这个包裹的胶带太紧了，我把它剪开了。,"这个包裹的胶带太紧了,我把它剪开了",False
T0030,BA_有语境_200,有语境,BA-preferred,1,物理状态改变,15,BA-PC-015,BA-CTX-PC-015,2,SVO,non-preferred,这个包裹的胶带太紧了，我,剪开了它,这个包裹的胶带太紧了，我剪开了它。,这个包裹的胶带太紧了，我,我,,29,这个包裹的胶带太紧了，我剪开了它。,True,False,True,False,"这个包裹的胶带太紧了,我剪开了它。",,,"这个包裹的胶带太紧了,我剪开了它","这个包裹的胶带太紧了,我剪开了它",True,False,True,0,,这个包裹的胶带太紧了，我把它剪开了。,"这个包裹的胶带太紧了,我把它剪开了",False
T0031,BA_有语境_200,有语境,BA-preferred,1,物理状态改变,16,BA-PC-016,BA-CTX-PC-016,1,BA,preferred,这件衣服破了一个洞，妈妈已经,把它缝好了,这件衣服破了一个洞，妈妈已经把它缝好了。,这件衣服破了一个洞，妈妈已经,妈妈已经,,30,这件衣服破了一个洞，妈妈已经把它缝好了。,True,False,False,True,"这件衣服破了一个洞,妈妈已经把它缝好了。",,,"这件衣服破了一个洞,妈妈已经把它缝好了","这件衣服破了一个洞,妈妈已经把它缝好了",True,False,True,0,,这件衣服破了一个洞，妈妈已经把它缝好了。,"这件衣服破了一个洞,妈妈已经把它缝好了",False
T0032,BA_有语境_200,有语境,BA-preferred,1,物理状态改变,16,BA-PC-016,BA-CTX-PC-016,2,SVO,non-preferred,这件衣服破了一个洞，妈妈已经,缝好了它,这件衣服破了一个洞，妈妈已经缝好了它。,这件衣服破了一个洞，妈妈已经,妈妈已经,,31,这件衣服破了一个洞，妈妈已经缝好了它。,True,False,True,False,"这件衣服破了一个洞,妈妈已经缝好了它。",,,"这件衣服破了一个洞,妈妈已经缝好了它","这件衣服破了一个洞,妈妈已经缝好了它",True,False,True,0,,这件衣服破了一个洞，妈妈已经把它缝好了。,"这件衣服破了一个洞,妈妈已经把它缝好了",False
T0033,BA_有语境_200,有语境,BA-preferred,1,物理状态改变,17,BA-PC-017,BA-CTX-PC-017,1,BA,preferred,那个面包已经发霉了，我早上,把它丢掉了,那个面包已经发霉了，我早上把它丢掉了。,那个面包已经发霉了，我早上,我早上,,32,那个面包已经发霉了，我早上把它丢掉了。,True,False,False,True,"那个面包已经发霉了,我早上把它丢掉了。",,,"那个面包已经发霉了,我早上把它丢掉了","那个面包已经发霉了,我早上把它丢掉了",True,False,True,0,,那个面包已经发霉了，我早上把它丢掉了。,"那个面包已经发霉了,我早上把它丢掉了",False
T0034,BA_有语境_200,有语境,BA-preferred,1,物理状态改变,17,BA-PC-017,BA-CTX-PC-017,2,SVO,non-preferred,那个面包已经发霉了，我早上,丢掉了它,那个面包已经发霉了，我早上丢掉了它。,那个面包已经发霉了，我早上,我早上,,33,那个面包已经发霉了，我早上丢掉了它。,True,False,True,False,"那个面包已经发霉了,我早上丢掉了它。",,,"那个面包已经发霉了,我早上丢掉了它","那个面包已经发霉了,我早上丢掉了它",True,False,True,0,,那个面包已经发霉了，我早上把它丢掉了。,"那个面包已经发霉了,我早上把它丢掉了",False
T0035,BA_有语境_200,有语境,BA-preferred,1,物理状态改变,18,BA-PC-018,BA-CTX-PC-018,1,BA,preferred,这碗汤实在太咸了，我加了一些水,把它冲淡了,这碗汤实在太咸了，我加了一些水把它冲淡了。,这碗汤实在太咸了，我加了一些水,我加了一些水,,34,这碗汤实在太咸了，我加了一些水把它冲淡了。,True,False,False,True,"这碗汤实在太咸了,我加了一些水把它冲淡了。",,,"这碗汤实在太咸了,我加了一些水把它冲淡了","这碗汤实在太咸了,我加了一些水把它冲淡了",True,False,True,0,,这碗汤实在太咸了，我加了一些水把它冲淡了。,"这碗汤实在太咸了,我加了一些水把它冲淡了",False
T0036,BA_有语境_200,有语境,BA-preferred,1,物理状态改变,18,BA-PC-018,BA-CTX-PC-018,2,SVO,non-preferred,这碗汤实在太咸了，我加了一些水,冲淡了它,这碗汤实在太咸了，我加了一些水冲淡了它。,这碗汤实在太咸了，我加了一些水,我加了一些水,,35,这碗汤实在太咸了，我加了一些水冲淡了它。,True,False,True,False,"这碗汤实在太咸了,我加了一些水冲淡了它。",,,"这碗汤实在太咸了,我加了一些水冲淡了它","这碗汤实在太咸了,我加了一些水冲淡了它",True,False,True,0,,这碗汤实在太咸了，我加了一些水把它冲淡了。,"这碗汤实在太咸了,我加了一些水把它冲淡了",False
T0037,BA_有语境_200,有语境,BA-preferred,1,物理状态改变,19,BA-PC-019,BA-CTX-PC-019,1,BA,preferred,厨房的窗户太脏了，我用抹布,把它擦干净了,厨房的窗户太脏了，我用抹布把它擦干净了。,厨房的窗户太脏了，我用抹布,我用抹布,,36,厨房的窗户太脏了，我用抹布把它擦干净了。,True,False,False,True,"厨房的窗户太脏了,我用抹布把它擦干净了。",,,"厨房的窗户太脏了,我用抹布把它擦干净了","厨房的窗户太脏了,我用抹布把它擦干净了",True,False,True,0,,厨房的窗户太脏了，我用抹布把它擦干净了。,"厨房的窗户太脏了,我用抹布把它擦干净了",False
T0038,BA_有语境_200,有语境,BA-preferred,1,物理状态改变,19,BA-PC-019,BA-CTX-PC-019,2,SVO,non-preferred,厨房的窗户太脏了，我用抹布,擦干净了它,厨房的窗户太脏了，我用抹布擦干净了它。,厨房的窗户太脏了，我用抹布,我用抹布,,37,厨房的窗户太脏了，我用抹布擦干净了它。,True,False,True,False,"厨房的窗户太脏了,我用抹布擦干净了它。",,,"厨房的窗户太脏了,我用抹布擦干净了它","厨房的窗户太脏了,我用抹布擦干净了它",True,False,True,0,,厨房的窗户太脏了，我用抹布把它擦干净了。,"厨房的窗户太脏了,我用抹布把它擦干净了",False
T0039,BA_有语境_200,有语境,BA-preferred,1,物理状态改变,20,BA-PC-020,BA-CTX-PC-020,1,BA,preferred,这个西瓜太大了，我一个人吃不完，先用刀,把它切开了,这个西瓜太大了，我一个人吃不完，先用刀把它切开了。,这个西瓜太大了，我一个人吃不完，先用刀,我先用刀,,38,这个西瓜太大了，我一个人吃不完，先用刀把它切开了。,True,False,False,True,"这个西瓜太大了,我一个人吃不完,先用刀把它切开了。",,,"这个西瓜太大了,我一个人吃不完,先用刀把它切开了","这个西瓜太大了,我一个人吃不完,先用刀把它切开了",True,False,True,0,,这个西瓜太大了，我一个人吃不完，先用刀把它切开了。,"这个西瓜太大了,我一个人吃不完,先用刀把它切开了",False
T0040,BA_有语境_200,有语境,BA-preferred,1,物理状态改变,20,BA-PC-020,BA-CTX-PC-020,2,SVO,non-preferred,这个西瓜太大了，我一个人吃不完，先用刀,切开了它,这个西瓜太大了，我一个人吃不完，先用刀切开了它。,这个西瓜太大了，我一个人吃不完，先用刀,我先用刀,,39,这个西瓜太大了，我一个人吃不完，先用刀切开了它。,True,False,True,False,"这个西瓜太大了,我一个人吃不完,先用刀切开了它。",,,"这个西瓜太大了,我一个人吃不完,先用刀切开了它","这个西瓜太大了,我一个人吃不完,先用刀切开了它",True,False,True,0,,这个西瓜太大了，我一个人吃不完，先用刀把它切开了。,"这个西瓜太大了,我一个人吃不完,先用刀把它切开了",False
T0041,BA_有语境_200,有语境,BA-preferred,1,物理状态改变,21,BA-PC-021,BA-CTX-PC-021,1,BA,preferred,那张画被妹妹涂得乱七八糟，我只能,把它扔了,那张画被妹妹涂得乱七八糟，我只能把它扔了。,那张画被妹妹涂得乱七八糟，我只能,我只能,,40,那张画被妹妹涂得乱七八糟，我只能把它扔了。,True,False,False,True,"那张画被妹妹涂得乱七八糟,我只能把它扔了。",,,"那张画被妹妹涂得乱七八糟,我只能把它扔了","那张画被妹妹涂得乱七八糟,我只能把它扔了",True,False,True,0,,那张画被妹妹涂得乱七八糟，我只能把它扔了。,"那张画被妹妹涂得乱七八糟,我只能把它扔了",False
T0042,BA_有语境_200,有语境,BA-preferred,1,物理状态改变,21,BA-PC-021,BA-CTX-PC-021,2,SVO,non-preferred,那张画被妹妹涂得乱七八糟，我只能,扔了它,那张画被妹妹涂得乱七八糟，我只能扔了它。,那张画被妹妹涂得乱七八糟，我只能,我只能,,41,那张画被妹妹涂得乱七八糟，我只能扔了它。,True,False,True,False,"那张画被妹妹涂得乱七八糟,我只能扔了它。",,,"那张画被妹妹涂得乱七八糟,我只能扔了它","那张画被妹妹涂得乱七八糟,我只能扔了它",True,False,True,0,,那张画被妹妹涂得乱七八糟，我只能把它扔了。,"那张画被妹妹涂得乱七八糟,我只能把它扔了",False
T0043,BA_有语境_200,有语境,BA-preferred,1,物理状态改变,22,BA-PC-022,BA-CTX-PC-022,1,BA,preferred,昨天买的肉还没吃，为了保鲜，我先,把它冻起来了,昨天买的肉还没吃，为了保鲜，我先把它冻起来了。,昨天买的肉还没吃，为了保鲜，我先,我先,,42,昨天买的肉还没吃，为了保鲜，我先把它冻起来了。,True,False,False,True,"昨天买的肉还没吃,为了保鲜,我先把它冻起来了。",,,"昨天买的肉还没吃,为了保鲜,我先把它冻起来了","昨天买的肉还没吃,为了保鲜,我先把它冻起来了",True,False,True,0,,昨天买的肉还没吃，为了保鲜，我先把它冻起来了。,"昨天买的肉还没吃,为了保鲜,我先把它冻起来了",False
T0044,BA_有语境_200,有语境,BA-preferred,1,物理状态改变,22,BA-PC-022,BA-CTX-PC-022,2,SVO,non-preferred,昨天买的肉还没吃，为了保鲜，我先,冻起来了它,昨天买的肉还没吃，为了保鲜，我先冻起来了它。,昨天买的肉还没吃，为了保鲜，我先,我先,,43,昨天买的肉还没吃，为了保鲜，我先冻起来了它。,True,False,True,False,"昨天买的肉还没吃,为了保鲜,我先冻起来了它。",,,"昨天买的肉还没吃,为了保鲜,我先冻起来了它","昨天买的肉还没吃,为了保鲜,我先冻起来了它",True,False,True,0,,昨天买的肉还没吃，为了保鲜，我先把它冻起来了。,"昨天买的肉还没吃,为了保鲜,我先把它冻起来了",False
T0045,BA_有语境_200,有语境,BA-preferred,1,物理状态改变,23,BA-PC-023,BA-CTX-PC-023,1,BA,preferred,我的鞋子昨天淋湿了，我用吹风机,把它吹干了,我的鞋子昨天淋湿了，我用吹风机把它吹干了。,我的鞋子昨天淋湿了，我用吹风机,我用吹风机,,44,我的鞋子昨天淋湿了，我用吹风机把它吹干了。,True,False,False,True,"我的鞋子昨天浸湿了,我用吹风机把它吹干了。",,,"我的鞋子昨天淋湿了,我用吹风机把它吹干了","我的鞋子昨天浸湿了,我用吹风机把它吹干了",True,True,False,1,replace:淋->浸@6:7,我的鞋子昨天淋湿了，我用吹风机把它吹干了。,"我的鞋子昨天淋湿了,我用吹风机把它吹干了",False
T0046,BA_有语境_200,有语境,BA-preferred,1,物理状态改变,23,BA-PC-023,BA-CTX-PC-023,2,SVO,non-preferred,我的鞋子昨天淋湿了，我用吹风机,吹干了它,我的鞋子昨天淋湿了，我用吹风机吹干了它。,我的鞋子昨天淋湿了，我用吹风机,我用吹风机,,45,我的鞋子昨天淋湿了，我用吹风机吹干了它。,True,False,True,False,"我的鞋子昨天浸湿了,我用吹风机吹干了它。",,,"我的鞋子昨天淋湿了,我用吹风机吹干了它","我的鞋子昨天浸湿了,我用吹风机吹干了它",True,True,False,1,replace:淋->浸@6:7,我的鞋子昨天淋湿了，我用吹风机把它吹干了。,"我的鞋子昨天淋湿了,我用吹风机把它吹干了",False
T0047,BA_有语境_200,有语境,BA-preferred,1,物理状态改变,24,BA-PC-024,BA-CTX-PC-024,1,BA,preferred,这个汉堡实在太大了，但我太饿了，最后还是,把它吃光了,这个汉堡实在太大了，但我太饿了，最后还是把它吃光了。,这个汉堡实在太大了，但我太饿了，最后还是,我最后还是,,46,这个汉堡实在太大了，但我太饿了，最后还是把它吃光了。,True,False,False,True,"这个汉堡实在太大了,但我太饿了,最后还是把它吃光了。",,,"这个汉堡实在太大了,但我太饿了,最后还是把它吃光了","这个汉堡实在太大了,但我太饿了,最后还是把它吃光了",True,False,True,0,,这个汉堡实在太大了，但我太饿了，最后还是把它吃光了。,"这个汉堡实在太大了,但我太饿了,最后还是把它吃光了",False
T0048,BA_有语境_200,有语境,BA-preferred,1,物理状态改变,24,BA-PC-024,BA-CTX-PC-024,2,SVO,non-preferred,这个汉堡实在太大了，但我太饿了，最后还是,吃光了它,这个汉堡实在太大了，但我太饿了，最后还是吃光了它。,这个汉堡实在太大了，但我太饿了，最后还是,我最后还是,,47,这个汉堡实在太大了，但我太饿了，最后还是吃光了它。,True,False,True,False,"这个汉堡实在太大了,但我太饿了,最后还是吃光了它。",,,"这个汉堡实在太大了,但我太饿了,最后还是吃光了它","这个汉堡实在太大了,但我太饿了,最后还是吃光了它",True,False,True,0,,这个汉堡实在太大了，但我太饿了，最后还是把它吃光了。,"这个汉堡实在太大了,但我太饿了,最后还是把它吃光了",False
T0049,BA_有语境_200,有语境,BA-preferred,1,物理状态改变,25,BA-PC-025,BA-CTX-PC-025,1,BA,preferred,那封旧情书，他用打火机,把它烧了,那封旧情书，他用打火机把它烧了。,那封旧情书，他用打火机,他用打火机,,48,那封旧情书，他用打火机把它烧了。,True,False,False,True,"那封旧情书,他用打火机把它烧了。",,,"那封旧情书,他用打火机把它烧了","那封旧情书,他用打火机把它烧了",True,False,True,0,,那封旧情书，他用打火机把它烧了。,"那封旧情书,他用打火机把它烧了",False
T0050,BA_有语境_200,有语境,BA-preferred,1,物理状态改变,25,BA-PC-025,BA-CTX-PC-025,2,SVO,non-preferred,那封旧情书，他用打火机,烧了它,那封旧情书，他用打火机烧了它。,那封旧情书，他用打火机,他用打火机,,49,那封旧情书，他用打火机烧了它。,True,False,True,False,"那封旧情书,他用打火机烧了它。",,,"那封旧情书,他用打火机烧了它","那封旧情书,他用打火机烧了它",True,False,True,0,,那封旧情书，他用打火机把它烧了。,"那封旧情书,他用打火机把它烧了",False
T0051,BA_有语境_200,有语境,BA-preferred,1,物理状态改变,26,BA-PC-026,BA-CTX-PC-026,1,BA,preferred,这篇作文有很多错别字，昨天晚上我已经,把那些字修改了,这篇作文有很多错别字，昨天晚上我已经把那些字修改了。,这篇作文有很多错别字，昨天晚上我已经,昨天晚上我已经,,50,这篇作文有很多错别字，昨天晚上我已经把那些字修改了。,True,False,False,True,"这篇作文有很多错别字,昨天晚上我已经把那些字修改了。",,,"这篇作文有很多错别字,昨天晚上我已经把那些字修改了","这篇作文有很多错别字,昨天晚上我已经把那些字修改了",True,False,True,0,,这篇作文有很多错别字，昨天晚上我已经把那些字修改了。,"这篇作文有很多错别字,昨天晚上我已经把那些字修改了",False
T0052,BA_有语境_200,有语境,BA-preferred,1,物理状态改变,26,BA-PC-026,BA-CTX-PC-026,2,SVO,non-preferred,这篇作文有很多错别字，昨天晚上我已经,修改了那些字,这篇作文有很多错别字，昨天晚上我已经修改了那些字。,这篇作文有很多错别字，昨天晚上我已经,昨天晚上我已经,,51,这篇作文有很多错别字，昨天晚上我已经修改了那些字。,True,False,True,False,"这篇作文有很多错别字,昨天晚上我已经修改了那些字。",,,"这篇作文有很多错别字,昨天晚上我已经修改了那些字","这篇作文有很多错别字,昨天晚上我已经修改了那些字",True,False,True,0,,这篇作文有很多错别字，昨天晚上我已经把那些字修改了。,"这篇作文有很多错别字,昨天晚上我已经把那些字修改了",False
T0053,BA_有语境_200,有语境,BA-preferred,1,物理状态改变,27,BA-PC-027,BA-CTX-PC-027,1,BA,preferred,墙上的那个钉子太危险，爸爸用锤子,把它拔出来了,墙上的那个钉子太危险，爸爸用锤子把它拔出来了。,墙上的那个钉子太危险，爸爸用锤子,爸爸用锤子,,52,墙上的那个钉子太危险，爸爸用锤子把它拔出来了。,True,False,False,True,"墙上的那个钉子太危险,爸爸用锤子把它拔出来了。",,,"墙上的那个钉子太危险,爸爸用锤子把它拔出来了","墙上的那个钉子太危险,爸爸用锤子把它拔出来了",True,False,True,0,,墙上的那个钉子太危险，爸爸用锤子把它拔出来了。,"墙上的那个钉子太危险,爸爸用锤子把它拔出来了",False
T0054,BA_有语境_200,有语境,BA-preferred,1,物理状态改变,27,BA-PC-027,BA-CTX-PC-027,2,SVO,non-preferred,墙上的那个钉子太危险，爸爸用锤子,拔出它来了,墙上的那个钉子太危险，爸爸用锤子拔出它来了。,墙上的那个钉子太危险，爸爸用锤子,爸爸用锤子,,53,墙上的那个钉子太危险，爸爸用锤子拔出它来了。,True,False,True,False,"墙上的那个钉子太危险,爸爸用锤子拔出它来了。",,,"墙上的那个钉子太危险,爸爸用锤子拔出它来了","墙上的那个钉子太危险,爸爸用锤子拔出它来了",True,False,True,0,,墙上的那个钉子太危险，爸爸用锤子把它拔出来了。,"墙上的那个钉子太危险,爸爸用锤子把它拔出来了",False
T0055,BA_有语境_200,有语境,BA-preferred,1,物理状态改变,28,BA-PC-028,BA-CTX-PC-028,1,BA,preferred,弟弟的玩具车坏了，我花了一个小时才,把它修好了,弟弟的玩具车坏了，我花了一个小时才把它修好了。,弟弟的玩具车坏了，我花了一个小时才,我花了一个小时才,,54,弟弟的玩具车坏了，我花了一个小时才把它修好了。,True,False,False,True,"弟弟的玩具车坏了,我花了一个小时才把它修好了。",,,"弟弟的玩具车坏了,我花了一个小时才把它修好了","弟弟的玩具车坏了,我花了一个小时才把它修好了",True,False,True,0,,弟弟的玩具车坏了，我花了一个小时才把它修好了。,"弟弟的玩具车坏了,我花了一个小时才把它修好了",False
T0056,BA_有语境_200,有语境,BA-preferred,1,物理状态改变,28,BA-PC-028,BA-CTX-PC-028,2,SVO,non-preferred,弟弟的玩具车坏了，我花了一个小时才,修好了它,弟弟的玩具车坏了，我花了一个小时才修好了它。,弟弟的玩具车坏了，我花了一个小时才,我花了一个小时才,,55,弟弟的玩具车坏了，我花了一个小时才修好了它。,True,False,True,False,"弟弟的玩具车坏了,我花了一个小时才修好了它。",,,"弟弟的玩具车坏了,我花了一个小时才修好了它","弟弟的玩具车坏了,我花了一个小时才修好了它",True,False,True,0,,弟弟的玩具车坏了，我花了一个小时才把它修好了。,"弟弟的玩具车坏了,我花了一个小时才把它修好了",False
T0057,BA_有语境_200,有语境,BA-preferred,1,物理状态改变,29,BA-PC-029,BA-CTX-PC-029,1,BA,preferred,锅里没有倒水，我不小心,把它烧糊了,锅里没有倒水，我不小心把它烧糊了。,锅里没有倒水，我不小心,我不小心,,56,锅里没有倒水，我不小心把它烧糊了。,True,False,False,True,"锅里没有倒水,我不小心把它烧糊了。",,,"锅里没有倒水,我不小心把它烧糊了","锅里没有倒水,我不小心把它烧糊了",True,False,True,0,,锅里没有倒水，我不小心把它烧糊了。,"锅里没有倒水,我不小心把它烧糊了",False
T0058,BA_有语境_200,有语境,BA-preferred,1,物理状态改变,29,BA-PC-029,BA-CTX-PC-029,2,SVO,non-preferred,锅里没有倒水，我不小心,烧糊了它,锅里没有倒水，我不小心烧糊了它。,锅里没有倒水，我不小心,我不小心,,57,锅里没有倒水，我不小心烧糊了它。,True,False,True,False,"锅里没有倒水,我不小心烧糊了它。",,,"锅里没有倒水,我不小心烧糊了它","锅里没有倒水,我不小心烧糊了它",True,False,True,0,,锅里没有倒水，我不小心把它烧糊了。,"锅里没有倒水,我不小心把它烧糊了",False
T0059,BA_有语境_200,有语境,BA-preferred,1,物理状态改变,30,BA-PC-030,BA-CTX-PC-030,1,BA,preferred,那个旧纸箱没用了，我一脚,把它踩扁了,那个旧纸箱没用了，我一脚把它踩扁了。,那个旧纸箱没用了，我一脚,我一脚,,58,那个旧纸箱没用了，我一脚把它踩扁了。,True,False,False,True,"那个旧纸箱没用了,我一脚把它踩扁了。",,,"那个旧纸箱没用了,我一脚把它踩扁了","那个旧纸箱没用了,我一脚把它踩扁了",True,False,True,0,,那个旧纸箱没用了，我一脚把它踩扁了。,"那个旧纸箱没用了,我一脚把它踩扁了",False
T0060,BA_有语境_200,有语境,BA-preferred,1,物理状态改变,30,BA-PC-030,BA-CTX-PC-030,2,SVO,non-preferred,那个旧纸箱没用了，我一脚,踩扁了它,那个旧纸箱没用了，我一脚踩扁了它。,那个旧纸箱没用了，我一脚,我一脚,,59,那个旧纸箱没用了，我一脚踩扁了它。,True,False,True,False,"那个旧纸箱没用了,我一脚踩扁了它。",,,"那个旧纸箱没用了,我一脚踩扁了它","那个旧纸箱没用了,我一脚踩扁了它",True,False,True,0,,那个旧纸箱没用了，我一脚把它踩扁了。,"那个旧纸箱没用了,我一脚把它踩扁了",False
T0061,BA_有语境_200,有语境,BA-preferred,1,物理状态改变,31,BA-PC-031,BA-CTX-PC-031,1,BA,preferred,这条鱼腌好了，妈妈放进锅里,把它炖了,这条鱼腌好了，妈妈放进锅里把它炖了。,这条鱼腌好了，妈妈放进锅里,妈妈放进锅里,,60,这条鱼腌好了，妈妈放进锅里把它炖了。,True,False,False,True,"这条鱼腌好了,妈妈放进锅里把它炖了。",,,"这条鱼腌好了,妈妈放进锅里把它炖了","这条鱼腌好了,妈妈放进锅里把它炖了",True,False,True,0,,这条鱼腌好了，妈妈放进锅里把它炖了。,"这条鱼腌好了,妈妈放进锅里把它炖了",False
T0062,BA_有语境_200,有语境,BA-preferred,1,物理状态改变,31,BA-PC-031,BA-CTX-PC-031,2,SVO,non-preferred,这条鱼腌好了，妈妈放进锅里,炖了它,这条鱼腌好了，妈妈放进锅里炖了它。,这条鱼腌好了，妈妈放进锅里,妈妈放进锅里,,61,这条鱼腌好了，妈妈放进锅里炖了它。,True,False,True,False,"这条鱼腌好了,妈妈放进锅里炖了它。",,,"这条鱼腌好了,妈妈放进锅里炖了它","这条鱼腌好了,妈妈放进锅里炖了它",True,False,True,0,,这条鱼腌好了，妈妈放进锅里把它炖了。,"这条鱼腌好了,妈妈放进锅里把它炖了",False
T0063,BA_有语境_200,有语境,BA-preferred,1,物理状态改变,32,BA-PC-032,BA-CTX-PC-032,1,BA,preferred,那个气球吹得太大了，弟弟拿针一戳就,把它扎破了,那个气球吹得太大了，弟弟拿针一戳就把它扎破了。,那个气球吹得太大了，弟弟拿针一戳就,弟弟拿针一戳就,,62,那个气球吹得太大了，弟弟拿针一戳就把它扎破了。,True,False,False,True,"那个气球吹得太大了,弟弟拿针一戳就把它扎破了。",,,"那个气球吹得太大了,弟弟拿针一戳就把它扎破了","那个气球吹得太大了,弟弟拿针一戳就把它扎破了",True,False,True,0,,那个气球吹得太大了，弟弟拿针一戳就把它扎破了。,"那个气球吹得太大了,弟弟拿针一戳就把它扎破了",False
T0064,BA_有语境_200,有语境,BA-preferred,1,物理状态改变,32,BA-PC-032,BA-CTX-PC-032,2,SVO,non-preferred,那个气球吹得太大了，弟弟拿针一戳就,扎破了它,那个气球吹得太大了，弟弟拿针一戳就扎破了它。,那个气球吹得太大了，弟弟拿针一戳就,弟弟拿针一戳就,,63,那个气球吹得太大了，弟弟拿针一戳就扎破了它。,True,False,True,False,"那个气球吹得太大了,弟弟拿针一戳就扎破了它。",,,"那个气球吹得太大了,弟弟拿针一戳就扎破了它","那个气球吹得太大了,弟弟拿针一戳就扎破了它",True,False,True,0,,那个气球吹得太大了，弟弟拿针一戳就把它扎破了。,"那个气球吹得太大了,弟弟拿针一戳就把它扎破了",False
T0065,BA_有语境_200,有语境,BA-preferred,1,物理状态改变,33,BA-PC-033,BA-CTX-PC-033,1,BA,preferred,头发太长了，我昨天去理发店,把它剪短了,头发太长了，我昨天去理发店把它剪短了。,头发太长了，我昨天去理发店,我昨天去理发店,,64,头发太长了，我昨天去理发店把它剪短了。,True,False,False,True,"头发太长了,我昨天去理发店把它剪短了。",,,"头发太长了,我昨天去理发店把它剪短了","头发太长了,我昨天去理发店把它剪短了",True,False,True,0,,头发太长了，我昨天去理发店把它剪短了。,"头发太长了,我昨天去理发店把它剪短了",False
T0066,BA_有语境_200,有语境,BA-preferred,1,物理状态改变,33,BA-PC-033,BA-CTX-PC-033,2,SVO,non-preferred,头发太长了，我昨天去理发店,剪短了它,头发太长了，我昨天去理发店剪短了它。,头发太长了，我昨天去理发店,我昨天去理发店,,65,头发太长了，我昨天去理发店剪短了它。,True,False,True,False,"头发太长了,我昨天去理发店剪短了它。",,,"头发太长了,我昨天去理发店剪短了它","头发太长了,我昨天去理发店剪短了它",True,False,True,0,,头发太长了，我昨天去理发店把它剪短了。,"头发太长了,我昨天去理发店把它剪短了",False
T0067,BA_有语境_200,有语境,BA-preferred,1,物理状态改变,34,BA-PC-034,BA-CTX-PC-034,1,BA,preferred,这张纸太大了，放不进信封，我只好,把它折起来了,这张纸太大了，放不进信封，我只好把它折起来了。,这张纸太大了，放不进信封，我只好,我只好,,66,这张纸太大了，放不进信封，我只好把它折起来了。,True,False,False,True,"这张纸太大了,放不进信封,我只好把它折起来了。",,,"这张纸太大了,放不进信封,我只好把它折起来了","这张纸太大了,放不进信封,我只好把它折起来了",True,False,True,0,,这张纸太大了，放不进信封，我只好把它折起来了。,"这张纸太大了,放不进信封,我只好把它折起来了",False
T0068,BA_有语境_200,有语境,BA-preferred,1,物理状态改变,34,BA-PC-034,BA-CTX-PC-034,2,SVO,non-preferred,这张纸太大了，放不进信封，我只好,折起它来了,这张纸太大了，放不进信封，我只好折起它来了。,这张纸太大了，放不进信封，我只好,我只好,,67,这张纸太大了，放不进信封，我只好折起它来了。,True,False,True,False,"这张纸太大了,放不进信封,我只好折起它来了。",,,"这张纸太大了,放不进信封,我只好折起它来了","这张纸太大了,放不进信封,我只好折起它来了",True,False,True,0,,这张纸太大了，放不进信封，我只好把它折起来了。,"这张纸太大了,放不进信封,我只好把它折起来了",False
T0069,BA_有语境_200,有语境,BA-preferred,1,物理状态改变,35,BA-PC-035,BA-CTX-PC-035,1,BA,preferred,我的铅笔头断了，我用小刀重新,把它削尖了,我的铅笔头断了，我用小刀重新把它削尖了。,我的铅笔头断了，我用小刀重新,我用小刀重新,,68,我的铅笔头断了，我用小刀重新把它削尖了。,True,False,False,True,"我的橡皮头断了,我用小刀重新把它削尖了。",,,"我的铅笔头断了,我用小刀重新把它削尖了","我的橡皮头断了,我用小刀重新把它削尖了",True,True,False,2,replace:铅笔->橡皮@2:4,我的铅笔头断了，我用小刀重新把它削尖了。,"我的铅笔头断了,我用小刀重新把它削尖了",False
T0070,BA_有语境_200,有语境,BA-preferred,1,物理状态改变,35,BA-PC-035,BA-CTX-PC-035,2,SVO,non-preferred,我的铅笔头断了，我用小刀重新,削尖了它,我的铅笔头断了，我用小刀重新削尖了它。,我的铅笔头断了，我用小刀重新,我用小刀重新,,69,我的铅笔头断了，我用小刀重新削尖了它。,True,False,True,False,"我的铅笔头断了,我用小刀重新削尖了它。",,,"我的铅笔头断了,我用小刀重新削尖了它","我的铅笔头断了,我用小刀重新削尖了它",True,False,True,0,,我的铅笔头断了，我用小刀重新把它削尖了。,"我的铅笔头断了,我用小刀重新把它削尖了",False
T0071,BA_有语境_200,有语境,BA-preferred,1,物理状态改变,36,BA-PC-036,BA-CTX-PC-036,1,BA,preferred,这个旧杯子有裂缝，我不小心,把它打碎了,这个旧杯子有裂缝，我不小心把它打碎了。,这个旧杯子有裂缝，我不小心,我不小心,,70,这个旧杯子有裂缝，我不小心把它打碎了。,True,False,False,True,"这个旧杯子有裂缝,我不小心把它打碎了。",,,"这个旧杯子有裂缝,我不小心把它打碎了","这个旧杯子有裂缝,我不小心把它打碎了",True,False,True,0,,这个旧杯子有裂缝，我不小心把它打碎了。,"这个旧杯子有裂缝,我不小心把它打碎了",False
T0072,BA_有语境_200,有语境,BA-preferred,1,物理状态改变,36,BA-PC-036,BA-CTX-PC-036,2,SVO,non-preferred,这个旧杯子有裂缝，我不小心,打碎了它,这个旧杯子有裂缝，我不小心打碎了它。,这个旧杯子有裂缝，我不小心,我不小心,,71,这个旧杯子有裂缝，我不小心打碎了它。,True,False,True,False,"这个旧杯子有裂缝,我不小心打碎了它。",,,"这个旧杯子有裂缝,我不小心打碎了它","这个旧杯子有裂缝,我不小心打碎了它",True,False,True,0,,这个旧杯子有裂缝，我不小心把它打碎了。,"这个旧杯子有裂缝,我不小心把它打碎了",False
T0073,BA_有语境_200,有语境,BA-preferred,1,物理状态改变,37,BA-PC-037,BA-CTX-PC-037,1,BA,preferred,地上的那张废纸，我捡起来顺手,把它扔了,地上的那张废纸，我捡起来顺手把它扔了。,地上的那张废纸，我捡起来顺手,我捡起来顺手,,72,地上的那张废纸，我捡起来顺手把它扔了。,True,False,False,True,"地上的那张废纸,我捡起来顺手把它扔了。",,,"地上的那张废纸,我捡起来顺手把它扔了","地上的那张废纸,我捡起来顺手把它扔了",True,False,True,0,,地上的那张废纸，我捡起来顺手把它扔了。,"地上的那张废纸,我捡起来顺手把它扔了",False
T0074,BA_有语境_200,有语境,BA-preferred,1,物理状态改变,37,BA-PC-037,BA-CTX-PC-037,2,SVO,non-preferred,地上的那张废纸，我捡起来顺手,扔了它,地上的那张废纸，我捡起来顺手扔了它。,地上的那张废纸，我捡起来顺手,我捡起来顺手,,73,地上的那张废纸，我捡起来顺手扔了它。,True,False,True,False,"地上的那张废纸,我捡起来顺手扔了它。",,,"地上的那张废纸,我捡起来顺手扔了它","地上的那张废纸,我捡起来顺手扔了它",True,False,True,0,,地上的那张废纸，我捡起来顺手把它扔了。,"地上的那张废纸,我捡起来顺手把它扔了",False
T0075,BA_有语境_200,有语境,BA-preferred,1,物理状态改变,38,BA-PC-038,BA-CTX-PC-038,1,BA,preferred,昨天晚上剩下的米饭，我早上加了蛋,把它炒了,昨天晚上剩下的米饭，我早上加了蛋把它炒了。,昨天晚上剩下的米饭，我早上加了蛋,我早上加了蛋,,74,昨天晚上剩下的米饭，我早上加了蛋把它炒了。,True,False,False,True,"昨天晚上剩下的米饭,我早上加了蛋把它炒了。",,,"昨天晚上剩下的米饭,我早上加了蛋把它炒了","昨天晚上剩下的米饭,我早上加了蛋把它炒了",True,False,True,0,,昨天晚上剩下的米饭，我早上加了蛋把它炒了。,"昨天晚上剩下的米饭,我早上加了蛋把它炒了",False
T0076,BA_有语境_200,有语境,BA-preferred,1,物理状态改变,38,BA-PC-038,BA-CTX-PC-038,2,SVO,non-preferred,昨天晚上剩下的米饭，我早上加了蛋,炒了它,昨天晚上剩下的米饭，我早上加了蛋炒了它。,昨天晚上剩下的米饭，我早上加了蛋,我早上加了蛋,,75,昨天晚上剩下的米饭，我早上加了蛋炒了它。,True,False,True,False,"昨天晚上剩下的米饭,我早上加了蛋炒了它。",,,"昨天晚上剩下的米饭,我早上加了蛋炒了它","昨天晚上剩下的米饭,我早上加了蛋炒了它",True,False,True,0,,昨天晚上剩下的米饭，我早上加了蛋把它炒了。,"昨天晚上剩下的米饭,我早上加了蛋把它炒了",False
T0077,BA_有语境_200,有语境,BA-preferred,1,物理状态改变,39,BA-PC-039,BA-CTX-PC-039,1,BA,preferred,这瓶矿泉水我已经打开了，你赶紧,把它喝了吧,这瓶矿泉水我已经打开了，你赶紧把它喝了吧。,这瓶矿泉水我已经打开了，你赶紧,你赶紧,,76,这瓶矿泉水我已经打开了，你赶紧把它喝了吧。,True,False,False,True,"这瓶矿泉水我已经打开了,你赶紧把它喝了吧。",,,"这瓶矿泉水我已经打开了,你赶紧把它喝了吧","这瓶矿泉水我已经打开了,你赶紧把它喝了吧",True,False,True,0,,这瓶矿泉水我已经打开了，你赶紧把它喝了吧。,"这瓶矿泉水我已经打开了,你赶紧把它喝了吧",False
T0078,BA_有语境_200,有语境,BA-preferred,1,物理状态改变,39,BA-PC-039,BA-CTX-PC-039,2,SVO,non-preferred,这瓶矿泉水我已经打开了，你赶紧,喝了它吧,这瓶矿泉水我已经打开了，你赶紧喝了它吧。,这瓶矿泉水我已经打开了，你赶紧,你赶紧,,77,这瓶矿泉水我已经打开了，你赶紧喝了它吧。,True,False,True,False,"这瓶矿泉水我已经打开了,你赶紧喝了它吧。",,,"这瓶矿泉水我已经打开了,你赶紧喝了它吧","这瓶矿泉水我已经打开了,你赶紧喝了它吧",True,False,True,0,,这瓶矿泉水我已经打开了，你赶紧把它喝了吧。,"这瓶矿泉水我已经打开了,你赶紧把它喝了吧",False
T0079,BA_有语境_200,有语境,BA-preferred,1,物理状态改变,40,BA-PC-040,BA-CTX-PC-040,1,BA,preferred,那块大石头挡在路中间，工人们用机器,把它砸碎了,那块大石头挡在路中间，工人们用机器把它砸碎了。,那块大石头挡在路中间，工人们用机器,工人们用机器,,78,那块大石头挡在路中间，工人们用机器把它砸碎了。,True,False,False,True,"那块大石头挡在路中间,工人们用机器把它砸碎了。",,,"那块大石头挡在路中间,工人们用机器把它砸碎了","那块大石头挡在路中间,工人们用机器把它砸碎了",True,False,True,0,,那块大石头挡在路中间，工人们用机器把它砸碎了。,"那块大石头挡在路中间,工人们用机器把它砸碎了",False
T0080,BA_有语境_200,有语境,BA-preferred,1,物理状态改变,40,BA-PC-040,BA-CTX-PC-040,2,SVO,non-preferred,那块大石头挡在路中间，工人们用机器,砸碎了它,那块大石头挡在路中间，工人们用机器砸碎了它。,那块大石头挡在路中间，工人们用机器,工人们用机器,,79,那块大石头挡在路中间，工人们用机器砸碎了它。,True,False,True,False,"那块大石头挡在路中间,工人们用机器砸碎了它。",,,"那块大石头挡在路中间,工人们用机器砸碎了它","那块大石头挡在路中间,工人们用机器砸碎了它",True,False,True,0,,那块大石头挡在路中间，工人们用机器把它砸碎了。,"那块大石头挡在路中间,工人们用机器把它砸碎了",False
T0081,BA_有语境_200,有语境,BA-preferred,1,物理状态改变,41,BA-PC-041,BA-CTX-PC-041,1,BA,preferred,外面太阳很大，被子很潮湿，妈妈拿出去,把它晒干了,外面太阳很大，被子很潮湿，妈妈拿出去把它晒干了。,外面太阳很大，被子很潮湿，妈妈拿出去,妈妈拿出去,,80,外面太阳很大，被子很潮湿，妈妈拿出去把它晒干了。,True,False,False,True,"外面太阳很大,被子很潮湿,妈妈拿出去把它晒干了。",,,"外面太阳很大,被子很潮湿,妈妈拿出去把它晒干了","外面太阳很大,被子很潮湿,妈妈拿出去把它晒干了",True,False,True,0,,外面太阳很大，被子很潮湿，妈妈拿出去把它晒干了。,"外面太阳很大,被子很潮湿,妈妈拿出去把它晒干了",False
T0082,BA_有语境_200,有语境,BA-preferred,1,物理状态改变,41,BA-PC-041,BA-CTX-PC-041,2,SVO,non-preferred,外面太阳很大，被子很潮湿，妈妈拿出去,晒干了它,外面太阳很大，被子很潮湿，妈妈拿出去晒干了它。,外面太阳很大，被子很潮湿，妈妈拿出去,妈妈拿出去,,81,外面太阳很大，被子很潮湿，妈妈拿出去晒干了它。,True,False,True,False,"外面太阳很大,被子很潮湿,妈妈拿出去晒干了它。",,,"外面太阳很大,被子很潮湿,妈妈拿出去晒干了它","外面太阳很大,被子很潮湿,妈妈拿出去晒干了它",True,False,True,0,,外面太阳很大，被子很潮湿，妈妈拿出去把它晒干了。,"外面太阳很大,被子很潮湿,妈妈拿出去把它晒干了",False
T0083,BA_有语境_200,有语境,BA-preferred,1,物理状态改变,42,BA-PC-042,BA-CTX-PC-042,1,BA,preferred,这个木头椅子不结实了，爷爷用钉子,把它加固了,这个木头椅子不结实了，爷爷用钉子把它加固了。,这个木头椅子不结实了，爷爷用钉子,爷爷用钉子,,82,这个木头椅子不结实了，爷爷用钉子把它加固了。,True,False,False,True,"这个木头椅子不结实了,爷爷用钉子把它加固了。",,,"这个木头椅子不结实了,爷爷用钉子把它加固了","这个木头椅子不结实了,爷爷用钉子把它加固了",True,False,True,0,,这个木头椅子不结实了，爷爷用钉子把它加固了。,"这个木头椅子不结实了,爷爷用钉子把它加固了",False
T0084,BA_有语境_200,有语境,BA-preferred,1,物理状态改变,42,BA-PC-042,BA-CTX-PC-042,2,SVO,non-preferred,这个木头椅子不结实了，爷爷用钉子,加固了它,这个木头椅子不结实了，爷爷用钉子加固了它。,这个木头椅子不结实了，爷爷用钉子,爷爷用钉子,,83,这个木头椅子不结实了，爷爷用钉子加固了它。,True,False,True,False,"这个木头椅子不结实了,爷爷用钉子加固了它。",,,"这个木头椅子不结实了,爷爷用钉子加固了它","这个木头椅子不结实了,爷爷用钉子加固了它",True,False,True,0,,这个木头椅子不结实了，爷爷用钉子把它加固了。,"这个木头椅子不结实了,爷爷用钉子把它加固了",False
T0085,BA_有语境_200,有语境,BA-preferred,1,物理状态改变,43,BA-PC-043,BA-CTX-PC-043,1,BA,preferred,我的旧裤子太长了，昨天裁缝,把它改短了,我的旧裤子太长了，昨天裁缝把它改短了。,我的旧裤子太长了，昨天裁缝,昨天裁缝,,84,我的旧裤子太长了，昨天裁缝把它改短了。,True,False,False,True,"我的旧裤子太长了,昨天裁缝把它改短了。",,,"我的旧裤子太长了,昨天裁缝把它改短了","我的旧裤子太长了,昨天裁缝把它改短了",True,False,True,0,,我的旧裤子太长了，昨天裁缝把它改短了。,"我的旧裤子太长了,昨天裁缝把它改短了",False
T0086,BA_有语境_200,有语境,BA-preferred,1,物理状态改变,43,BA-PC-043,BA-CTX-PC-043,2,SVO,non-preferred,我的旧裤子太长了，昨天裁缝,改短了它,我的旧裤子太长了，昨天裁缝改短了它。,我的旧裤子太长了，昨天裁缝,昨天裁缝,,85,我的旧裤子太长了，昨天裁缝改短了它。,True,False,True,False,"我的旧裤子太长了,昨天裁缝改短了它。",,,"我的旧裤子太长了,昨天裁缝改短了它","我的旧裤子太长了,昨天裁缝改短了它",True,False,True,0,,我的旧裤子太长了，昨天裁缝把它改短了。,"我的旧裤子太长了,昨天裁缝把它改短了",False
T0087,BA_有语境_200,有语境,BA-preferred,1,物理状态改变,44,BA-PC-044,BA-CTX-PC-044,1,BA,preferred,这篇文章写得太长了，我就,把它缩短了,这篇文章写得太长了，我就把它缩短了。,这篇文章写得太长了，我就,我就,,86,这篇文章写得太长了，我就把它缩短了。,True,False,False,True,"这篇文章写得太长了,我就把它缩短了。",,,"这篇文章写得太长了,我就把它缩短了","这篇文章写得太长了,我就把它缩短了",True,False,True,0,,这篇文章写得太长了，我就把它缩短了。,"这篇文章写得太长了,我就把它缩短了",False
T0088,BA_有语境_200,有语境,BA-preferred,1,物理状态改变,44,BA-PC-044,BA-CTX-PC-044,2,SVO,non-preferred,这篇文章写得太长了，我就,缩短了它,这篇文章写得太长了，我就缩短了它。,这篇文章写得太长了，我就,我就,,87,这篇文章写得太长了，我就缩短了它。,True,False,True,False,"这篇文章写得太长了,我就缩短了它。",,,"这篇文章写得太长了,我就缩短了它","这篇文章写得太长了,我就缩短了它",True,False,True,0,,这篇文章写得太长了，我就把它缩短了。,"这篇文章写得太长了,我就把它缩短了",False
T0089,BA_有语境_200,有语境,BA-preferred,1,物理状态改变,45,BA-PC-045,BA-CTX-PC-045,1,BA,preferred,那个旧轮胎漏气了，修车师傅,把它补好了,那个旧轮胎漏气了，修车师傅把它补好了。,那个旧轮胎漏气了，修车师傅,修车师傅,,88,那个旧轮胎漏气了，修车师傅把它补好了。,True,False,False,True,"那个旧轮胎漏气了,修车师傅把它补好了。",,,"那个旧轮胎漏气了,修车师傅把它补好了","那个旧轮胎漏气了,修车师傅把它补好了",True,False,True,0,,那个旧轮胎漏气了，修车师傅把它补好了。,"那个旧轮胎漏气了,修车师傅把它补好了",False
T0090,BA_有语境_200,有语境,BA-preferred,1,物理状态改变,45,BA-PC-045,BA-CTX-PC-045,2,SVO,non-preferred,那个旧轮胎漏气了，修车师傅,补好了它,那个旧轮胎漏气了，修车师傅补好了它。,那个旧轮胎漏气了，修车师傅,修车师傅,,89,那个旧轮胎漏气了，修车师傅补好了它。,True,False,True,False,"那个旧轮胎漏气了,修车师傅补好了它。",,,"那个旧轮胎漏气了,修车师傅补好了它","那个旧轮胎漏气了,修车师傅补好了它",True,False,True,0,,那个旧轮胎漏气了，修车师傅把它补好了。,"那个旧轮胎漏气了,修车师傅把它补好了",False
T0091,BA_有语境_200,有语境,BA-preferred,1,物理状态改变,46,BA-PC-046,BA-CTX-PC-046,1,BA,preferred,这杯茶已经凉透了，我不喜欢喝凉茶，就,把它倒掉了,这杯茶已经凉透了，我不喜欢喝凉茶，就把它倒掉了。,这杯茶已经凉透了，我不喜欢喝凉茶，就,我就,,90,这杯茶已经凉透了，我不喜欢喝凉茶，就把它倒掉了。,True,False,False,True,"这杯茶已经凉透了,我不喜欢喝凉茶,就把它倒掉了。",,,"这杯茶已经凉透了,我不喜欢喝凉茶,就把它倒掉了","这杯茶已经凉透了,我不喜欢喝凉茶,就把它倒掉了",True,False,True,0,,这杯茶已经凉透了，我不喜欢喝凉茶，就把它倒掉了。,"这杯茶已经凉透了,我不喜欢喝凉茶,就把它倒掉了",False
T0092,BA_有语境_200,有语境,BA-preferred,1,物理状态改变,46,BA-PC-046,BA-CTX-PC-046,2,SVO,non-preferred,这杯茶已经凉透了，我不喜欢喝凉茶，就,倒掉它了,这杯茶已经凉透了，我不喜欢喝凉茶，就倒掉它了。,这杯茶已经凉透了，我不喜欢喝凉茶，就,我就,,91,这杯茶已经凉透了，我不喜欢喝凉茶，就倒掉它了。,True,False,True,False,"这杯茶已经凉透了,我不喜欢喝凉茶,就倒掉它了。",,,"这杯茶已经凉透了,我不喜欢喝凉茶,就倒掉它了","这杯茶已经凉透了,我不喜欢喝凉茶,就倒掉它了",True,False,True,0,,这杯茶已经凉透了，我不喜欢喝凉茶，就把它倒掉了。,"这杯茶已经凉透了,我不喜欢喝凉茶,就把它倒掉了",False
T0093,BA_有语境_200,有语境,BA-preferred,1,物理状态改变,47,BA-PC-047,BA-CTX-PC-047,1,BA,preferred,听说你想吃饼干，我现在已经,把它烤熟了,听说你想吃饼干，我现在已经把它烤熟了。,听说你想吃饼干，我现在已经,我现在已经,,92,听说你想吃饼干，我现在已经把它烤熟了。,True,False,False,True,"听说你想吃饼干,我现在已经把它烤熟了。",,,"听说你想吃饼干,我现在已经把它烤熟了","听说你想吃饼干,我现在已经把它烤熟了",True,False,True,0,,听说你想吃饼干，我现在已经把它烤熟了。,"听说你想吃饼干,我现在已经把它烤熟了",False
T0094,BA_有语境_200,有语境,BA-preferred,1,物理状态改变,47,BA-PC-047,BA-CTX-PC-047,2,SVO,non-preferred,听说你想吃饼干，我现在已经,烤熟它了,听说你想吃饼干，我现在已经烤熟它了。,听说你想吃饼干，我现在已经,我现在已经,,93,听说你想吃饼干，我现在已经烤熟它了。,True,False,True,False,"听说你想吃饼干,我现在已经烤熟它了。",,,"听说你想吃饼干,我现在已经烤熟它了","听说你想吃饼干,我现在已经烤熟它了",True,False,True,0,,听说你想吃饼干，我现在已经把它烤熟了。,"听说你想吃饼干,我现在已经把它烤熟了",False
T0095,BA_有语境_200,有语境,BA-preferred,1,物理状态改变,48,BA-PC-048,BA-CTX-PC-048,1,BA,preferred,弟弟把口香糖吐在纸巾里，他,把它包起来了,弟弟把口香糖吐在纸巾里，他把它包起来了。,弟弟把口香糖吐在纸巾里，他,他,,94,弟弟把口香糖吐在纸巾里，他把它包起来了。,True,False,False,True,"弟弟把口香糖吐在纸巾里,他把它包起来了。",,,"弟弟把口香糖吐在纸巾里,他把它包起来了","弟弟把口香糖吐在纸巾里,他把它包起来了",True,False,True,0,,弟弟把口香糖吐在纸巾里，他把它包起来了。,"弟弟把口香糖吐在纸巾里,他把它包起来了",False
T0096,BA_有语境_200,有语境,BA-preferred,1,物理状态改变,48,BA-PC-048,BA-CTX-PC-048,2,SVO,non-preferred,弟弟把口香糖吐在纸巾里，他,包起它来了,弟弟把口香糖吐在纸巾里，他包起它来了。,弟弟把口香糖吐在纸巾里，他,他,,95,弟弟把口香糖吐在纸巾里，他包起它来了。,True,False,True,False,"弟弟把口香糖吐在纸巾里,他抱起他来了。",,,"弟弟把口香糖吐在纸巾里,他包起它来了","弟弟把口香糖吐在纸巾里,他抱起他来了",True,True,False,2,replace:包->抱@13:14 | replace:它->他@15:16,弟弟把口香糖吐在纸巾里，他把它包起来了。,"弟弟把口香糖吐在纸巾里,他把它包起来了",False
T0097,BA_有语境_200,有语境,BA-preferred,1,物理状态改变,49,BA-PC-049,BA-CTX-PC-049,1,BA,preferred,那个闹钟一直响个不停，我伸手,把它关掉了,那个闹钟一直响个不停，我伸手把它关掉了。,那个闹钟一直响个不停，我伸手,我伸手,,96,那个闹钟一直响个不停，我伸手把它关掉了。,True,False,False,True,"那个闹钟一直响个不停,我伸手把它关掉了。",,,"那个闹钟一直响个不停,我伸手把它关掉了","那个闹钟一直响个不停,我伸手把它关掉了",True,False,True,0,,那个闹钟一直响个不停，我伸手把它关掉了。,"那个闹钟一直响个不停,我伸手把它关掉了",False
T0098,BA_有语境_200,有语境,BA-preferred,1,物理状态改变,49,BA-PC-049,BA-CTX-PC-049,2,SVO,non-preferred,那个闹钟一直响个不停，我伸手,关掉它了,那个闹钟一直响个不停，我伸手关掉它了。,那个闹钟一直响个不停，我伸手,我伸手,,97,那个闹钟一直响个不停，我伸手关掉它了。,True,False,True,False,"那个闹钟一直响个不停,我伸手关掉它了。",,,"那个闹钟一直响个不停,我伸手关掉它了","那个闹钟一直响个不停,我伸手关掉它了",True,False,True,0,,那个闹钟一直响个不停，我伸手把它关掉了。,"那个闹钟一直响个不停,我伸手把它关掉了",False
T0099,BA_有语境_200,有语境,BA-preferred,1,物理状态改变,50,BA-PC-050,BA-CTX-PC-050,1,BA,preferred,这盒冰淇淋马上就要融化了，你快点,把它吃了吧,这盒冰淇淋马上就要融化了，你快点把它吃了吧。,这盒冰淇淋马上就要融化了，你快点,你快点,,98,这盒冰淇淋马上就要融化了，你快点把它吃了吧。,True,False,False,True,"这盒冰淇淋马上就要融化了,你快点把它吃了吧。",,,"这盒冰淇淋马上就要融化了,你快点把它吃了吧","这盒冰淇淋马上就要融化了,你快点把它吃了吧",True,False,True,0,,这盒冰淇淋马上就要融化了，你快点把它吃了吧。,"这盒冰淇淋马上就要融化了,你快点把它吃了吧",False
T0100,BA_有语境_200,有语境,BA-preferred,1,物理状态改变,50,BA-PC-050,BA-CTX-PC-050,2,SVO,non-preferred,这盒冰淇淋马上就要融化了，你快点,吃了它吧,这盒冰淇淋马上就要融化了，你快点吃了它吧。,这盒冰淇淋马上就要融化了，你快点,你快点,,99,这盒冰淇淋马上就要融化了，你快点吃了它吧。,True,False,True,False,"这盒冰淇淋马上就要融化了,你快点吃了它吧。",,,"这盒冰淇淋马上就要融化了,你快点吃了它吧","这盒冰淇淋马上就要融化了,你快点吃了它吧",True,False,True,0,,这盒冰淇淋马上就要融化了，你快点把它吃了吧。,"这盒冰淇淋马上就要融化了,你快点把它吃了吧",False
T0101,BA_有语境_200,有语境,BA-preferred,2,空间位移,1,BA-SD-001,BA-CTX-SD-001,1,BA,preferred,你的外套放在沙发上太乱了，我,把它挂起来了,你的外套放在沙发上太乱了，我把它挂起来了。,你的外套放在沙发上太乱了，我,我,,100,你的外套放在沙发上太乱了，我把它挂起来了。,True,False,False,True,"你的外套放在沙发上太乱了,我把它挂起来了。",,,"你的外套放在沙发上太乱了,我把它挂起来了","你的外套放在沙发上太乱了,我把它挂起来了",True,False,True,0,,你的外套放在沙发上太乱了，我把它挂起来了。,"你的外套放在沙发上太乱了,我把它挂起来了",False
T0102,BA_有语境_200,有语境,BA-preferred,2,空间位移,1,BA-SD-001,BA-CTX-SD-001,2,SVO,non-preferred,你的外套放在沙发上太乱了，我,挂起它来了,你的外套放在沙发上太乱了，我挂起它来了。,你的外套放在沙发上太乱了，我,我,,101,你的外套放在沙发上太乱了，我挂起它来了。,True,False,True,False,"你的外套放在沙发上太乱了,我挂起它来了。",,,"你的外套放在沙发上太乱了,我挂起它来了","你的外套放在沙发上太乱了,我挂起它来了",True,False,True,0,,你的外套放在沙发上太乱了，我把它挂起来了。,"你的外套放在沙发上太乱了,我把它挂起来了",False
T0103,BA_有语境_200,有语境,BA-preferred,2,空间位移,2,BA-SD-002,BA-CTX-SD-002,1,BA,preferred,外面下雨了，院子里的自行车，我已经,把它推进来了,外面下雨了，院子里的自行车，我已经把它推进来了。,外面下雨了，院子里的自行车，我已经,我已经,,102,外面下雨了，院子里的自行车，我已经把它推进来了。,True,False,False,True,"外面下雨了,院子里的自行车,我已经把它推进来了。",,,"外面下雨了,院子里的自行车,我已经把它推进来了","外面下雨了,院子里的自行车,我已经把它推进来了",True,False,True,0,,外面下雨了，院子里的自行车，我已经把它推进来了。,"外面下雨了,院子里的自行车,我已经把它推进来了",False
T0104,BA_有语境_200,有语境,BA-preferred,2,空间位移,2,BA-SD-002,BA-CTX-SD-002,2,SVO,non-preferred,外面下雨了，院子里的自行车，我已经,推它进来了,外面下雨了，院子里的自行车，我已经推它进来了。,外面下雨了，院子里的自行车，我已经,我已经,,103,外面下雨了，院子里的自行车，我已经推它进来了。,True,False,True,False,"外面下雨了,院子里的自行车,我已经推它进来了。",,,"外面下雨了,院子里的自行车,我已经推它进来了","外面下雨了,院子里的自行车,我已经推它进来了",True,False,True,0,,外面下雨了，院子里的自行车，我已经把它推进来了。,"外面下雨了,院子里的自行车,我已经把它推进来了",False
T0105,BA_有语境_200,有语境,BA-preferred,2,空间位移,3,BA-SD-003,BA-CTX-SD-003,1,BA,preferred,这本书我看完了，昨天我,把它放回书架了,这本书我看完了，昨天我把它放回书架了。,这本书我看完了，昨天我,昨天我,,104,这本书我看完了，昨天我把它放回书架了。,True,False,False,True,"这本书我看完了,昨天我把它放回书架了。",,,"这本书我看完了,昨天我把它放回书架了","这本书我看完了,昨天我把它放回书架了",True,False,True,0,,这本书我看完了，昨天我把它放回书架了。,"这本书我看完了,昨天我把它放回书架了",False
T0106,BA_有语境_200,有语境,BA-preferred,2,空间位移,3,BA-SD-003,BA-CTX-SD-003,2,SVO,non-preferred,这本书我看完了，昨天我,放它回书架了,这本书我看完了，昨天我放它回书架了。,这本书我看完了，昨天我,昨天我,,105,这本书我看完了，昨天我放它回书架了。,True,False,True,False,"这本书我看完了,昨天我放他回书架了。",,,"这本书我看完了,昨天我放它回书架了","这本书我看完了,昨天我放他回书架了",True,True,False,1,replace:它->他@12:13,这本书我看完了，昨天我把它放回书架了。,"这本书我看完了,昨天我把它放回书架了",False
T0107,BA_有语境_200,有语境,BA-preferred,2,空间位移,4,BA-SD-004,BA-CTX-SD-004,1,BA,preferred,垃圾桶满了，出门的时候我,把垃圾扔了,垃圾桶满了，出门的时候我把垃圾扔了。,垃圾桶满了，出门的时候我,出门的时候我,,106,垃圾桶满了，出门的时候我把垃圾扔了。,True,False,False,True,"垃圾桶满了,出门的时候我把垃圾扔了。",,,"垃圾桶满了,出门的时候我把垃圾扔了","垃圾桶满了,出门的时候我把垃圾扔了",True,False,True,0,,垃圾桶满了，出门的时候我把垃圾扔了。,"垃圾桶满了,出门的时候我把垃圾扔了",False
T0108,BA_有语境_200,有语境,BA-preferred,2,空间位移,4,BA-SD-004,BA-CTX-SD-004,2,SVO,non-preferred,垃圾桶满了，出门的时候我,扔了垃圾,垃圾桶满了，出门的时候我扔了垃圾。,垃圾桶满了，出门的时候我,出门的时候我,,107,垃圾桶满了，出门的时候我扔了垃圾。,True,False,True,False,"垃圾桶满了,出门的时候我扔了垃圾。",,,"垃圾桶满了,出门的时候我扔了垃圾","垃圾桶满了,出门的时候我扔了垃圾",True,False,True,0,,垃圾桶满了，出门的时候我把垃圾扔了。,"垃圾桶满了,出门的时候我把垃圾扔了",False
T0109,BA_有语境_200,有语境,BA-preferred,2,空间位移,5,BA-SD-005,BA-CTX-SD-005,1,BA,preferred,行李箱太重了，我叫人,把它搬上楼了,行李箱太重了，我叫人把它搬上楼了。,行李箱太重了，我叫人,我叫人,,108,行李箱太重了，我叫人把它搬上楼了。,True,False,False,True,"行李箱太重了,我叫人把它搬上楼了。",,,"行李箱太重了,我叫人把它搬上楼了","行李箱太重了,我叫人把它搬上楼了",True,False,True,0,,行李箱太重了，我叫人把它搬上楼了。,"行李箱太重了,我叫人把它搬上楼了",False
T0110,BA_有语境_200,有语境,BA-preferred,2,空间位移,5,BA-SD-005,BA-CTX-SD-005,2,SVO,non-preferred,行李箱太重了，我叫人,搬它上了楼,行李箱太重了，我叫人搬它上了楼。,行李箱太重了，我叫人,我叫人,,109,行李箱太重了，我叫人搬它上了楼。,True,False,True,False,"行李箱太重了,我叫人搬他上了楼。",,,"行李箱太重了,我叫人搬它上了楼","行李箱太重了,我叫人搬他上了楼",True,True,False,1,replace:它->他@11:12,行李箱太重了，我叫人把它搬上楼了。,"行李箱太重了,我叫人把它搬上楼了",False
T0111,BA_有语境_200,有语境,BA-preferred,2,空间位移,6,BA-SD-006,BA-CTX-SD-006,1,BA,preferred,刚买的啤酒不凉，我,把它放进冰箱了,刚买的啤酒不凉，我把它放进冰箱了。,刚买的啤酒不凉，我,我,,110,刚买的啤酒不凉，我把它放进冰箱了。,True,False,False,True,"刚买的啤酒不凉,我把它放进冰箱了。",,,"刚买的啤酒不凉,我把它放进冰箱了","刚买的啤酒不凉,我把它放进冰箱了",True,False,True,0,,刚买的啤酒不凉，我把它放进冰箱了。,"刚买的啤酒不凉,我把它放进冰箱了",False
T0112,BA_有语境_200,有语境,BA-preferred,2,空间位移,6,BA-SD-006,BA-CTX-SD-006,2,SVO,non-preferred,刚买的啤酒不凉，我,放它进了冰箱,刚买的啤酒不凉，我放它进了冰箱。,刚买的啤酒不凉，我,我,,111,刚买的啤酒不凉，我放它进了冰箱。,True,False,True,False,"刚买的啤酒不亮,我放他进了冰箱。",,,"刚买的啤酒不凉,我放它进了冰箱","刚买的啤酒不亮,我放他进了冰箱",True,True,False,2,replace:凉->亮@6:7 | replace:它->他@10:11,刚买的啤酒不凉，我把它放进冰箱了。,"刚买的啤酒不凉,我把它放进冰箱了",False
T0113,BA_有语境_200,有语境,BA-preferred,2,空间位移,7,BA-SD-007,BA-CTX-SD-007,1,BA,preferred,钱包掉在地上了，我,把它捡起来了,钱包掉在地上了，我把它捡起来了。,钱包掉在地上了，我,我,,112,钱包掉在地上了，我把它捡起来了。,True,False,False,True,"钱包掉在地上了,我把它捡起来了。",,,"钱包掉在地上了,我把它捡起来了","钱包掉在地上了,我把它捡起来了",True,False,True,0,,钱包掉在地上了，我把它捡起来了。,"钱包掉在地上了,我把它捡起来了",False
T0114,BA_有语境_200,有语境,BA-preferred,2,空间位移,7,BA-SD-007,BA-CTX-SD-007,2,SVO,non-preferred,钱包掉在地上了，我,捡起它来了,钱包掉在地上了，我捡起它来了。,钱包掉在地上了，我,我,,113,钱包掉在地上了，我捡起它来了。,True,False,True,False,"钱包掉在地上了,我捡起他来了。",,,"钱包掉在地上了,我捡起它来了","钱包掉在地上了,我捡起他来了",True,True,False,1,replace:它->他@11:12,钱包掉在地上了，我把它捡起来了。,"钱包掉在地上了,我把它捡起来了",False
T0115,BA_有语境_200,有语境,BA-preferred,2,空间位移,8,BA-SD-008,BA-CTX-SD-008,1,BA,preferred,你的帽子掉在椅子下了，我,把它拿走了,你的帽子掉在椅子下了，我把它拿走了。,你的帽子掉在椅子下了，我,我,,114,你的帽子掉在椅子下了，我把它拿走了。,True,False,False,True,"你的帽子掉在椅子底下了,我把它拿走了。",,,"你的帽子掉在椅子下了,我把它拿走了","你的帽子掉在椅子底下了,我把它拿走了",True,True,False,1,insert:->底@8:8,你的帽子掉在椅子下了，我把它拿走了。,"你的帽子掉在椅子下了,我把它拿走了",False
T0116,BA_有语境_200,有语境,BA-preferred,2,空间位移,8,BA-SD-008,BA-CTX-SD-008,2,SVO,non-preferred,你的帽子掉在椅子下了，我,拿走了它,你的帽子掉在椅子下了，我拿走了它。,你的帽子掉在椅子下了，我,我,,115,你的帽子掉在椅子下了，我拿走了它。,True,False,True,False,"你的帽子掉在椅子底下了,我拿走了它。",,,"你的帽子掉在椅子下了,我拿走了它","你的帽子掉在椅子底下了,我拿走了它",True,True,False,1,insert:->底@8:8,你的帽子掉在椅子下了，我把它拿走了。,"你的帽子掉在椅子下了,我把它拿走了",False
T0117,BA_有语境_200,有语境,BA-preferred,2,空间位移,9,BA-SD-009,BA-CTX-SD-009,1,BA,preferred,这些旧报纸没用了，我,把它们丢到门外了,这些旧报纸没用了，我把它们丢到门外了。,这些旧报纸没用了，我,我,,116,这些旧报纸没用了，我把它们丢到门外了。,True,False,False,True,"这些旧报纸没用了,我把它们丢到门外了。",,,"这些旧报纸没用了,我把它们丢到门外了","这些旧报纸没用了,我把它们丢到门外了",True,False,True,0,,这些旧报纸没用了，我把它们丢到门外了。,"这些旧报纸没用了,我把它们丢到门外了",False
T0118,BA_有语境_200,有语境,BA-preferred,2,空间位移,9,BA-SD-009,BA-CTX-SD-009,2,SVO,non-preferred,这些旧报纸没用了，我,丢它们到门外了,这些旧报纸没用了，我丢它们到门外了。,这些旧报纸没用了，我,我,,117,这些旧报纸没用了，我丢它们到门外了。,True,False,True,False,"这些旧报纸没用了,我丢它们到门外了。",,,"这些旧报纸没用了,我丢它们到门外了","这些旧报纸没用了,我丢它们到门外了",True,False,True,0,,这些旧报纸没用了，我把它们丢到门外了。,"这些旧报纸没用了,我把它们丢到门外了",False
T0119,BA_有语境_200,有语境,BA-preferred,2,空间位移,10,BA-SD-010,BA-CTX-SD-010,1,BA,preferred,黑板上的字写错了，老师,把它擦掉了,黑板上的字写错了，老师把它擦掉了。,黑板上的字写错了，老师,老师,,118,黑板上的字写错了，老师把它擦掉了。,True,False,False,True,"黑板上的字写错了,老师把它擦掉了。",,,"黑板上的字写错了,老师把它擦掉了","黑板上的字写错了,老师把它擦掉了",True,False,True,0,,黑板上的字写错了，老师把它擦掉了。,"黑板上的字写错了,老师把它擦掉了",False
T0120,BA_有语境_200,有语境,BA-preferred,2,空间位移,10,BA-SD-010,BA-CTX-SD-010,2,SVO,non-preferred,黑板上的字写错了，老师,擦掉了它,黑板上的字写错了，老师擦掉了它。,黑板上的字写错了，老师,老师,,119,黑板上的字写错了，老师擦掉了它。,True,False,True,False,"黑板上的字写错了,老师擦掉了它。",,,"黑板上的字写错了,老师擦掉了它","黑板上的字写错了,老师擦掉了它",True,False,True,0,,黑板上的字写错了，老师把它擦掉了。,"黑板上的字写错了,老师把它擦掉了",False
T0121,BA_有语境_200,有语境,BA-preferred,2,空间位移,11,BA-SD-011,BA-CTX-SD-011,1,BA,preferred,确认没有拼写错误之后，秘书走进经理办公室,把那份重要文件递过去了,确认没有拼写错误之后，秘书走进经理办公室把那份重要文件递过去了。,确认没有拼写错误之后，秘书走进经理办公室,秘书走进经理办公室,,120,确认没有拼写错误之后，秘书走进经理办公室把那份重要文件递过去了。,True,False,False,True,"确认没有拼写错误之后,秘书走进经理办公室把那份重要文件递过去了。",,,"确认没有拼写错误之后,秘书走进经理办公室把那份重要文件递过去了","确认没有拼写错误之后,秘书走进经理办公室把那份重要文件递过去了",True,False,True,0,,确认没有拼写错误之后，秘书走进经理办公室把那份重要文件递过去了。,"确认没有拼写错误之后,秘书走进经理办公室把那份重要文件递过去了",False
T0122,BA_有语境_200,有语境,BA-preferred,2,空间位移,11,BA-SD-011,BA-CTX-SD-011,2,SVO,non-preferred,确认没有拼写错误之后，秘书走进经理办公室,递过去了那份重要文件,确认没有拼写错误之后，秘书走进经理办公室递过去了那份重要文件。,确认没有拼写错误之后，秘书走进经理办公室,秘书走进经理办公室,,121,确认没有拼写错误之后，秘书走进经理办公室递过去了那份重要文件。,True,False,True,False,"确认没有拼写错误之后,秘书走进经理办公室递过去了那份重要文件。",,,"确认没有拼写错误之后,秘书走进经理办公室递过去了那份重要文件","确认没有拼写错误之后,秘书走进经理办公室递过去了那份重要文件",True,False,True,0,,确认没有拼写错误之后，秘书走进经理办公室把那份重要文件递过去了。,"确认没有拼写错误之后,秘书走进经理办公室把那份重要文件递过去了",False
T0123,BA_有语境_200,有语境,BA-preferred,2,空间位移,12,BA-SD-012,BA-CTX-SD-012,1,BA,preferred,弟弟对动物毛发过敏，所以妈妈只能,把那只小狗抱出去了,弟弟对动物毛发过敏，所以妈妈只能把那只小狗抱出去了。,弟弟对动物毛发过敏，所以妈妈只能,所以妈妈只能,,122,弟弟对动物毛发过敏，所以妈妈只能把那只小狗抱出去了。,True,False,False,True,"弟弟对动物毛发过敏,所以妈妈只能把那只小狗抱出去了。",,,"弟弟对动物毛发过敏,所以妈妈只能把那只小狗抱出去了","弟弟对动物毛发过敏,所以妈妈只能把那只小狗抱出去了",True,False,True,0,,弟弟对动物毛发过敏，所以妈妈只能把那只小狗抱出去了。,"弟弟对动物毛发过敏,所以妈妈只能把那只小狗抱出去了",False
T0124,BA_有语境_200,有语境,BA-preferred,2,空间位移,12,BA-SD-012,BA-CTX-SD-012,2,SVO,non-preferred,弟弟对动物毛发过敏，所以妈妈只能,抱出去了那只小狗,弟弟对动物毛发过敏，所以妈妈只能抱出去了那只小狗。,弟弟对动物毛发过敏，所以妈妈只能,所以妈妈只能,,123,弟弟对动物毛发过敏，所以妈妈只能抱出去了那只小狗。,True,False,True,False,"弟弟对动物毛发过敏,所以妈妈只能抱出去了那只小狗。",,,"弟弟对动物毛发过敏,所以妈妈只能抱出去了那只小狗","弟弟对动物毛发过敏,所以妈妈只能抱出去了那只小狗",True,False,True,0,,弟弟对动物毛发过敏，所以妈妈只能把那只小狗抱出去了。,"弟弟对动物毛发过敏,所以妈妈只能把那只小狗抱出去了",False
T0125,BA_有语境_200,有语境,BA-preferred,2,空间位移,13,BA-SD-013,BA-CTX-SD-013,1,BA,preferred,看到桌子上前女友的照片，他叹了一口气，然后,把那张旧照片收了起来,看到桌子上前女友的照片，他叹了一口气，然后把那张旧照片收了起来。,看到桌子上前女友的照片，他叹了一口气，然后,他,,124,看到桌子上前女友的照片，他叹了一口气，然后把那张旧照片收了起来。,True,False,False,True,"看到桌子上前女友的照片,他叹了一口气,然后把那张旧照片收了起来。",,,"看到桌子上前女友的照片,他叹了一口气,然后把那张旧照片收了起来","看到桌子上前女友的照片,他叹了一口气,然后把那张旧照片收了起来",True,False,True,0,,看到桌子上前女友的照片，他叹了一口气，然后把那张旧照片收了起来。,"看到桌子上前女友的照片,他叹了一口气,然后把那张旧照片收了起来",False
T0126,BA_有语境_200,有语境,BA-preferred,2,空间位移,13,BA-SD-013,BA-CTX-SD-013,2,SVO,non-preferred,看到桌子上前女友的照片，他叹了一口气，然后,收起来了那张旧照片,看到桌子上前女友的照片，他叹了一口气，然后收起来了那张旧照片。,看到桌子上前女友的照片，他叹了一口气，然后,他,,125,看到桌子上前女友的照片，他叹了一口气，然后收起来了那张旧照片。,True,False,True,False,"看到桌子上前女友的照片,他叹了一口气,然后收起来了那张旧照片。",,,"看到桌子上前女友的照片,他叹了一口气,然后收起来了那张旧照片","看到桌子上前女友的照片,他叹了一口气,然后收起来了那张旧照片",True,False,True,0,,看到桌子上前女友的照片，他叹了一口气，然后把那张旧照片收了起来。,"看到桌子上前女友的照片,他叹了一口气,然后把那张旧照片收了起来",False
T0127,BA_有语境_200,有语境,BA-preferred,2,空间位移,14,BA-SD-014,BA-CTX-SD-014,1,BA,preferred,这个沙发挡住了门，我们,把它移开了,这个沙发挡住了门，我们把它移开了。,这个沙发挡住了门，我们,我们,,126,这个沙发挡住了门，我们把它移开了。,True,False,False,True,"这个沙发挡住了门,我们把它移开了。",,,"这个沙发挡住了门,我们把它移开了","这个沙发挡住了门,我们把它移开了",True,False,True,0,,这个沙发挡住了门，我们把它移开了。,"这个沙发挡住了门,我们把它移开了",False
T0128,BA_有语境_200,有语境,BA-preferred,2,空间位移,14,BA-SD-014,BA-CTX-SD-014,2,SVO,non-preferred,这个沙发挡住了门，我们,移开了它,这个沙发挡住了门，我们移开了它。,这个沙发挡住了门，我们,我们,,127,这个沙发挡住了门，我们移开了它。,True,False,True,False,"这个沙发挡住了门,我们移开了它。",,,"这个沙发挡住了门,我们移开了它","这个沙发挡住了门,我们移开了它",True,False,True,0,,这个沙发挡住了门，我们把它移开了。,"这个沙发挡住了门,我们把它移开了",False
T0129,BA_有语境_200,有语境,BA-preferred,2,空间位移,15,BA-SD-015,BA-CTX-SD-015,1,BA,preferred,那只小猫在雨里很冷，我,把它抱回家了,那只小猫在雨里很冷，我把它抱回家了。,那只小猫在雨里很冷，我,我,,128,那只小猫在雨里很冷，我把它抱回家了。,True,False,False,True,"那只小猫在雨里很冷,我把它抱回家了。",,,"那只小猫在雨里很冷,我把它抱回家了","那只小猫在雨里很冷,我把它抱回家了",True,False,True,0,,那只小猫在雨里很冷，我把它抱回家了。,"那只小猫在雨里很冷,我把它抱回家了",False
T0130,BA_有语境_200,有语境,BA-preferred,2,空间位移,15,BA-SD-015,BA-CTX-SD-015,2,SVO,non-preferred,那只小猫在雨里很冷，我,抱它回家了,那只小猫在雨里很冷，我抱它回家了。,那只小猫在雨里很冷，我,我,,129,那只小猫在雨里很冷，我抱它回家了。,True,False,True,False,"那只小猫在雨里很冷,我抱它回家了。",,,"那只小猫在雨里很冷,我抱它回家了","那只小猫在雨里很冷,我抱它回家了",True,False,True,0,,那只小猫在雨里很冷，我把它抱回家了。,"那只小猫在雨里很冷,我把它抱回家了",False
T0131,BA_有语境_200,有语境,BA-preferred,2,空间位移,16,BA-SD-016,BA-CTX-SD-016,1,BA,preferred,这个抽屉太满了，我,把不需要的东西拿出来了,这个抽屉太满了，我把不需要的东西拿出来了。,这个抽屉太满了，我,我,,130,这个抽屉太满了，我把不需要的东西拿出来了。,True,False,False,True,"这个口袋太满了,我把不需要的东西拿出来了。",,,"这个抽屉太满了,我把不需要的东西拿出来了","这个口袋太满了,我把不需要的东西拿出来了",True,True,False,2,replace:抽屉->口袋@2:4,这个抽屉太满了，我把不需要的东西拿出来了。,"这个抽屉太满了,我把不需要的东西拿出来了",False
T0132,BA_有语境_200,有语境,BA-preferred,2,空间位移,16,BA-SD-016,BA-CTX-SD-016,2,SVO,non-preferred,这个抽屉太满了，我,拿出来不需要的东西了,这个抽屉太满了，我拿出来不需要的东西了。,这个抽屉太满了，我,我,,131,这个抽屉太满了，我拿出来不需要的东西了。,True,False,True,False,"这个口袋太满了,我拿出来不需要的东西了。",,,"这个抽屉太满了,我拿出来不需要的东西了","这个口袋太满了,我拿出来不需要的东西了",True,True,False,2,replace:抽屉->口袋@2:4,这个抽屉太满了，我把不需要的东西拿出来了。,"这个抽屉太满了,我把不需要的东西拿出来了",False
T0133,BA_有语境_200,有语境,BA-preferred,2,空间位移,17,BA-SD-017,BA-CTX-SD-017,1,BA,preferred,刚买的鸡蛋怕摔碎，妈妈小心地,把它放进了篮子里,刚买的鸡蛋怕摔碎，妈妈小心地把它放进了篮子里。,刚买的鸡蛋怕摔碎，妈妈小心地,妈妈小心地,,132,刚买的鸡蛋怕摔碎，妈妈小心地把它放进了篮子里。,True,False,False,True,"刚买的鸡蛋怕摔碎,妈妈小心地把它放进了篮子里。",,,"刚买的鸡蛋怕摔碎,妈妈小心地把它放进了篮子里","刚买的鸡蛋怕摔碎,妈妈小心地把它放进了篮子里",True,False,True,0,,刚买的鸡蛋怕摔碎，妈妈小心地把它放进了篮子里。,"刚买的鸡蛋怕摔碎,妈妈小心地把它放进了篮子里",False
T0134,BA_有语境_200,有语境,BA-preferred,2,空间位移,17,BA-SD-017,BA-CTX-SD-017,2,SVO,non-preferred,刚买的鸡蛋怕摔碎，妈妈小心地,放它进了篮子,刚买的鸡蛋怕摔碎，妈妈小心地放它进了篮子。,刚买的鸡蛋怕摔碎，妈妈小心地,妈妈小心地,,133,刚买的鸡蛋怕摔碎，妈妈小心地放它进了篮子。,True,False,True,False,"刚买的鸡蛋怕摔碎,妈妈小心地放他进了篮子。",,,"刚买的鸡蛋怕摔碎,妈妈小心地放它进了篮子","刚买的鸡蛋怕摔碎,妈妈小心地放他进了篮子",True,True,False,1,replace:它->他@15:16,刚买的鸡蛋怕摔碎，妈妈小心地把它放进了篮子里。,"刚买的鸡蛋怕摔碎,妈妈小心地把它放进了篮子里",False
T0135,BA_有语境_200,有语境,BA-preferred,2,空间位移,18,BA-SD-018,BA-CTX-SD-018,1,BA,preferred,地图太大了不好拿，我上车前,把它卷起来了,地图太大了不好拿，我上车前把它卷起来了。,地图太大了不好拿，我上车前,我上车前,,134,地图太大了不好拿，我上车前把它卷起来了。,True,False,False,True,"地图太大了不好拿,我上车前把它卷起来了。",,,"地图太大了不好拿,我上车前把它卷起来了","地图太大了不好拿,我上车前把它卷起来了",True,False,True,0,,地图太大了不好拿，我上车前把它卷起来了。,"地图太大了不好拿,我上车前把它卷起来了",False
T0136,BA_有语境_200,有语境,BA-preferred,2,空间位移,18,BA-SD-018,BA-CTX-SD-018,2,SVO,non-preferred,地图太大了不好拿，我上车前,卷起它来了,地图太大了不好拿，我上车前卷起它来了。,地图太大了不好拿，我上车前,我上车前,,135,地图太大了不好拿，我上车前卷起它来了。,True,False,True,False,"地图太大了不好拿,我上车前卷起它来了。",,,"地图太大了不好拿,我上车前卷起它来了","地图太大了不好拿,我上车前卷起它来了",True,False,True,0,,地图太大了不好拿，我上车前把它卷起来了。,"地图太大了不好拿,我上车前把它卷起来了",False
T0137,BA_有语境_200,有语境,BA-preferred,2,空间位移,19,BA-SD-019,BA-CTX-SD-019,1,BA,preferred,客厅的那个旧沙发，搬家公司今天早上已经,把它运走了,客厅的那个旧沙发，搬家公司今天早上已经把它运走了。,客厅的那个旧沙发，搬家公司今天早上已经,搬家公司今天早上已经,,136,客厅的那个旧沙发，搬家公司今天早上已经把它运走了。,True,False,False,True,"客厅的那个旧沙发,搬家公司今天早上已经把它运走了。",,,"客厅的那个旧沙发,搬家公司今天早上已经把它运走了","客厅的那个旧沙发,搬家公司今天早上已经把它运走了",True,False,True,0,,客厅的那个旧沙发，搬家公司今天早上已经把它运走了。,"客厅的那个旧沙发,搬家公司今天早上已经把它运走了",False
T0138,BA_有语境_200,有语境,BA-preferred,2,空间位移,19,BA-SD-019,BA-CTX-SD-019,2,SVO,non-preferred,客厅的那个旧沙发，搬家公司今天早上已经,运走它了,客厅的那个旧沙发，搬家公司今天早上已经运走它了。,客厅的那个旧沙发，搬家公司今天早上已经,搬家公司今天早上已经,,137,客厅的那个旧沙发，搬家公司今天早上已经运走它了。,True,False,True,False,"客厅的那个旧沙发,搬家公司今天早上已经运走他了。",,,"客厅的那个旧沙发,搬家公司今天早上已经运走它了","客厅的那个旧沙发,搬家公司今天早上已经运走他了",True,True,False,1,replace:它->他@21:22,客厅的那个旧沙发，搬家公司今天早上已经把它运走了。,"客厅的那个旧沙发,搬家公司今天早上已经把它运走了",False
T0139,BA_有语境_200,有语境,BA-preferred,2,空间位移,20,BA-SD-020,BA-CTX-SD-020,1,BA,preferred,你的身份证落在我这里了，我明天下午,把它送过去,你的身份证落在我这里了，我明天下午把它送过去。,你的身份证落在我这里了，我明天下午,我明天下午,,138,你的身份证落在我这里了，我明天下午把它送过去。,True,False,False,True,"你的身份证落在我这里了,我明天下午把它送过去。",,,"你的身份证落在我这里了,我明天下午把它送过去","你的身份证落在我这里了,我明天下午把它送过去",True,False,True,0,,你的身份证落在我这里了，我明天下午把它送过去。,"你的身份证落在我这里了,我明天下午把它送过去",False
T0140,BA_有语境_200,有语境,BA-preferred,2,空间位移,20,BA-SD-020,BA-CTX-SD-020,2,SVO,non-preferred,你的身份证落在我这里了，我明天下午,送它过去,你的身份证落在我这里了，我明天下午送它过去。,你的身份证落在我这里了，我明天下午,我明天下午,,139,你的身份证落在我这里了，我明天下午送它过去。,True,False,True,False,"你的身份证落在我这里了,我明天下午送他过去。",,,"你的身份证落在我这里了,我明天下午送它过去","你的身份证落在我这里了,我明天下午送他过去",True,True,False,1,replace:它->他@18:19,你的身份证落在我这里了，我明天下午把它送过去。,"你的身份证落在我这里了,我明天下午把它送过去",False
T0141,BA_有语境_200,有语境,BA-preferred,2,空间位移,21,BA-SD-021,BA-CTX-SD-021,1,BA,preferred,下班时间到了，他关上电脑，迅速地,把那台电脑收进去了,下班时间到了，他关上电脑，迅速地把那台电脑收进去了。,下班时间到了，他关上电脑，迅速地,他迅速地,,140,下班时间到了，他关上电脑，迅速地把那台电脑收进去了。,True,False,False,True,"下班时间到了,他关上电脑,迅速地把那台电脑收进去了。",,,"下班时间到了,他关上电脑,迅速地把那台电脑收进去了","下班时间到了,他关上电脑,迅速地把那台电脑收进去了",True,False,True,0,,下班时间到了，他关上电脑，迅速地把那台电脑收进去了。,"下班时间到了,他关上电脑,迅速地把那台电脑收进去了",False
T0142,BA_有语境_200,有语境,BA-preferred,2,空间位移,21,BA-SD-021,BA-CTX-SD-021,2,SVO,non-preferred,下班时间到了，他关上电脑，迅速地,收进去了那台电脑,下班时间到了，他关上电脑，迅速地收进去了那台电脑。,下班时间到了，他关上电脑，迅速地,他迅速地,,141,下班时间到了，他关上电脑，迅速地收进去了那台电脑。,True,False,True,False,"下班时间到了,他关上电脑,迅速地收进去了那台电脑。",,,"下班时间到了,他关上电脑,迅速地收进去了那台电脑","下班时间到了,他关上电脑,迅速地收进去了那台电脑",True,False,True,0,,下班时间到了，他关上电脑，迅速地把那台电脑收进去了。,"下班时间到了,他关上电脑,迅速地把那台电脑收进去了",False
T0143,BA_有语境_200,有语境,BA-preferred,2,空间位移,22,BA-SD-022,BA-CTX-SD-022,1,BA,preferred,那个大纸箱在路边太危险，环卫工人,把它拖走了,那个大纸箱在路边太危险，环卫工人把它拖走了。,那个大纸箱在路边太危险，环卫工人,环卫工人,,142,那个大纸箱在路边太危险，环卫工人把它拖走了。,True,False,False,True,"那个大纸箱在路边太危险,环卫工人把它拖走了。",,,"那个大纸箱在路边太危险,环卫工人把它拖走了","那个大纸箱在路边太危险,环卫工人把它拖走了",True,False,True,0,,那个大纸箱在路边太危险，环卫工人把它拖走了。,"那个大纸箱在路边太危险,环卫工人把它拖走了",False
T0144,BA_有语境_200,有语境,BA-preferred,2,空间位移,22,BA-SD-022,BA-CTX-SD-022,2,SVO,non-preferred,那个大纸箱在路边太危险，环卫工人,拖走了它,那个大纸箱在路边太危险，环卫工人拖走了它。,那个大纸箱在路边太危险，环卫工人,环卫工人,,143,那个大纸箱在路边太危险，环卫工人拖走了它。,True,False,True,False,"那个大纸箱在路边太危险,环卫工人拖走了它。",,,"那个大纸箱在路边太危险,环卫工人拖走了它","那个大纸箱在路边太危险,环卫工人拖走了它",True,False,True,0,,那个大纸箱在路边太危险，环卫工人把它拖走了。,"那个大纸箱在路边太危险,环卫工人把它拖走了",False
T0145,BA_有语境_200,有语境,BA-preferred,2,空间位移,23,BA-SD-023,BA-CTX-SD-023,1,BA,preferred,这封挂号信很重要，邮递员准时,把它放进了信箱,这封挂号信很重要，邮递员准时把它放进了信箱。,这封挂号信很重要，邮递员准时,邮递员准时,,144,这封挂号信很重要，邮递员准时把它放进了信箱。,True,False,False,True,"这封挂号信很重要,邮递员准时把它放进了信箱。",,,"这封挂号信很重要,邮递员准时把它放进了信箱","这封挂号信很重要,邮递员准时把它放进了信箱",True,False,True,0,,这封挂号信很重要，邮递员准时把它放进了信箱。,"这封挂号信很重要,邮递员准时把它放进了信箱",False
T0146,BA_有语境_200,有语境,BA-preferred,2,空间位移,23,BA-SD-023,BA-CTX-SD-023,2,SVO,non-preferred,这封挂号信很重要，邮递员准时,放它进了信箱,这封挂号信很重要，邮递员准时放它进了信箱。,这封挂号信很重要，邮递员准时,邮递员准时,,145,这封挂号信很重要，邮递员准时放它进了信箱。,True,False,True,False,"这封挂号信很重要,邮递员准时放他进了信箱。",,,"这封挂号信很重要,邮递员准时放它进了信箱","这封挂号信很重要,邮递员准时放他进了信箱",True,True,False,1,replace:它->他@15:16,这封挂号信很重要，邮递员准时把它放进了信箱。,"这封挂号信很重要,邮递员准时把它放进了信箱",False
T0147,BA_有语境_200,有语境,BA-preferred,2,空间位移,24,BA-SD-024,BA-CTX-SD-024,1,BA,preferred,大家吃完晚饭后，懂事的妹妹主动帮忙,把那几个空碗端进去了,大家吃完晚饭后，懂事的妹妹主动帮忙把那几个空碗端进去了。,大家吃完晚饭后，懂事的妹妹主动帮忙,懂事的妹妹主动帮忙,,146,大家吃完晚饭后，懂事的妹妹主动帮忙把那几个空碗端进去了。,True,False,False,True,"大家吃完晚饭后,懂事的妹妹主动帮忙把那几个空碗端进去了。",,,"大家吃完晚饭后,懂事的妹妹主动帮忙把那几个空碗端进去了","大家吃完晚饭后,懂事的妹妹主动帮忙把那几个空碗端进去了",True,False,True,0,,大家吃完晚饭后，懂事的妹妹主动帮忙把那几个空碗端进去了。,"大家吃完晚饭后,懂事的妹妹主动帮忙把那几个空碗端进去了",False
T0148,BA_有语境_200,有语境,BA-preferred,2,空间位移,24,BA-SD-024,BA-CTX-SD-024,2,SVO,non-preferred,大家吃完晚饭后，懂事的妹妹主动帮忙,端进去了那几个空碗,大家吃完晚饭后，懂事的妹妹主动帮忙端进去了那几个空碗。,大家吃完晚饭后，懂事的妹妹主动帮忙,懂事的妹妹主动帮忙,,147,大家吃完晚饭后，懂事的妹妹主动帮忙端进去了那几个空碗。,True,False,True,False,"大家吃完晚饭后,懂事的妹妹主动帮忙端进去了那几个空碗。",,,"大家吃完晚饭后,懂事的妹妹主动帮忙端进去了那几个空碗","大家吃完晚饭后,懂事的妹妹主动帮忙端进去了那几个空碗",True,False,True,0,,大家吃完晚饭后，懂事的妹妹主动帮忙把那几个空碗端进去了。,"大家吃完晚饭后,懂事的妹妹主动帮忙把那几个空碗端进去了",False
T0149,BA_有语境_200,有语境,BA-preferred,2,空间位移,25,BA-SD-025,BA-CTX-SD-025,1,BA,preferred,那几本书实在太重了，我帮你,把它们拿上车吧,那几本书实在太重了，我帮你把它们拿上车吧。,那几本书实在太重了，我帮你,我帮你,,148,那几本书实在太重了，我帮你把它们拿上车吧。,True,False,False,True,"那几本书实在太重了,我帮你把它们拿上车吧。",,,"那几本书实在太重了,我帮你把它们拿上车吧","那几本书实在太重了,我帮你把它们拿上车吧",True,False,True,0,,那几本书实在太重了，我帮你把它们拿上车吧。,"那几本书实在太重了,我帮你把它们拿上车吧",False
T0150,BA_有语境_200,有语境,BA-preferred,2,空间位移,25,BA-SD-025,BA-CTX-SD-025,2,SVO,non-preferred,那几本书实在太重了，我帮你,拿它们上车吧,那几本书实在太重了，我帮你拿它们上车吧。,那几本书实在太重了，我帮你,我帮你,,149,那几本书实在太重了，我帮你拿它们上车吧。,True,False,True,False,"那几本书实在太重了,我帮你拿他们上车吧。",,,"那几本书实在太重了,我帮你拿它们上车吧","那几本书实在太重了,我帮你拿他们上车吧",True,True,False,1,replace:它->他@14:15,那几本书实在太重了，我帮你把它们拿上车吧。,"那几本书实在太重了,我帮你把它们拿上车吧",False
T0151,BA_有语境_200,有语境,BA-preferred,2,空间位移,26,BA-SD-026,BA-CTX-SD-026,1,BA,preferred,听到老师的脚步声，正在玩游戏的同学赶紧,把那个手机藏起来了,听到老师的脚步声，正在玩游戏的同学赶紧把那个手机藏起来了。,听到老师的脚步声，正在玩游戏的同学赶紧,正在玩游戏的同学赶紧,,150,听到老师的脚步声，正在玩游戏的同学赶紧把那个手机藏起来了。,True,False,False,True,"听到老师的脚步声,正在玩游戏的同学赶紧把那个手机藏起来了。",,,"听到老师的脚步声,正在玩游戏的同学赶紧把那个手机藏起来了","听到老师的脚步声,正在玩游戏的同学赶紧把那个手机藏起来了",True,False,True,0,,听到老师的脚步声，正在玩游戏的同学赶紧把那个手机藏起来了。,"听到老师的脚步声,正在玩游戏的同学赶紧把那个手机藏起来了",False
T0152,BA_有语境_200,有语境,BA-preferred,2,空间位移,26,BA-SD-026,BA-CTX-SD-026,2,SVO,non-preferred,听到老师的脚步声，正在玩游戏的同学赶紧,藏起来了那个手机,听到老师的脚步声，正在玩游戏的同学赶紧藏起来了那个手机。,听到老师的脚步声，正在玩游戏的同学赶紧,正在玩游戏的同学赶紧,,151,听到老师的脚步声，正在玩游戏的同学赶紧藏起来了那个手机。,True,False,True,False,"听到老师的脚步声,正在玩游戏的同学赶紧藏起来了那个手机。",,,"听到老师的脚步声,正在玩游戏的同学赶紧藏起来了那个手机","听到老师的脚步声,正在玩游戏的同学赶紧藏起来了那个手机",True,False,True,0,,听到老师的脚步声，正在玩游戏的同学赶紧把那个手机藏起来了。,"听到老师的脚步声,正在玩游戏的同学赶紧把那个手机藏起来了",False
T0153,BA_有语境_200,有语境,BA-preferred,2,空间位移,27,BA-SD-027,BA-CTX-SD-027,1,BA,preferred,办公室里的那台旧打印机坏了，刚才管理员,把那台打印机搬走了,办公室里的那台旧打印机坏了，刚才管理员把那台打印机搬走了。,办公室里的那台旧打印机坏了，刚才管理员,刚才管理员,,152,办公室里的那台旧打印机坏了，刚才管理员把那台打印机搬走了。,True,False,False,True,"办公室里的那台旧打印机坏了,刚才管理员把那台打印机搬走了。",,,"办公室里的那台旧打印机坏了,刚才管理员把那台打印机搬走了","办公室里的那台旧打印机坏了,刚才管理员把那台打印机搬走了",True,False,True,0,,办公室里的那台旧打印机坏了，刚才管理员把那台打印机搬走了。,"办公室里的那台旧打印机坏了,刚才管理员把那台打印机搬走了",False
T0154,BA_有语境_200,有语境,BA-preferred,2,空间位移,27,BA-SD-027,BA-CTX-SD-027,2,SVO,non-preferred,办公室里的那台旧打印机坏了，刚才管理员,搬走了那台打印机,办公室里的那台旧打印机坏了，刚才管理员搬走了那台打印机。,办公室里的那台旧打印机坏了，刚才管理员,刚才管理员,,153,办公室里的那台旧打印机坏了，刚才管理员搬走了那台打印机。,True,False,True,False,"办公室里的那台旧打印机坏了,刚才管理员搬走了那台打印机。",,,"办公室里的那台旧打印机坏了,刚才管理员搬走了那台打印机","办公室里的那台旧打印机坏了,刚才管理员搬走了那台打印机",True,False,True,0,,办公室里的那台旧打印机坏了，刚才管理员把那台打印机搬走了。,"办公室里的那台旧打印机坏了,刚才管理员把那台打印机搬走了",False
T0155,BA_有语境_200,有语境,BA-preferred,2,空间位移,28,BA-SD-028,BA-CTX-SD-028,1,BA,preferred,天气突然变热了，我,把那件裙子拿出来了,天气突然变热了，我把那件裙子拿出来了。,天气突然变热了，我,我,,154,天气突然变热了，我把那件裙子拿出来了。,True,False,False,True,"天气突然变热了,我把那件裙子拿出来了。",,,"天气突然变热了,我把那件裙子拿出来了","天气突然变热了,我把那件裙子拿出来了",True,False,True,0,,天气突然变热了，我把那件裙子拿出来了。,"天气突然变热了,我把那件裙子拿出来了",False
T0156,BA_有语境_200,有语境,BA-preferred,2,空间位移,28,BA-SD-028,BA-CTX-SD-028,2,SVO,non-preferred,天气突然变热了，我,拿出了那件裙子,天气突然变热了，我拿出了那件裙子。,天气突然变热了，我,我,,155,天气突然变热了，我拿出了那件裙子。,True,False,True,False,"天气突然变热了,我拿出了那件裙子。",,,"天气突然变热了,我拿出了那件裙子","天气突然变热了,我拿出了那件裙子",True,False,True,0,,天气突然变热了，我把那件裙子拿出来了。,"天气突然变热了,我把那件裙子拿出来了",False
T0157,BA_有语境_200,有语境,BA-preferred,2,空间位移,29,BA-SD-029,BA-CTX-SD-029,1,BA,preferred,快递员递给我一个大包裹，我就,把那个包裹收下了,快递员递给我一个大包裹，我就把那个包裹收下了。,快递员递给我一个大包裹，我就,我就,,156,快递员递给我一个大包裹，我就把那个包裹收下了。,True,False,False,True,"快递员递给我一个大包裹,我就把那个包裹收下了。",,,"快递员递给我一个大包裹,我就把那个包裹收下了","快递员递给我一个大包裹,我就把那个包裹收下了",True,False,True,0,,快递员递给我一个大包裹，我就把那个包裹收下了。,"快递员递给我一个大包裹,我就把那个包裹收下了",False
T0158,BA_有语境_200,有语境,BA-preferred,2,空间位移,29,BA-SD-029,BA-CTX-SD-029,2,SVO,non-preferred,快递员递给我一个大包裹，我就,收下了那个包裹,快递员递给我一个大包裹，我就收下了那个包裹。,快递员递给我一个大包裹，我就,我就,,157,快递员递给我一个大包裹，我就收下了那个包裹。,True,False,True,False,"快递员递给我一个大包裹,我就收下了那个包裹。",,,"快递员递给我一个大包裹,我就收下了那个包裹","快递员递给我一个大包裹,我就收下了那个包裹",True,False,True,0,,快递员递给我一个大包裹，我就把那个包裹收下了。,"快递员递给我一个大包裹,我就把那个包裹收下了",False
T0159,BA_有语境_200,有语境,BA-preferred,2,空间位移,30,BA-SD-030,BA-CTX-SD-030,1,BA,preferred,课桌上堆了很多书，他为了腾出地方写作业，就,把那几本书拿开了,课桌上堆了很多书，他为了腾出地方写作业，就把那几本书拿开了。,课桌上堆了很多书，他为了腾出地方写作业，就,他就,,158,课桌上堆了很多书，他为了腾出地方写作业，就把那几本书拿开了。,True,False,False,True,"课桌上堆了很多书,他为了腾出地方写作业,就把那几本书拿开了。",,,"课桌上堆了很多书,他为了腾出地方写作业,就把那几本书拿开了","课桌上堆了很多书,他为了腾出地方写作业,就把那几本书拿开了",True,False,True,0,,课桌上堆了很多书，他为了腾出地方写作业，就把那几本书拿开了。,"课桌上堆了很多书,他为了腾出地方写作业,就把那几本书拿开了",False
T0160,BA_有语境_200,有语境,BA-preferred,2,空间位移,30,BA-SD-030,BA-CTX-SD-030,2,SVO,non-preferred,课桌上堆了很多书，他为了腾出地方写作业，就,拿开了那几本书,课桌上堆了很多书，他为了腾出地方写作业，就拿开了那几本书。,课桌上堆了很多书，他为了腾出地方写作业，就,他就,,159,课桌上堆了很多书，他为了腾出地方写作业，就拿开了那几本书。,True,False,True,False,"课桌上堆了很多书,他为了腾出地方写作业,就拿开了那几本书。",,,"课桌上堆了很多书,他为了腾出地方写作业,就拿开了那几本书","课桌上堆了很多书,他为了腾出地方写作业,就拿开了那几本书",True,False,True,0,,课桌上堆了很多书，他为了腾出地方写作业，就把那几本书拿开了。,"课桌上堆了很多书,他为了腾出地方写作业,就把那几本书拿开了",False
T0161,BA_有语境_200,有语境,BA-preferred,2,空间位移,31,BA-SD-031,BA-CTX-SD-031,1,BA,preferred,桌子上的书太乱了，我刚才,把它们收起来了,桌子上的书太乱了，我刚才把它们收起来了。,桌子上的书太乱了，我刚才,我刚才,,160,桌子上的书太乱了，我刚才把它们收起来了。,True,False,False,True,"桌子上的书太乱了,我刚才把它们收起来了。",,,"桌子上的书太乱了,我刚才把它们收起来了","桌子上的书太乱了,我刚才把它们收起来了",True,False,True,0,,桌子上的书太乱了，我刚才把它们收起来了。,"桌子上的书太乱了,我刚才把它们收起来了",False
T0162,BA_有语境_200,有语境,BA-preferred,2,空间位移,31,BA-SD-031,BA-CTX-SD-031,2,SVO,non-preferred,桌子上的书太乱了，我刚才,收起它们来了,桌子上的书太乱了，我刚才收起它们来了。,桌子上的书太乱了，我刚才,我刚才,,161,桌子上的书太乱了，我刚才收起它们来了。,True,False,True,False,"桌子上的书太乱了,我刚才收起他们来了。",,,"桌子上的书太乱了,我刚才收起它们来了","桌子上的书太乱了,我刚才收起他们来了",True,True,False,1,replace:它->他@14:15,桌子上的书太乱了，我刚才把它们收起来了。,"桌子上的书太乱了,我刚才把它们收起来了",False
T0163,BA_有语境_200,有语境,BA-preferred,2,空间位移,32,BA-SD-032,BA-CTX-SD-032,1,BA,preferred,刚放学回家，他一进门就觉得非常累，马上,把那个沉重的书包放下了,刚放学回家，他一进门就觉得非常累，马上把那个沉重的书包放下了。,刚放学回家，他一进门就觉得非常累，马上,他马上,,162,刚放学回家，他一进门就觉得非常累，马上把那个沉重的书包放下了。,True,False,False,True,"刚放学回家,他一进门就觉得非常累,马上把那个沉重的书包放下了。",,,"刚放学回家,他一进门就觉得非常累,马上把那个沉重的书包放下了","刚放学回家,他一进门就觉得非常累,马上把那个沉重的书包放下了",True,False,True,0,,刚放学回家，他一进门就觉得非常累，马上把那个沉重的书包放下了。,"刚放学回家,他一进门就觉得非常累,马上把那个沉重的书包放下了",False
T0164,BA_有语境_200,有语境,BA-preferred,2,空间位移,32,BA-SD-032,BA-CTX-SD-032,2,SVO,non-preferred,刚放学回家，他一进门就觉得非常累，马上,放下了那个沉重的书包,刚放学回家，他一进门就觉得非常累，马上放下了那个沉重的书包。,刚放学回家，他一进门就觉得非常累，马上,他马上,,163,刚放学回家，他一进门就觉得非常累，马上放下了那个沉重的书包。,True,False,True,False,"刚放学回家,他一进门就觉得非常累,马上放下了那个沉重的书包。",,,"刚放学回家,他一进门就觉得非常累,马上放下了那个沉重的书包","刚放学回家,他一进门就觉得非常累,马上放下了那个沉重的书包",True,False,True,0,,刚放学回家，他一进门就觉得非常累，马上把那个沉重的书包放下了。,"刚放学回家,他一进门就觉得非常累,马上把那个沉重的书包放下了",False
T0165,BA_有语境_200,有语境,BA-preferred,2,空间位移,33,BA-SD-033,BA-CTX-SD-033,1,BA,preferred,桌子上的这幅画很漂亮，爸爸决定明天,把它挂起来,桌子上的这幅画很漂亮，爸爸决定明天把它挂起来。,桌子上的这幅画很漂亮，爸爸决定明天,爸爸决定明天,,164,桌子上的这幅画很漂亮，爸爸决定明天把它挂起来。,True,False,False,True,"桌子上的这幅画很漂亮,爸爸决定明天把它挂起来。",,,"桌子上的这幅画很漂亮,爸爸决定明天把它挂起来","桌子上的这幅画很漂亮,爸爸决定明天把它挂起来",True,False,True,0,,桌子上的这幅画很漂亮，爸爸决定明天把它挂起来。,"桌子上的这幅画很漂亮,爸爸决定明天把它挂起来",False
T0166,BA_有语境_200,有语境,BA-preferred,2,空间位移,33,BA-SD-033,BA-CTX-SD-033,2,SVO,non-preferred,桌子上的这幅画很漂亮，爸爸决定明天,挂起它来,桌子上的这幅画很漂亮，爸爸决定明天挂起它来。,桌子上的这幅画很漂亮，爸爸决定明天,爸爸决定明天,,165,桌子上的这幅画很漂亮，爸爸决定明天挂起它来。,True,False,True,False,"桌子上的这幅画很漂亮,爸爸决定明天挂起它来。",,,"桌子上的这幅画很漂亮,爸爸决定明天挂起它来","桌子上的这幅画很漂亮,爸爸决定明天挂起它来",True,False,True,0,,桌子上的这幅画很漂亮，爸爸决定明天把它挂起来。,"桌子上的这幅画很漂亮,爸爸决定明天把它挂起来",False
T0167,BA_有语境_200,有语境,BA-preferred,2,空间位移,34,BA-SD-034,BA-CTX-SD-034,1,BA,preferred,昨天天气非常晴朗，奶奶一大早就打开门,把那床厚被子抱出去了,昨天天气非常晴朗，奶奶一大早就打开门把那床厚被子抱出去了。,昨天天气非常晴朗，奶奶一大早就打开门,奶奶一大早就打开门,,166,昨天天气非常晴朗，奶奶一大早就打开门把那床厚被子抱出去了。,True,False,False,True,"昨天天气非常晴朗,奶奶一大早就打开门把那床厚被子抱出去了。",,,"昨天天气非常晴朗,奶奶一大早就打开门把那床厚被子抱出去了","昨天天气非常晴朗,奶奶一大早就打开门把那床厚被子抱出去了",True,False,True,0,,昨天天气非常晴朗，奶奶一大早就打开门把那床厚被子抱出去了。,"昨天天气非常晴朗,奶奶一大早就打开门把那床厚被子抱出去了",False
T0168,BA_有语境_200,有语境,BA-preferred,2,空间位移,34,BA-SD-034,BA-CTX-SD-034,2,SVO,non-preferred,昨天天气非常晴朗，奶奶一大早就打开门,抱出去了那床厚被子,昨天天气非常晴朗，奶奶一大早就打开门抱出去了那床厚被子。,昨天天气非常晴朗，奶奶一大早就打开门,奶奶一大早就打开门,,167,昨天天气非常晴朗，奶奶一大早就打开门抱出去了那床厚被子。,True,False,True,False,"昨天天气非常晴朗,奶奶一大早就打开门抱出去了那床厚被子。",,,"昨天天气非常晴朗,奶奶一大早就打开门抱出去了那床厚被子","昨天天气非常晴朗,奶奶一大早就打开门抱出去了那床厚被子",True,False,True,0,,昨天天气非常晴朗，奶奶一大早就打开门把那床厚被子抱出去了。,"昨天天气非常晴朗,奶奶一大早就打开门把那床厚被子抱出去了",False
T0169,BA_有语境_200,有语境,BA-preferred,2,空间位移,35,BA-SD-035,BA-CTX-SD-035,1,BA,preferred,口袋里的硬币掉出来了，我捡起来，又,把它装回去了,口袋里的硬币掉出来了，我捡起来，又把它装回去了。,口袋里的硬币掉出来了，我捡起来，又,我又,,168,口袋里的硬币掉出来了，我捡起来，又把它装回去了。,True,False,False,True,"口袋里的硬币掉出来了,我捡起来,又把它装回去了。",,,"口袋里的硬币掉出来了,我捡起来,又把它装回去了","口袋里的硬币掉出来了,我捡起来,又把它装回去了",True,False,True,0,,口袋里的硬币掉出来了，我捡起来，又把它装回去了。,"口袋里的硬币掉出来了,我捡起来,又把它装回去了",False
T0170,BA_有语境_200,有语境,BA-preferred,2,空间位移,35,BA-SD-035,BA-CTX-SD-035,2,SVO,non-preferred,口袋里的硬币掉出来了，我捡起来，又,装它回去了,口袋里的硬币掉出来了，我捡起来，又装它回去了。,口袋里的硬币掉出来了，我捡起来，又,我又,,169,口袋里的硬币掉出来了，我捡起来，又装它回去了。,True,False,True,False,"口袋里的硬币掉出来了,我捡起来,又装他回去了。",,,"口袋里的硬币掉出来了,我捡起来,又装它回去了","口袋里的硬币掉出来了,我捡起来,又装他回去了",True,True,False,1,replace:它->他@18:19,口袋里的硬币掉出来了，我捡起来，又把它装回去了。,"口袋里的硬币掉出来了,我捡起来,又把它装回去了",False
T0171,BA_有语境_200,有语境,BA-preferred,2,空间位移,36,BA-SD-036,BA-CTX-SD-036,1,BA,preferred,墙角的那盆花因为没有阳光快要枯萎了，我赶紧,把那盆花移出来了,墙角的那盆花因为没有阳光快要枯萎了，我赶紧把那盆花移出来了。,墙角的那盆花因为没有阳光快要枯萎了，我赶紧,我赶紧,,170,墙角的那盆花因为没有阳光快要枯萎了，我赶紧把那盆花移出来了。,True,False,False,True,"墙角的那盆花因为没有阳光快要枯萎了,我赶紧把那盆花移出来了。",,,"墙角的那盆花因为没有阳光快要枯萎了,我赶紧把那盆花移出来了","墙角的那盆花因为没有阳光快要枯萎了,我赶紧把那盆花移出来了",True,False,True,0,,墙角的那盆花因为没有阳光快要枯萎了，我赶紧把那盆花移出来了。,"墙角的那盆花因为没有阳光快要枯萎了,我赶紧把那盆花移出来了",False
T0172,BA_有语境_200,有语境,BA-preferred,2,空间位移,36,BA-SD-036,BA-CTX-SD-036,2,SVO,non-preferred,墙角的那盆花因为没有阳光快要枯萎了，我赶紧,移出来了那盆花,墙角的那盆花因为没有阳光快要枯萎了，我赶紧移出来了那盆花。,墙角的那盆花因为没有阳光快要枯萎了，我赶紧,我赶紧,,171,墙角的那盆花因为没有阳光快要枯萎了，我赶紧移出来了那盆花。,True,False,True,False,"墙角的那盆花因为没有阳光快要枯萎了,我赶紧移出来了那盆花。",,,"墙角的那盆花因为没有阳光快要枯萎了,我赶紧移出来了那盆花","墙角的那盆花因为没有阳光快要枯萎了,我赶紧移出来了那盆花",True,False,True,0,,墙角的那盆花因为没有阳光快要枯萎了，我赶紧把那盆花移出来了。,"墙角的那盆花因为没有阳光快要枯萎了,我赶紧把那盆花移出来了",False
T0173,BA_有语境_200,有语境,BA-preferred,2,空间位移,37,BA-SD-037,BA-CTX-SD-037,1,BA,preferred,这盆花需要阳光，今天早上我,把它搬到阳台上了,这盆花需要阳光，今天早上我把它搬到阳台上了。,这盆花需要阳光，今天早上我,今天早上我,,172,这盆花需要阳光，今天早上我把它搬到阳台上了。,True,False,False,True,"这盆花需要阳光,今天早上我把它搬到阳台上了。",,,"这盆花需要阳光,今天早上我把它搬到阳台上了","这盆花需要阳光,今天早上我把它搬到阳台上了",True,False,True,0,,这盆花需要阳光，今天早上我把它搬到阳台上了。,"这盆花需要阳光,今天早上我把它搬到阳台上了",False
T0174,BA_有语境_200,有语境,BA-preferred,2,空间位移,37,BA-SD-037,BA-CTX-SD-037,2,SVO,non-preferred,这盆花需要阳光，今天早上我,搬它到阳台上了,这盆花需要阳光，今天早上我搬它到阳台上了。,这盆花需要阳光，今天早上我,今天早上我,,173,这盆花需要阳光，今天早上我搬它到阳台上了。,True,False,True,False,"这盆花需要阳光,今天早上我搬他到阳台上了。",,,"这盆花需要阳光,今天早上我搬它到阳台上了","这盆花需要阳光,今天早上我搬他到阳台上了",True,True,False,1,replace:它->他@14:15,这盆花需要阳光，今天早上我把它搬到阳台上了。,"这盆花需要阳光,今天早上我把它搬到阳台上了",False
T0175,BA_有语境_200,有语境,BA-preferred,2,空间位移,38,BA-SD-038,BA-CTX-SD-038,1,BA,preferred,银行卡掉在了沙发缝里，我找了半天，终于伸手,把那张银行卡拿出来了,银行卡掉在了沙发缝里，我找了半天，终于伸手把那张银行卡拿出来了。,银行卡掉在了沙发缝里，我找了半天，终于伸手,我终于伸手,,174,银行卡掉在了沙发缝里，我找了半天，终于伸手把那张银行卡拿出来了。,True,False,False,True,"银行卡掉在了沙发缝里,我找了半天,终于伸手把那张银行卡拿出来了。",,,"银行卡掉在了沙发缝里,我找了半天,终于伸手把那张银行卡拿出来了","银行卡掉在了沙发缝里,我找了半天,终于伸手把那张银行卡拿出来了",True,False,True,0,,银行卡掉在了沙发缝里，我找了半天，终于伸手把那张银行卡拿出来了。,"银行卡掉在了沙发缝里,我找了半天,终于伸手把那张银行卡拿出来了",False
T0176,BA_有语境_200,有语境,BA-preferred,2,空间位移,38,BA-SD-038,BA-CTX-SD-038,2,SVO,non-preferred,银行卡掉在了沙发缝里，我找了半天，终于伸手,拿出来了那张银行卡,银行卡掉在了沙发缝里，我找了半天，终于伸手拿出来了那张银行卡。,银行卡掉在了沙发缝里，我找了半天，终于伸手,我终于伸手,,175,银行卡掉在了沙发缝里，我找了半天，终于伸手拿出来了那张银行卡。,True,False,True,False,"银行卡掉在了沙发缝里,我找了半天,终于伸手拿出来了那张银行卡。",,,"银行卡掉在了沙发缝里,我找了半天,终于伸手拿出来了那张银行卡","银行卡掉在了沙发缝里,我找了半天,终于伸手拿出来了那张银行卡",True,False,True,0,,银行卡掉在了沙发缝里，我找了半天，终于伸手把那张银行卡拿出来了。,"银行卡掉在了沙发缝里,我找了半天,终于伸手把那张银行卡拿出来了",False
T0177,BA_有语境_200,有语境,BA-preferred,2,空间位移,39,BA-SD-039,BA-CTX-SD-039,1,BA,preferred,抽屉里的那份合同很重要，我,把它拿出来了,抽屉里的那份合同很重要，我把它拿出来了。,抽屉里的那份合同很重要，我,我,,176,抽屉里的那份合同很重要，我把它拿出来了。,True,False,False,True,"革单里的那份合同很重要,我把它拿出来了。",,,"抽屉里的那份合同很重要,我把它拿出来了","革单里的那份合同很重要,我把它拿出来了",True,True,False,2,replace:抽屉->革单@0:2,抽屉里的那份合同很重要，我把它拿出来了。,"抽屉里的那份合同很重要,我把它拿出来了",False
T0178,BA_有语境_200,有语境,BA-preferred,2,空间位移,39,BA-SD-039,BA-CTX-SD-039,2,SVO,non-preferred,抽屉里的那份合同很重要，我,拿出它来了,抽屉里的那份合同很重要，我拿出它来了。,抽屉里的那份合同很重要，我,我,,177,抽屉里的那份合同很重要，我拿出它来了。,True,False,True,False,"衣柜里的那份合同很重要,我拿出它来了。",,,"抽屉里的那份合同很重要,我拿出它来了","衣柜里的那份合同很重要,我拿出它来了",True,True,False,2,replace:抽屉->衣柜@0:2,抽屉里的那份合同很重要，我把它拿出来了。,"抽屉里的那份合同很重要,我把它拿出来了",False
T0179,BA_有语境_200,有语境,BA-preferred,2,空间位移,40,BA-SD-040,BA-CTX-SD-040,1,BA,preferred,厨房里的垃圾味道太大了，我早上出门去上班时顺便,把那袋垃圾带出去了,厨房里的垃圾味道太大了，我早上出门去上班时顺便把那袋垃圾带出去了。,厨房里的垃圾味道太大了，我早上出门去上班时顺便,我早上出门去上班时顺便,,178,厨房里的垃圾味道太大了，我早上出门去上班时顺便把那袋垃圾带出去了。,True,False,False,True,"厨房里的垃圾味道太大了,我早上出门去上班时顺便把那袋垃圾带出去了。",,,"厨房里的垃圾味道太大了,我早上出门去上班时顺便把那袋垃圾带出去了","厨房里的垃圾味道太大了,我早上出门去上班时顺便把那袋垃圾带出去了",True,False,True,0,,厨房里的垃圾味道太大了，我早上出门去上班时顺便把那袋垃圾带出去了。,"厨房里的垃圾味道太大了,我早上出门去上班时顺便把那袋垃圾带出去了",False
T0180,BA_有语境_200,有语境,BA-preferred,2,空间位移,40,BA-SD-040,BA-CTX-SD-040,2,SVO,non-preferred,厨房里的垃圾味道太大了，我早上出门去上班时顺便,带出去了那袋垃圾,厨房里的垃圾味道太大了，我早上出门去上班时顺便带出去了那袋垃圾。,厨房里的垃圾味道太大了，我早上出门去上班时顺便,我早上出门去上班时顺便,,179,厨房里的垃圾味道太大了，我早上出门去上班时顺便带出去了那袋垃圾。,True,False,True,False,"厨房里的垃圾味道太大了,我早上出门去上班时顺便带出去了那袋垃圾。",,,"厨房里的垃圾味道太大了,我早上出门去上班时顺便带出去了那袋垃圾","厨房里的垃圾味道太大了,我早上出门去上班时顺便带出去了那袋垃圾",True,False,True,0,,厨房里的垃圾味道太大了，我早上出门去上班时顺便把那袋垃圾带出去了。,"厨房里的垃圾味道太大了,我早上出门去上班时顺便把那袋垃圾带出去了",False
T0181,BA_有语境_200,有语境,BA-preferred,2,空间位移,41,BA-SD-041,BA-CTX-SD-041,1,BA,preferred,门口的那袋垃圾发臭了，我上班时顺手,把它带下楼了,门口的那袋垃圾发臭了，我上班时顺手把它带下楼了。,门口的那袋垃圾发臭了，我上班时顺手,我上班时顺手,,180,门口的那袋垃圾发臭了，我上班时顺手把它带下楼了。,True,False,False,True,"门口的那袋垃圾发臭了,我上班时顺手把它带下楼了。",,,"门口的那袋垃圾发臭了,我上班时顺手把它带下楼了","门口的那袋垃圾发臭了,我上班时顺手把它带下楼了",True,False,True,0,,门口的那袋垃圾发臭了，我上班时顺手把它带下楼了。,"门口的那袋垃圾发臭了,我上班时顺手把它带下楼了",False
T0182,BA_有语境_200,有语境,BA-preferred,2,空间位移,41,BA-SD-041,BA-CTX-SD-041,2,SVO,non-preferred,门口的那袋垃圾发臭了，我上班时顺手,带它下楼了,门口的那袋垃圾发臭了，我上班时顺手带它下楼了。,门口的那袋垃圾发臭了，我上班时顺手,我上班时顺手,,181,门口的那袋垃圾发臭了，我上班时顺手带它下楼了。,True,False,True,False,"门口的那袋垃圾发臭了,我上班时顺手带他下楼了。",,,"门口的那袋垃圾发臭了,我上班时顺手带它下楼了","门口的那袋垃圾发臭了,我上班时顺手带他下楼了",True,True,False,1,replace:它->他@18:19,门口的那袋垃圾发臭了，我上班时顺手把它带下楼了。,"门口的那袋垃圾发臭了,我上班时顺手把它带下楼了",False
T0183,BA_有语境_200,有语境,BA-preferred,2,空间位移,42,BA-SD-042,BA-CTX-SD-042,1,BA,preferred,这些明信片是给朋友的，我明天去邮局,把它们寄出去,这些明信片是给朋友的，我明天去邮局把它们寄出去。,这些明信片是给朋友的，我明天去邮局,我明天去邮局,,182,这些明信片是给朋友的，我明天去邮局把它们寄出去。,True,False,False,True,"这些明信片是给朋友的,我明天去邮局把它们寄出去。",,,"这些明信片是给朋友的,我明天去邮局把它们寄出去","这些明信片是给朋友的,我明天去邮局把它们寄出去",True,False,True,0,,这些明信片是给朋友的，我明天去邮局把它们寄出去。,"这些明信片是给朋友的,我明天去邮局把它们寄出去",False
T0184,BA_有语境_200,有语境,BA-preferred,2,空间位移,42,BA-SD-042,BA-CTX-SD-042,2,SVO,non-preferred,这些明信片是给朋友的，我明天去邮局,寄出去它们,这些明信片是给朋友的，我明天去邮局寄出去它们。,这些明信片是给朋友的，我明天去邮局,我明天去邮局,,183,这些明信片是给朋友的，我明天去邮局寄出去它们。,True,False,True,False,"这些明信片是给朋友的,我明天去邮局寄出去它们。",,,"这些明信片是给朋友的,我明天去邮局寄出去它们","这些明信片是给朋友的,我明天去邮局寄出去它们",True,False,True,0,,这些明信片是给朋友的，我明天去邮局把它们寄出去。,"这些明信片是给朋友的,我明天去邮局把它们寄出去",False
T0185,BA_有语境_200,有语境,BA-preferred,2,空间位移,43,BA-SD-043,BA-CTX-SD-043,1,BA,preferred,今天外面的阳光特别好，爷爷走到客厅，慢慢地,把那把旧椅子搬出去了,今天外面的阳光特别好，爷爷走到客厅，慢慢地把那把旧椅子搬出去了。,今天外面的阳光特别好，爷爷走到客厅，慢慢地,爷爷慢慢地,,184,今天外面的阳光特别好，爷爷走到客厅，慢慢地把那把旧椅子搬出去了。,True,False,False,True,"今天外面的阳光特别好,爷爷走到客厅,慢慢地把那把旧椅子搬出去了。",,,"今天外面的阳光特别好,爷爷走到客厅,慢慢地把那把旧椅子搬出去了","今天外面的阳光特别好,爷爷走到客厅,慢慢地把那把旧椅子搬出去了",True,False,True,0,,今天外面的阳光特别好，爷爷走到客厅，慢慢地把那把旧椅子搬出去了。,"今天外面的阳光特别好,爷爷走到客厅,慢慢地把那把旧椅子搬出去了",False
T0186,BA_有语境_200,有语境,BA-preferred,2,空间位移,43,BA-SD-043,BA-CTX-SD-043,2,SVO,non-preferred,今天外面的阳光特别好，爷爷走到客厅，慢慢地,搬出去了那把旧椅子,今天外面的阳光特别好，爷爷走到客厅，慢慢地搬出去了那把旧椅子。,今天外面的阳光特别好，爷爷走到客厅，慢慢地,爷爷慢慢地,,185,今天外面的阳光特别好，爷爷走到客厅，慢慢地搬出去了那把旧椅子。,True,False,True,False,"今天外面的阳光特别好,爷爷走到客厅,慢慢地搬出去了那把旧椅子。",,,"今天外面的阳光特别好,爷爷走到客厅,慢慢地搬出去了那把旧椅子","今天外面的阳光特别好,爷爷走到客厅,慢慢地搬出去了那把旧椅子",True,False,True,0,,今天外面的阳光特别好，爷爷走到客厅，慢慢地把那把旧椅子搬出去了。,"今天外面的阳光特别好,爷爷走到客厅,慢慢地把那把旧椅子搬出去了",False
T0187,BA_有语境_200,有语境,BA-preferred,2,空间位移,44,BA-SD-044,BA-CTX-SD-044,1,BA,preferred,护照是非常重要的东西，你一定要,把它收好,护照是非常重要的东西，你一定要把它收好。,护照是非常重要的东西，你一定要,你一定要,,186,护照是非常重要的东西，你一定要把它收好。,True,False,False,True,"护照是非常重要的东西,你一定要把它收好。",,,"护照是非常重要的东西,你一定要把它收好","护照是非常重要的东西,你一定要把它收好",True,False,True,0,,护照是非常重要的东西，你一定要把它收好。,"护照是非常重要的东西,你一定要把它收好",False
T0188,BA_有语境_200,有语境,BA-preferred,2,空间位移,44,BA-SD-044,BA-CTX-SD-044,2,SVO,non-preferred,护照是非常重要的东西，你一定要,收好它,护照是非常重要的东西，你一定要收好它。,护照是非常重要的东西，你一定要,你一定要,,187,护照是非常重要的东西，你一定要收好它。,True,False,True,False,"护照是非常重要的东西,你一定要收好他。",,,"护照是非常重要的东西,你一定要收好它","护照是非常重要的东西,你一定要收好他",True,True,False,1,replace:它->他@17:18,护照是非常重要的东西，你一定要把它收好。,"护照是非常重要的东西,你一定要把它收好",False
T0189,BA_有语境_200,有语境,BA-preferred,2,空间位移,45,BA-SD-045,BA-CTX-SD-045,1,BA,preferred,黑板擦不见了，原来是有同学下课后,把它拿走了,黑板擦不见了，原来是有同学下课后把它拿走了。,黑板擦不见了，原来是有同学下课后,原来是有同学下课后,,188,黑板擦不见了，原来是有同学下课后把它拿走了。,True,False,False,True,"黑板擦不见了,原来是有同学下课后把它拿走了。",,,"黑板擦不见了,原来是有同学下课后把它拿走了","黑板擦不见了,原来是有同学下课后把它拿走了",True,False,True,0,,黑板擦不见了，原来是有同学下课后把它拿走了。,"黑板擦不见了,原来是有同学下课后把它拿走了",False
T0190,BA_有语境_200,有语境,BA-preferred,2,空间位移,45,BA-SD-045,BA-CTX-SD-045,2,SVO,non-preferred,黑板擦不见了，原来是有同学下课后,拿走它了,黑板擦不见了，原来是有同学下课后拿走它了。,黑板擦不见了，原来是有同学下课后,原来是有同学下课后,,189,黑板擦不见了，原来是有同学下课后拿走它了。,True,False,True,False,"黑板擦不见了,原来是有同学下课后拿走他了。",,,"黑板擦不见了,原来是有同学下课后拿走它了","黑板擦不见了,原来是有同学下课后拿走他了",True,True,False,1,replace:它->他@18:19,黑板擦不见了，原来是有同学下课后把它拿走了。,"黑板擦不见了,原来是有同学下课后把它拿走了",False
T0191,BA_有语境_200,有语境,BA-preferred,2,空间位移,46,BA-SD-046,BA-CTX-SD-046,1,BA,preferred,冰箱门没关紧，我走过去轻轻地,把它推上了,冰箱门没关紧，我走过去轻轻地把它推上了。,冰箱门没关紧，我走过去轻轻地,我走过去轻轻地,,190,冰箱门没关紧，我走过去轻轻地把它推上了。,True,False,False,True,"冰箱门没关紧,我走过去轻轻地把它推上了。",,,"冰箱门没关紧,我走过去轻轻地把它推上了","冰箱门没关紧,我走过去轻轻地把它推上了",True,False,True,0,,冰箱门没关紧，我走过去轻轻地把它推上了。,"冰箱门没关紧,我走过去轻轻地把它推上了",False
T0192,BA_有语境_200,有语境,BA-preferred,2,空间位移,46,BA-SD-046,BA-CTX-SD-046,2,SVO,non-preferred,冰箱门没关紧，我走过去轻轻地,推上了它,冰箱门没关紧，我走过去轻轻地推上了它。,冰箱门没关紧，我走过去轻轻地,我走过去轻轻地,,191,冰箱门没关紧，我走过去轻轻地推上了它。,True,False,True,False,"冰箱门没关紧,我走过去轻轻地推上了它。",,,"冰箱门没关紧,我走过去轻轻地推上了它","冰箱门没关紧,我走过去轻轻地推上了它",True,False,True,0,,冰箱门没关紧，我走过去轻轻地把它推上了。,"冰箱门没关紧,我走过去轻轻地把它推上了",False
T0193,BA_有语境_200,有语境,BA-preferred,2,空间位移,47,BA-SD-047,BA-CTX-SD-047,1,BA,preferred,那个大纸箱挡在走廊中间，非常危险，我叫同事帮忙,把那个大箱子推开了,那个大纸箱挡在走廊中间，非常危险，我叫同事帮忙把那个大箱子推开了。,那个大纸箱挡在走廊中间，非常危险，我叫同事帮忙,我叫同事帮忙,,192,那个大纸箱挡在走廊中间，非常危险，我叫同事帮忙把那个大箱子推开了。,True,False,False,True,"那个大纸箱挡在走廊中间,非常危险,我叫同事帮忙把那个大箱子推开了。",,,"那个大纸箱挡在走廊中间,非常危险,我叫同事帮忙把那个大箱子推开了","那个大纸箱挡在走廊中间,非常危险,我叫同事帮忙把那个大箱子推开了",True,False,True,0,,那个大纸箱挡在走廊中间，非常危险，我叫同事帮忙把那个大箱子推开了。,"那个大纸箱挡在走廊中间,非常危险,我叫同事帮忙把那个大箱子推开了",False
T0194,BA_有语境_200,有语境,BA-preferred,2,空间位移,47,BA-SD-047,BA-CTX-SD-047,2,SVO,non-preferred,那个大纸箱挡在走廊中间，非常危险，我叫同事帮忙,推开了那个大箱子,那个大纸箱挡在走廊中间，非常危险，我叫同事帮忙推开了那个大箱子。,那个大纸箱挡在走廊中间，非常危险，我叫同事帮忙,我叫同事帮忙,,193,那个大纸箱挡在走廊中间，非常危险，我叫同事帮忙推开了那个大箱子。,True,False,True,False,"那个大纸箱挡在走廊中间,非常危险,我叫同事帮忙推开了那个大箱子。",,,"那个大纸箱挡在走廊中间,非常危险,我叫同事帮忙推开了那个大箱子","那个大纸箱挡在走廊中间,非常危险,我叫同事帮忙推开了那个大箱子",True,False,True,0,,那个大纸箱挡在走廊中间，非常危险，我叫同事帮忙把那个大箱子推开了。,"那个大纸箱挡在走廊中间,非常危险,我叫同事帮忙把那个大箱子推开了",False
T0195,BA_有语境_200,有语境,BA-preferred,2,空间位移,48,BA-SD-048,BA-CTX-SD-048,1,BA,preferred,这个广告牌在路边很容易挡住视线，警察昨天,把它拆下来了,这个广告牌在路边很容易挡住视线，警察昨天把它拆下来了。,这个广告牌在路边很容易挡住视线，警察昨天,警察昨天,,194,这个广告牌在路边很容易挡住视线，警察昨天把它拆下来了。,True,False,False,True,"这个广告牌在路边很容易挡住视线,警察昨天把它拆下来了。",,,"这个广告牌在路边很容易挡住视线,警察昨天把它拆下来了","这个广告牌在路边很容易挡住视线,警察昨天把它拆下来了",True,False,True,0,,这个广告牌在路边很容易挡住视线，警察昨天把它拆下来了。,"这个广告牌在路边很容易挡住视线,警察昨天把它拆下来了",False
T0196,BA_有语境_200,有语境,BA-preferred,2,空间位移,48,BA-SD-048,BA-CTX-SD-048,2,SVO,non-preferred,这个广告牌在路边很容易挡住视线，警察昨天,拆下它来了,这个广告牌在路边很容易挡住视线，警察昨天拆下它来了。,这个广告牌在路边很容易挡住视线，警察昨天,警察昨天,,195,这个广告牌在路边很容易挡住视线，警察昨天拆下它来了。,True,False,True,False,"这个广告牌在路边很容易挡住视线,警察昨天拆下他来了。",,,"这个广告牌在路边很容易挡住视线,警察昨天拆下它来了","这个广告牌在路边很容易挡住视线,警察昨天拆下他来了",True,True,False,1,replace:它->他@22:23,这个广告牌在路边很容易挡住视线，警察昨天把它拆下来了。,"这个广告牌在路边很容易挡住视线,警察昨天把它拆下来了",False
T0197,BA_有语境_200,有语境,BA-preferred,2,空间位移,49,BA-SD-049,BA-CTX-SD-049,1,BA,preferred,盘子里的那些菜太远了，你能帮忙,把它端过来吗,盘子里的那些菜太远了，你能帮忙把它端过来吗？,盘子里的那些菜太远了，你能帮忙,你能帮忙,,196,盘子里的那些菜太远了，你能帮忙把它端过来吗？,True,False,False,True,"盘子里的那些菜太远了,你能帮忙把它端过来吗?",,,"盘子里的那些菜太远了,你能帮忙把它端过来吗","盘子里的那些菜太远了,你能帮忙把它端过来吗",True,False,True,0,,盘子里的那些菜太远了，你能帮忙把它端过来吗？,"盘子里的那些菜太远了,你能帮忙把它端过来吗",False
T0198,BA_有语境_200,有语境,BA-preferred,2,空间位移,49,BA-SD-049,BA-CTX-SD-049,2,SVO,non-preferred,盘子里的那些菜太远了，你能帮忙,端它过来吗,盘子里的那些菜太远了，你能帮忙端它过来吗？,盘子里的那些菜太远了，你能帮忙,你能帮忙,,197,盘子里的那些菜太远了，你能帮忙端它过来吗？,True,False,True,False,"盘子里的那些菜太远了,你能帮忙端它过来吗?",,,"盘子里的那些菜太远了,你能帮忙端它过来吗","盘子里的那些菜太远了,你能帮忙端它过来吗",True,False,True,0,,盘子里的那些菜太远了，你能帮忙把它端过来吗？,"盘子里的那些菜太远了,你能帮忙把它端过来吗",False
T0199,BA_有语境_200,有语境,BA-preferred,2,空间位移,50,BA-SD-050,BA-CTX-SD-050,1,BA,preferred,你的外套掉在客厅地上了，我顺手,把它挂到门后了,你的外套掉在客厅地上了，我顺手把它挂到门后了。,你的外套掉在客厅地上了，我顺手,我顺手,,198,你的外套掉在客厅地上了，我顺手把它挂到门后了。,True,False,False,True,"你的外套掉在客厅地上了,我顺手把它挂到门后了。",,,"你的外套掉在客厅地上了,我顺手把它挂到门后了","你的外套掉在客厅地上了,我顺手把它挂到门后了",True,False,True,0,,你的外套掉在客厅地上了，我顺手把它挂到门后了。,"你的外套掉在客厅地上了,我顺手把它挂到门后了",False
T0200,BA_有语境_200,有语境,BA-preferred,2,空间位移,50,BA-SD-050,BA-CTX-SD-050,2,SVO,non-preferred,你的外套掉在客厅地上了，我顺手,挂到门后了,你的外套掉在客厅地上了，我顺手挂到门后了。,你的外套掉在客厅地上了，我顺手,我顺手,,199,你的外套掉在客厅地上了，我顺手挂到门后了。,True,False,True,False,"你的外套掉在客厅地上了,我顺手挂到门后了。",,,"你的外套掉在客厅地上了,我顺手挂到门后了","你的外套掉在客厅地上了,我顺手挂到门后了",True,False,True,0,,你的外套掉在客厅地上了，我顺手把它挂到门后了。,"你的外套掉在客厅地上了,我顺手把它挂到门后了",False
T0201,SVO_有语境_200,有语境,SVO-preferred,1,习惯性动作与泛指,1,SVO-HG-001,SVO-CTX-HG-001,1,BA,non-preferred,弟弟非常喜欢运动，每天下午都去操场,把足球踢了,弟弟非常喜欢运动，每天下午都去操场把足球踢了。,弟弟非常喜欢运动，每天下午都去操场,弟弟每天下午都去操场,,200,弟弟非常喜欢运动，每天下午都去操场把足球踢了。,True,False,True,False,"弟弟非常喜欢运动,每天下午都去操场把足球踢了。",,,"弟弟非常喜欢运动,每天下午都去操场把足球踢了","弟弟非常喜欢运动,每天下午都去操场把足球踢了",True,False,True,0,,弟弟非常喜欢运动，每天下午都去操场踢足球。,"弟弟非常喜欢运动,每天下午都去操场踢足球",False
T0202,SVO_有语境_200,有语境,SVO-preferred,1,习惯性动作与泛指,1,SVO-HG-001,SVO-CTX-HG-001,2,SVO,preferred,弟弟非常喜欢运动，每天下午都去操场,踢足球,弟弟非常喜欢运动，每天下午都去操场踢足球。,弟弟非常喜欢运动，每天下午都去操场,弟弟每天下午都去操场,,201,弟弟非常喜欢运动，每天下午都去操场踢足球。,True,False,False,True,"弟弟非常喜欢运动,每天下午都去操场踢足球。",,,"弟弟非常喜欢运动,每天下午都去操场踢足球","弟弟非常喜欢运动,每天下午都去操场踢足球",True,False,True,0,,弟弟非常喜欢运动，每天下午都去操场踢足球。,"弟弟非常喜欢运动,每天下午都去操场踢足球",False
T0203,SVO_有语境_200,有语境,SVO-preferred,1,习惯性动作与泛指,2,SVO-HG-002,SVO-CTX-HG-002,1,BA,non-preferred,老板每天到办公室以后，都会先在桌子前,把咖啡喝了,老板每天到办公室以后，都会先在桌子前把咖啡喝了。,老板每天到办公室以后，都会先在桌子前,老板每天到办公室以后都会先在桌子前,,202,老板每天到办公室以后，都会先在桌子前把咖啡喝了。,True,False,True,False,"老板每天到办公室以后,都会先在桌子前把咖啡喝了。",,,"老板每天到办公室以后,都会先在桌子前把咖啡喝了","老板每天到办公室以后,都会先在桌子前把咖啡喝了",True,False,True,0,,老板每天到办公室以后，都会先在桌子前喝咖啡。,"老板每天到办公室以后,都会先在桌子前喝咖啡",False
T0204,SVO_有语境_200,有语境,SVO-preferred,1,习惯性动作与泛指,2,SVO-HG-002,SVO-CTX-HG-002,2,SVO,preferred,老板每天到办公室以后，都会先在桌子前,喝咖啡,老板每天到办公室以后，都会先在桌子前喝咖啡。,老板每天到办公室以后，都会先在桌子前,老板每天到办公室以后都会先在桌子前,,203,老板每天到办公室以后，都会先在桌子前喝咖啡。,True,False,False,True,"老板每天到办公室以后,都会先在桌子前喝咖啡。",,,"老板每天到办公室以后,都会先在桌子前喝咖啡","老板每天到办公室以后,都会先在桌子前喝咖啡",True,False,True,0,,老板每天到办公室以后，都会先在桌子前喝咖啡。,"老板每天到办公室以后,都会先在桌子前喝咖啡",False
T0205,SVO_有语境_200,有语境,SVO-preferred,1,习惯性动作与泛指,3,SVO-HG-003,SVO-CTX-HG-003,1,BA,non-preferred,她很喜欢阅读，她回家的第一件事就是坐在沙发上,把书看了,她很喜欢阅读，她回家的第一件事就是坐在沙发上把书看了。,她很喜欢阅读，她回家的第一件事就是坐在沙发上,她回家的第一件事就是坐在沙发上,,204,她很喜欢阅读，她回家的第一件事就是坐在沙发上把书看了。,True,False,True,False,"她很喜欢阅读,她回家的第一件事就是坐在沙发上把书看了。",,,"她很喜欢阅读,她回家的第一件事就是坐在沙发上把书看了","她很喜欢阅读,她回家的第一件事就是坐在沙发上把书看了",True,False,True,0,,她很喜欢阅读，她回家的第一件事就是坐在沙发上看书。,"她很喜欢阅读,她回家的第一件事就是坐在沙发上看书",False
T0206,SVO_有语境_200,有语境,SVO-preferred,1,习惯性动作与泛指,3,SVO-HG-003,SVO-CTX-HG-003,2,SVO,preferred,她很喜欢阅读，她回家的第一件事就是坐在沙发上,看书,她很喜欢阅读，她回家的第一件事就是坐在沙发上看书。,她很喜欢阅读，她回家的第一件事就是坐在沙发上,她回家的第一件事就是坐在沙发上,,205,她很喜欢阅读，她回家的第一件事就是坐在沙发上看书。,True,False,False,True,"她很喜欢阅读,她回家的第一件事就是坐在沙发上看书。",,,"她很喜欢阅读,她回家的第一件事就是坐在沙发上看书","她很喜欢阅读,她回家的第一件事就是坐在沙发上看书",True,False,True,0,,她很喜欢阅读，她回家的第一件事就是坐在沙发上看书。,"她很喜欢阅读,她回家的第一件事就是坐在沙发上看书",False
T0207,SVO_有语境_200,有语境,SVO-preferred,1,习惯性动作与泛指,4,SVO-HG-004,SVO-CTX-HG-004,1,BA,non-preferred,每天中午十二点，工厂的工人们都会准时去食堂,把午饭吃了,每天中午十二点，工厂的工人们都会准时去食堂把午饭吃了。,每天中午十二点，工厂的工人们都会准时去食堂,工人们每天中午十二点都会准时去食堂,,206,每天中午十二点，工厂的工人们都会准时去食堂把午饭吃了。,True,False,True,False,"每天中午十二点,工厂的工人们都会准时去食堂把午饭吃了。",,,"每天中午十二点,工厂的工人们都会准时去食堂把午饭吃了","每天中午十二点,工厂的工人们都会准时去食堂把午饭吃了",True,False,True,0,,每天中午十二点，工厂的工人们都会准时去食堂吃午饭。,"每天中午十二点,工厂的工人们都会准时去食堂吃午饭",False
T0208,SVO_有语境_200,有语境,SVO-preferred,1,习惯性动作与泛指,4,SVO-HG-004,SVO-CTX-HG-004,2,SVO,preferred,每天中午十二点，工厂的工人们都会准时去食堂,吃午饭,每天中午十二点，工厂的工人们都会准时去食堂吃午饭。,每天中午十二点，工厂的工人们都会准时去食堂,工人们每天中午十二点都会准时去食堂,,207,每天中午十二点，工厂的工人们都会准时去食堂吃午饭。,True,False,False,True,"每天中午十二点,工厂的工人们都会准时去食堂吃晚饭。",,,"每天中午十二点,工厂的工人们都会准时去食堂吃午饭","每天中午十二点,工厂的工人们都会准时去食堂吃晚饭",True,True,False,1,replace:午->晚@22:23,每天中午十二点，工厂的工人们都会准时去食堂吃午饭。,"每天中午十二点,工厂的工人们都会准时去食堂吃午饭",False
T0209,SVO_有语境_200,有语境,SVO-preferred,1,习惯性动作与泛指,5,SVO-HG-005,SVO-CTX-HG-005,1,BA,non-preferred,这所学校的管理很严格，老师要求学生们要大声地,把课文读了,这所学校的管理很严格，老师要求学生们要大声地把课文读了。,这所学校的管理很严格，老师要求学生们要大声地,学生们要大声地,,208,这所学校的管理很严格，老师要求学生们要大声地把课文读了。,True,False,True,False,"这所学校的管理很严格,老师要求学生们要大声地把课文读了。",,,"这所学校的管理很严格,老师要求学生们要大声地把课文读了","这所学校的管理很严格,老师要求学生们要大声地把课文读了",True,False,True,0,,这所学校的管理很严格，老师要求学生们要大声地读课文。,"这所学校的管理很严格,老师要求学生们要大声地读课文",False
T0210,SVO_有语境_200,有语境,SVO-preferred,1,习惯性动作与泛指,5,SVO-HG-005,SVO-CTX-HG-005,2,SVO,preferred,这所学校的管理很严格，老师要求学生们要大声地,读课文,这所学校的管理很严格，老师要求学生们要大声地读课文。,这所学校的管理很严格，老师要求学生们要大声地,学生们要大声地,,209,这所学校的管理很严格，老师要求学生们要大声地读课文。,True,False,False,True,"这所学校的管理很严格,老师要求学生们要大声地读课文。",,,"这所学校的管理很严格,老师要求学生们要大声地读课文","这所学校的管理很严格,老师要求学生们要大声地读课文",True,False,True,0,,这所学校的管理很严格，老师要求学生们要大声地读课文。,"这所学校的管理很严格,老师要求学生们要大声地读课文",False
T0211,SVO_有语境_200,有语境,SVO-preferred,1,习惯性动作与泛指,6,SVO-HG-006,SVO-CTX-HG-006,1,BA,non-preferred,我平时不爱喝饮料，只,把白开水喝了,我平时不爱喝饮料，只把白开水喝了。,我平时不爱喝饮料，只,我只,,210,我平时不爱喝饮料，只把白开水喝了。,True,False,True,False,"我平时不爱喝饮料,只把矿泉水喝了。",,,"我平时不爱喝饮料,只把白开水喝了","我平时不爱喝饮料,只把矿泉水喝了",True,True,False,2,replace:白开->矿泉@11:13,我平时不爱喝饮料，只喝白开水。,"我平时不爱喝饮料,只喝白开水",False
T0212,SVO_有语境_200,有语境,SVO-preferred,1,习惯性动作与泛指,6,SVO-HG-006,SVO-CTX-HG-006,2,SVO,preferred,我平时不爱喝饮料，只,喝白开水,我平时不爱喝饮料，只喝白开水。,我平时不爱喝饮料，只,我只,,211,我平时不爱喝饮料，只喝白开水。,True,False,False,True,"我平时不爱喝饮料,只喝开水。",,,"我平时不爱喝饮料,只喝白开水","我平时不爱喝饮料,只喝开水",True,True,False,1,delete:白->@11:12,我平时不爱喝饮料，只喝白开水。,"我平时不爱喝饮料,只喝白开水",False
T0213,SVO_有语境_200,有语境,SVO-preferred,1,习惯性动作与泛指,7,SVO-HG-007,SVO-CTX-HG-007,1,BA,non-preferred,为了准备下个月的考试，他每天在图书馆,把单词背了,为了准备下个月的考试，他每天在图书馆把单词背了。,为了准备下个月的考试，他每天在图书馆,他每天在图书馆,,212,为了准备下个月的考试，他每天在图书馆把单词背了。,True,False,True,False,"为了准备下个月的考试,他每天在图书馆把单词背了。",,,"为了准备下个月的考试,他每天在图书馆把单词背了","为了准备下个月的考试,他每天在图书馆把单词背了",True,False,True,0,,为了准备下个月的考试，他每天在图书馆背单词。,"为了准备下个月的考试,他每天在图书馆背单词",False
T0214,SVO_有语境_200,有语境,SVO-preferred,1,习惯性动作与泛指,7,SVO-HG-007,SVO-CTX-HG-007,2,SVO,preferred,为了准备下个月的考试，他每天在图书馆,背单词,为了准备下个月的考试，他每天在图书馆背单词。,为了准备下个月的考试，他每天在图书馆,他每天在图书馆,,213,为了准备下个月的考试，他每天在图书馆背单词。,True,False,False,True,"为了准备下个月的考试,他每天在图书馆学英语。",,,"为了准备下个月的考试,他每天在图书馆背单词","为了准备下个月的考试,他每天在图书馆学英语",True,True,False,3,replace:背单词->学英语@18:21,为了准备下个月的考试，他每天在图书馆背单词。,"为了准备下个月的考试,他每天在图书馆背单词",False
T0215,SVO_有语境_200,有语境,SVO-preferred,1,习惯性动作与泛指,8,SVO-HG-008,SVO-CTX-HG-008,1,BA,non-preferred,每天晚上睡觉以前，我都去卫生间,把牙刷了,每天晚上睡觉以前，我都去卫生间把牙刷了。,每天晚上睡觉以前，我都去卫生间,我每天晚上睡觉以前都去卫生间,,214,每天晚上睡觉以前，我都去卫生间把牙刷了。,True,False,True,False,"每天晚上睡觉以前,我都去卫生间把牙刷了。",,,"每天晚上睡觉以前,我都去卫生间把牙刷了","每天晚上睡觉以前,我都去卫生间把牙刷了",True,False,True,0,,每天晚上睡觉以前，我都去卫生间刷牙。,"每天晚上睡觉以前,我都去卫生间刷牙",False
T0216,SVO_有语境_200,有语境,SVO-preferred,1,习惯性动作与泛指,8,SVO-HG-008,SVO-CTX-HG-008,2,SVO,preferred,每天晚上睡觉以前，我都去卫生间,刷牙,每天晚上睡觉以前，我都去卫生间刷牙。,每天晚上睡觉以前，我都去卫生间,我每天晚上睡觉以前都去卫生间,,215,每天晚上睡觉以前，我都去卫生间刷牙。,True,False,False,True,"每天晚上睡觉以前,我都去卫生间刷牙。",,,"每天晚上睡觉以前,我都去卫生间刷牙","每天晚上睡觉以前,我都去卫生间刷牙",True,False,True,0,,每天晚上睡觉以前，我都去卫生间刷牙。,"每天晚上睡觉以前,我都去卫生间刷牙",False
T0217,SVO_有语境_200,有语境,SVO-preferred,1,习惯性动作与泛指,9,SVO-HG-009,SVO-CTX-HG-009,1,BA,non-preferred,每个周末去公园的时候，奶奶总在湖边,把歌听了,每个周末去公园的时候，奶奶总在湖边把歌听了。,每个周末去公园的时候，奶奶总在湖边,奶奶每个周末去公园的时候总在湖边,,216,每个周末去公园的时候，奶奶总在湖边把歌听了。,True,False,True,False,"每个周末去公园的时候,奶奶总在湖边把歌听了。",,,"每个周末去公园的时候,奶奶总在湖边把歌听了","每个周末去公园的时候,奶奶总在湖边把歌听了",True,False,True,0,,每个周末去公园的时候，奶奶总在湖边听歌。,"每个周末去公园的时候,奶奶总在湖边听歌",False
T0218,SVO_有语境_200,有语境,SVO-preferred,1,习惯性动作与泛指,9,SVO-HG-009,SVO-CTX-HG-009,2,SVO,preferred,每个周末去公园的时候，奶奶总在湖边,听歌,每个周末去公园的时候，奶奶总在湖边听歌。,每个周末去公园的时候，奶奶总在湖边,奶奶每个周末去公园的时候总在湖边,,217,每个周末去公园的时候，奶奶总在湖边听歌。,True,False,False,True,"每个周末去公园的时候,奶奶总在湖边听歌。",,,"每个周末去公园的时候,奶奶总在湖边听歌","每个周末去公园的时候,奶奶总在湖边听歌",True,False,True,0,,每个周末去公园的时候，奶奶总在湖边听歌。,"每个周末去公园的时候,奶奶总在湖边听歌",False
T0219,SVO_有语境_200,有语境,SVO-preferred,1,习惯性动作与泛指,10,SVO-HG-010,SVO-CTX-HG-010,1,BA,non-preferred,弟弟不开心的时候，喜欢在房间里,把吉他弹了,弟弟不开心的时候，喜欢在房间里把吉他弹了。,弟弟不开心的时候，喜欢在房间里,弟弟喜欢在房间里,,218,弟弟不开心的时候，喜欢在房间里把吉他弹了。,True,False,True,False,"弟弟不开心的时候,喜欢在房间里把吉他弹了。",,,"弟弟不开心的时候,喜欢在房间里把吉他弹了","弟弟不开心的时候,喜欢在房间里把吉他弹了",True,False,True,0,,弟弟不开心的时候，喜欢在房间里弹吉他。,"弟弟不开心的时候,喜欢在房间里弹吉他",False
T0220,SVO_有语境_200,有语境,SVO-preferred,1,习惯性动作与泛指,10,SVO-HG-010,SVO-CTX-HG-010,2,SVO,preferred,弟弟不开心的时候，喜欢在房间里,弹吉他,弟弟不开心的时候，喜欢在房间里弹吉他。,弟弟不开心的时候，喜欢在房间里,弟弟喜欢在房间里,,219,弟弟不开心的时候，喜欢在房间里弹吉他。,True,False,False,True,"弟弟不开心的时候,喜欢在房间里弹吉他。",,,"弟弟不开心的时候,喜欢在房间里弹吉他","弟弟不开心的时候,喜欢在房间里弹吉他",True,False,True,0,,弟弟不开心的时候，喜欢在房间里弹吉他。,"弟弟不开心的时候,喜欢在房间里弹吉他",False
T0221,SVO_有语境_200,有语境,SVO-preferred,1,习惯性动作与泛指,11,SVO-HG-011,SVO-CTX-HG-011,1,BA,non-preferred,每天早上吃早饭的时候，弟弟都会,把牛奶喝了,每天早上吃早饭的时候，弟弟都会把牛奶喝了。,每天早上吃早饭的时候，弟弟都会,弟弟每天早上吃早饭的时候都会,,220,每天早上吃早饭的时候，弟弟都会把牛奶喝了。,True,False,True,False,"每天早上吃早饭的时候,弟弟都会把牛奶喝了。",,,"每天早上吃早饭的时候,弟弟都会把牛奶喝了","每天早上吃早饭的时候,弟弟都会把牛奶喝了",True,False,True,0,,每天早上吃早饭的时候，弟弟都会喝牛奶。,"每天早上吃早饭的时候,弟弟都会喝牛奶",False
T0222,SVO_有语境_200,有语境,SVO-preferred,1,习惯性动作与泛指,11,SVO-HG-011,SVO-CTX-HG-011,2,SVO,preferred,每天早上吃早饭的时候，弟弟都会,喝牛奶,每天早上吃早饭的时候，弟弟都会喝牛奶。,每天早上吃早饭的时候，弟弟都会,弟弟每天早上吃早饭的时候都会,,221,每天早上吃早饭的时候，弟弟都会喝牛奶。,True,False,False,True,"每天早上吃早饭的时候,弟弟都会喝牛奶。",,,"每天早上吃早饭的时候,弟弟都会喝牛奶","每天早上吃早饭的时候,弟弟都会喝牛奶",True,False,True,0,,每天早上吃早饭的时候，弟弟都会喝牛奶。,"每天早上吃早饭的时候,弟弟都会喝牛奶",False
T0223,SVO_有语境_200,有语境,SVO-preferred,1,习惯性动作与泛指,12,SVO-HG-012,SVO-CTX-HG-012,1,BA,non-preferred,每天早上六点起床后，爷爷常常坐在院子里,把广播听了,每天早上六点起床后，爷爷常常坐在院子里把广播听了。,每天早上六点起床后，爷爷常常坐在院子里,爷爷每天早上六点起床后常常坐在院子里,,222,每天早上六点起床后，爷爷常常坐在院子里把广播听了。,True,False,True,False,"每天早上六点起床后,爷爷常常坐在院子里把广播听了。",,,"每天早上六点起床后,爷爷常常坐在院子里把广播听了","每天早上六点起床后,爷爷常常坐在院子里把广播听了",True,False,True,0,,每天早上六点起床后，爷爷常常坐在院子里听广播。,"每天早上六点起床后,爷爷常常坐在院子里听广播",False
T0224,SVO_有语境_200,有语境,SVO-preferred,1,习惯性动作与泛指,12,SVO-HG-012,SVO-CTX-HG-012,2,SVO,preferred,每天早上六点起床后，爷爷常常坐在院子里,听广播,每天早上六点起床后，爷爷常常坐在院子里听广播。,每天早上六点起床后，爷爷常常坐在院子里,爷爷每天早上六点起床后常常坐在院子里,,223,每天早上六点起床后，爷爷常常坐在院子里听广播。,True,False,False,True,"每天早上六点起床后,爷爷常常坐在院子里听广播。",,,"每天早上六点起床后,爷爷常常坐在院子里听广播","每天早上六点起床后,爷爷常常坐在院子里听广播",True,False,True,0,,每天早上六点起床后，爷爷常常坐在院子里听广播。,"每天早上六点起床后,爷爷常常坐在院子里听广播",False
T0225,SVO_有语境_200,有语境,SVO-preferred,1,习惯性动作与泛指,13,SVO-HG-013,SVO-CTX-HG-013,1,BA,non-preferred,每天下班回家后，爸爸总是习惯坐在沙发上打开手机,把新闻看了,每天下班回家后，爸爸总是习惯坐在沙发上打开手机把新闻看了。,每天下班回家后，爸爸总是习惯坐在沙发上打开手机,爸爸每天下班回家后总是习惯坐在沙发上打开手机,,224,每天下班回家后，爸爸总是习惯坐在沙发上打开手机把新闻看了。,True,False,True,False,"每天下班回家后,爸爸总是习惯坐在沙发上打开手机把新闻看了。",,,"每天下班回家后,爸爸总是习惯坐在沙发上打开手机把新闻看了","每天下班回家后,爸爸总是习惯坐在沙发上打开手机把新闻看了",True,False,True,0,,每天下班回家后，爸爸总是习惯坐在沙发上打开手机看新闻。,"每天下班回家后,爸爸总是习惯坐在沙发上打开手机看新闻",False
T0226,SVO_有语境_200,有语境,SVO-preferred,1,习惯性动作与泛指,13,SVO-HG-013,SVO-CTX-HG-013,2,SVO,preferred,每天下班回家后，爸爸总是习惯坐在沙发上打开手机,看新闻,每天下班回家后，爸爸总是习惯坐在沙发上打开手机看新闻。,每天下班回家后，爸爸总是习惯坐在沙发上打开手机,爸爸每天下班回家后总是习惯坐在沙发上打开手机,,225,每天下班回家后，爸爸总是习惯坐在沙发上打开手机看新闻。,True,False,False,True,"每天下班回家后,爸爸总是习惯坐在沙发上打开手机看新闻。",,,"每天下班回家后,爸爸总是习惯坐在沙发上打开手机看新闻","每天下班回家后,爸爸总是习惯坐在沙发上打开手机看新闻",True,False,True,0,,每天下班回家后，爸爸总是习惯坐在沙发上打开手机看新闻。,"每天下班回家后,爸爸总是习惯坐在沙发上打开手机看新闻",False
T0227,SVO_有语境_200,有语境,SVO-preferred,1,习惯性动作与泛指,14,SVO-HG-014,SVO-CTX-HG-014,1,BA,non-preferred,每天晚上睡觉前，妹妹都会坐在书桌前安静地,把日记写了,每天晚上睡觉前，妹妹都会坐在书桌前安静地把日记写了。,每天晚上睡觉前，妹妹都会坐在书桌前安静地,妹妹每天晚上睡觉前都会坐在书桌前安静地,,226,每天晚上睡觉前，妹妹都会坐在书桌前安静地把日记写了。,True,False,True,False,"每天晚上睡觉前,妹妹都会坐在书桌前安静地把日记写了。",,,"每天晚上睡觉前,妹妹都会坐在书桌前安静地把日记写了","每天晚上睡觉前,妹妹都会坐在书桌前安静地把日记写了",True,False,True,0,,每天晚上睡觉前，妹妹都会坐在书桌前安静地写日记。,"每天晚上睡觉前,妹妹都会坐在书桌前安静地写日记",False
T0228,SVO_有语境_200,有语境,SVO-preferred,1,习惯性动作与泛指,14,SVO-HG-014,SVO-CTX-HG-014,2,SVO,preferred,每天晚上睡觉前，妹妹都会坐在书桌前安静地,写日记,每天晚上睡觉前，妹妹都会坐在书桌前安静地写日记。,每天晚上睡觉前，妹妹都会坐在书桌前安静地,妹妹每天晚上睡觉前都会坐在书桌前安静地,,227,每天晚上睡觉前，妹妹都会坐在书桌前安静地写日记。,True,False,False,True,"每天晚上睡觉前,妹妹都会坐在书桌前安静地写日记。",,,"每天晚上睡觉前,妹妹都会坐在书桌前安静地写日记","每天晚上睡觉前,妹妹都会坐在书桌前安静地写日记",True,False,True,0,,每天晚上睡觉前，妹妹都会坐在书桌前安静地写日记。,"每天晚上睡觉前,妹妹都会坐在书桌前安静地写日记",False
T0229,SVO_有语境_200,有语境,SVO-preferred,1,习惯性动作与泛指,15,SVO-HG-015,SVO-CTX-HG-015,1,BA,non-preferred,每个周末下午五点，邻居家的女儿都会在自己的房间里,把钢琴弹了,每个周末下午五点，邻居家的女儿都会在自己的房间里把钢琴弹了。,每个周末下午五点，邻居家的女儿都会在自己的房间里,邻居家的女儿每个周末下午五点都会在自己的房间里,,228,每个周末下午五点，邻居家的女儿都会在自己的房间里把钢琴弹了。,True,False,True,False,"每个周末下午五点,邻居家的女儿都会在自己的房间里把钢琴弹了。",,,"每个周末下午五点,邻居家的女儿都会在自己的房间里把钢琴弹了","每个周末下午五点,邻居家的女儿都会在自己的房间里把钢琴弹了",True,False,True,0,,每个周末下午五点，邻居家的女儿都会在自己的房间里弹钢琴。,"每个周末下午五点,邻居家的女儿都会在自己的房间里弹钢琴",False
T0230,SVO_有语境_200,有语境,SVO-preferred,1,习惯性动作与泛指,15,SVO-HG-015,SVO-CTX-HG-015,2,SVO,preferred,每个周末下午五点，邻居家的女儿都会在自己的房间里,弹钢琴,每个周末下午五点，邻居家的女儿都会在自己的房间里弹钢琴。,每个周末下午五点，邻居家的女儿都会在自己的房间里,邻居家的女儿每个周末下午五点都会在自己的房间里,,229,每个周末下午五点，邻居家的女儿都会在自己的房间里弹钢琴。,True,False,False,True,"每个周末下午五点,邻居家的女儿都会在自己的房间里弹钢琴。",,,"每个周末下午五点,邻居家的女儿都会在自己的房间里弹钢琴","每个周末下午五点,邻居家的女儿都会在自己的房间里弹钢琴",True,False,True,0,,每个周末下午五点，邻居家的女儿都会在自己的房间里弹钢琴。,"每个周末下午五点,邻居家的女儿都会在自己的房间里弹钢琴",False
T0231,SVO_有语境_200,有语境,SVO-preferred,1,习惯性动作与泛指,16,SVO-HG-016,SVO-CTX-HG-016,1,BA,non-preferred,每次去超市，她习惯推着车子,把零食买了,每次去超市，她习惯推着车子把零食买了。,每次去超市，她习惯推着车子,她每次去超市都习惯推着车子,,230,每次去超市，她习惯推着车子把零食买了。,True,False,True,False,"每次去超市,她习惯推着车子把零食买了。",,,"每次去超市,她习惯推着车子把零食买了","每次去超市,她习惯推着车子把零食买了",True,False,True,0,,每次去超市，她习惯推着车子买零食。,"每次去超市,她习惯推着车子买零食",False
T0232,SVO_有语境_200,有语境,SVO-preferred,1,习惯性动作与泛指,16,SVO-HG-016,SVO-CTX-HG-016,2,SVO,preferred,每次去超市，她习惯推着车子,买零食,每次去超市，她习惯推着车子买零食。,每次去超市，她习惯推着车子,她每次去超市都习惯推着车子,,231,每次去超市，她习惯推着车子买零食。,True,False,False,True,"每次去超市,她习惯推着车子买零食。",,,"每次去超市,她习惯推着车子买零食","每次去超市,她习惯推着车子买零食",True,False,True,0,,每次去超市，她习惯推着车子买零食。,"每次去超市,她习惯推着车子买零食",False
T0233,SVO_有语境_200,有语境,SVO-preferred,1,习惯性动作与泛指,17,SVO-HG-017,SVO-CTX-HG-017,1,BA,non-preferred,妈妈非常喜欢植物，每次去超市的时候，她都会顺便,把鲜花买了,妈妈非常喜欢植物，每次去超市的时候，她都会顺便把鲜花买了。,妈妈非常喜欢植物，每次去超市的时候，她都会顺便,妈妈每次去超市的时候都会顺便,,232,妈妈非常喜欢植物，每次去超市的时候，她都会顺便把鲜花买了。,True,False,True,False,"妈妈非常喜欢植物,每次去超市的时候,她都会顺便把鲜花买了。",,,"妈妈非常喜欢植物,每次去超市的时候,她都会顺便把鲜花买了","妈妈非常喜欢植物,每次去超市的时候,她都会顺便把鲜花买了",True,False,True,0,,妈妈非常喜欢植物，每次去超市的时候，她都会顺便买鲜花。,"妈妈非常喜欢植物,每次去超市的时候,她都会顺便买鲜花",False
T0234,SVO_有语境_200,有语境,SVO-preferred,1,习惯性动作与泛指,17,SVO-HG-017,SVO-CTX-HG-017,2,SVO,preferred,妈妈非常喜欢植物，每次去超市的时候，她都会顺便,买鲜花,妈妈非常喜欢植物，每次去超市的时候，她都会顺便买鲜花。,妈妈非常喜欢植物，每次去超市的时候，她都会顺便,妈妈每次去超市的时候都会顺便,,233,妈妈非常喜欢植物，每次去超市的时候，她都会顺便买鲜花。,True,False,False,True,"妈妈非常喜欢植物,每次去超市的时候,她都会顺便买鲜花。",,,"妈妈非常喜欢植物,每次去超市的时候,她都会顺便买鲜花","妈妈非常喜欢植物,每次去超市的时候,她都会顺便买鲜花",True,False,True,0,,妈妈非常喜欢植物，每次去超市的时候，她都会顺便买鲜花。,"妈妈非常喜欢植物,每次去超市的时候,她都会顺便买鲜花",False
T0235,SVO_有语境_200,有语境,SVO-preferred,1,习惯性动作与泛指,18,SVO-HG-018,SVO-CTX-HG-018,1,BA,non-preferred,王老师平时不爱喝咖啡，他每天在办公室只,把绿茶喝了,王老师平时不爱喝咖啡，他每天在办公室只把绿茶喝了。,王老师平时不爱喝咖啡，他每天在办公室只,王老师每天在办公室只,,234,王老师平时不爱喝咖啡，他每天在办公室只把绿茶喝了。,True,False,True,False,"王老师平时不爱喝咖啡,他每天在办公室只把绿茶喝了。",,,"王老师平时不爱喝咖啡,他每天在办公室只把绿茶喝了","王老师平时不爱喝咖啡,他每天在办公室只把绿茶喝了",True,False,True,0,,王老师平时不爱喝咖啡，他每天在办公室只喝绿茶。,"王老师平时不爱喝咖啡,他每天在办公室只喝绿茶",False
T0236,SVO_有语境_200,有语境,SVO-preferred,1,习惯性动作与泛指,18,SVO-HG-018,SVO-CTX-HG-018,2,SVO,preferred,王老师平时不爱喝咖啡，他每天在办公室只,喝绿茶,王老师平时不爱喝咖啡，他每天在办公室只喝绿茶。,王老师平时不爱喝咖啡，他每天在办公室只,王老师每天在办公室只,,235,王老师平时不爱喝咖啡，他每天在办公室只喝绿茶。,True,False,False,True,"王老师平时不爱喝咖啡,他每天在办公室只喝绿茶。",,,"王老师平时不爱喝咖啡,他每天在办公室只喝绿茶","王老师平时不爱喝咖啡,他每天在办公室只喝绿茶",True,False,True,0,,王老师平时不爱喝咖啡，他每天在办公室只喝绿茶。,"王老师平时不爱喝咖啡,他每天在办公室只喝绿茶",False
T0237,SVO_有语境_200,有语境,SVO-preferred,1,习惯性动作与泛指,19,SVO-HG-019,SVO-CTX-HG-019,1,BA,non-preferred,为了学好汉语，他每天都坚持在练习本上,把汉字写了,为了学好汉语，他每天都坚持在练习本上把汉字写了。,为了学好汉语，他每天都坚持在练习本上,他每天都坚持在练习本上,,236,为了学好汉语，他每天都坚持在练习本上把汉字写了。,True,False,True,False,"为了学好汉语,他每天都坚持在练习本上把汉字写了。",,,"为了学好汉语,他每天都坚持在练习本上把汉字写了","为了学好汉语,他每天都坚持在练习本上把汉字写了",True,False,True,0,,为了学好汉语，他每天都坚持在练习本上写汉字。,"为了学好汉语,他每天都坚持在练习本上写汉字",False
T0238,SVO_有语境_200,有语境,SVO-preferred,1,习惯性动作与泛指,19,SVO-HG-019,SVO-CTX-HG-019,2,SVO,preferred,为了学好汉语，他每天都坚持在练习本上,写汉字,为了学好汉语，他每天都坚持在练习本上写汉字。,为了学好汉语，他每天都坚持在练习本上,他每天都坚持在练习本上,,237,为了学好汉语，他每天都坚持在练习本上写汉字。,True,False,False,True,"为了学好汉语,他每天都坚持在练习本上写汉字。",,,"为了学好汉语,他每天都坚持在练习本上写汉字","为了学好汉语,他每天都坚持在练习本上写汉字",True,False,True,0,,为了学好汉语，他每天都坚持在练习本上写汉字。,"为了学好汉语,他每天都坚持在练习本上写汉字",False
T0239,SVO_有语境_200,有语境,SVO-preferred,1,习惯性动作与泛指,20,SVO-HG-020,SVO-CTX-HG-020,1,BA,non-preferred,经理每天早上到了公司，第一件事就是打开电脑,把邮件查了,经理每天早上到了公司，第一件事就是打开电脑把邮件查了。,经理每天早上到了公司，第一件事就是打开电脑,经理每天早上到了公司第一件事就是打开电脑,,238,经理每天早上到了公司，第一件事就是打开电脑把邮件查了。,True,False,True,False,"经理每天早上到了公司,第一件事就是打开电脑把邮件查了。",,,"经理每天早上到了公司,第一件事就是打开电脑把邮件查了","经理每天早上到了公司,第一件事就是打开电脑把邮件查了",True,False,True,0,,经理每天早上到了公司，第一件事就是打开电脑查邮件。,"经理每天早上到了公司,第一件事就是打开电脑查邮件",False
T0240,SVO_有语境_200,有语境,SVO-preferred,1,习惯性动作与泛指,20,SVO-HG-020,SVO-CTX-HG-020,2,SVO,preferred,经理每天早上到了公司，第一件事就是打开电脑,查邮件,经理每天早上到了公司，第一件事就是打开电脑查邮件。,经理每天早上到了公司，第一件事就是打开电脑,经理每天早上到了公司第一件事就是打开电脑,,239,经理每天早上到了公司，第一件事就是打开电脑查邮件。,True,False,False,True,"经理每天早上到了公司,第一件事就是打开电脑查邮件。",,,"经理每天早上到了公司,第一件事就是打开电脑查邮件","经理每天早上到了公司,第一件事就是打开电脑查邮件",True,False,True,0,,经理每天早上到了公司，第一件事就是打开电脑查邮件。,"经理每天早上到了公司,第一件事就是打开电脑查邮件",False
T0241,SVO_有语境_200,有语境,SVO-preferred,1,习惯性动作与泛指,21,SVO-HG-021,SVO-CTX-HG-021,1,BA,non-preferred,每次坐地铁的时候，为了打发时间，我都会戴上耳机,把音乐听了,每次坐地铁的时候，为了打发时间，我都会戴上耳机把音乐听了。,每次坐地铁的时候，为了打发时间，我都会戴上耳机,我每次坐地铁的时候都会戴上耳机,,240,每次坐地铁的时候，为了打发时间，我都会戴上耳机把音乐听了。,True,False,True,False,"每次坐地铁的时候,为了打发时间,我都会戴上耳机把音乐听了。",,,"每次坐地铁的时候,为了打发时间,我都会戴上耳机把音乐听了","每次坐地铁的时候,为了打发时间,我都会戴上耳机把音乐听了",True,False,True,0,,每次坐地铁的时候，为了打发时间，我都会戴上耳机听音乐。,"每次坐地铁的时候,为了打发时间,我都会戴上耳机听音乐",False
T0242,SVO_有语境_200,有语境,SVO-preferred,1,习惯性动作与泛指,21,SVO-HG-021,SVO-CTX-HG-021,2,SVO,preferred,每次坐地铁的时候，为了打发时间，我都会戴上耳机,听音乐,每次坐地铁的时候，为了打发时间，我都会戴上耳机听音乐。,每次坐地铁的时候，为了打发时间，我都会戴上耳机,我每次坐地铁的时候都会戴上耳机,,241,每次坐地铁的时候，为了打发时间，我都会戴上耳机听音乐。,True,False,False,True,"每次坐地铁的时候,为了打发时间,我都会戴上耳机听音乐。",,,"每次坐地铁的时候,为了打发时间,我都会戴上耳机听音乐","每次坐地铁的时候,为了打发时间,我都会戴上耳机听音乐",True,False,True,0,,每次坐地铁的时候，为了打发时间，我都会戴上耳机听音乐。,"每次坐地铁的时候,为了打发时间,我都会戴上耳机听音乐",False
T0243,SVO_有语境_200,有语境,SVO-preferred,1,习惯性动作与泛指,22,SVO-HG-022,SVO-CTX-HG-022,1,BA,non-preferred,小区里有一位好心的阿姨，每天傍晚都会去花园,把流浪猫喂了,小区里有一位好心的阿姨，每天傍晚都会去花园把流浪猫喂了。,小区里有一位好心的阿姨，每天傍晚都会去花园,那位阿姨每天傍晚都会去花园,,242,小区里有一位好心的阿姨，每天傍晚都会去花园把流浪猫喂了。,True,False,True,False,"小区里有一位好心的阿姨,每天傍晚都会去花园把流浪猫喂了。",,,"小区里有一位好心的阿姨,每天傍晚都会去花园把流浪猫喂了","小区里有一位好心的阿姨,每天傍晚都会去花园把流浪猫喂了",True,False,True,0,,小区里有一位好心的阿姨，每天傍晚都会去花园喂流浪猫。,"小区里有一位好心的阿姨,每天傍晚都会去花园喂流浪猫",False
T0244,SVO_有语境_200,有语境,SVO-preferred,1,习惯性动作与泛指,22,SVO-HG-022,SVO-CTX-HG-022,2,SVO,preferred,小区里有一位好心的阿姨，每天傍晚都会去花园,喂流浪猫,小区里有一位好心的阿姨，每天傍晚都会去花园喂流浪猫。,小区里有一位好心的阿姨，每天傍晚都会去花园,那位阿姨每天傍晚都会去花园,,243,小区里有一位好心的阿姨，每天傍晚都会去花园喂流浪猫。,True,False,False,True,"小区里有一位好心的阿姨,每天傍晚都会去花园喂流浪猫。",,,"小区里有一位好心的阿姨,每天傍晚都会去花园喂流浪猫","小区里有一位好心的阿姨,每天傍晚都会去花园喂流浪猫",True,False,True,0,,小区里有一位好心的阿姨，每天傍晚都会去花园喂流浪猫。,"小区里有一位好心的阿姨,每天傍晚都会去花园喂流浪猫",False
T0245,SVO_有语境_200,有语境,SVO-preferred,1,习惯性动作与泛指,23,SVO-HG-023,SVO-CTX-HG-023,1,BA,non-preferred,这位护士很细心，每天都会按时给每个病人,把体温量了,这位护士很细心，每天都会按时给每个病人把体温量了。,这位护士很细心，每天都会按时给每个病人,这位护士每天都会按时给每个病人,,244,这位护士很细心，每天都会按时给每个病人把体温量了。,True,False,True,False,"这位护士很细心,每天都会按时给每个病人把体温量了。",,,"这位护士很细心,每天都会按时给每个病人把体温量了","这位护士很细心,每天都会按时给每个病人把体温量了",True,False,True,0,,这位护士很细心，每天都会按时给每个病人量体温。,"这位护士很细心,每天都会按时给每个病人量体温",False
T0246,SVO_有语境_200,有语境,SVO-preferred,1,习惯性动作与泛指,23,SVO-HG-023,SVO-CTX-HG-023,2,SVO,preferred,这位护士很细心，每天都会按时给每个病人,量体温,这位护士很细心，每天都会按时给每个病人量体温。,这位护士很细心，每天都会按时给每个病人,这位护士每天都会按时给每个病人,,245,这位护士很细心，每天都会按时给每个病人量体温。,True,False,False,True,"这位护士很细心,每天都会按时给每个病人量体温。",,,"这位护士很细心,每天都会按时给每个病人量体温","这位护士很细心,每天都会按时给每个病人量体温",True,False,True,0,,这位护士很细心，每天都会按时给每个病人量体温。,"这位护士很细心,每天都会按时给每个病人量体温",False
T0247,SVO_有语境_200,有语境,SVO-preferred,1,习惯性动作与泛指,24,SVO-HG-024,SVO-CTX-HG-024,1,BA,non-preferred,他的视力不太好，只要是看书或者看电脑，就一定会,把眼镜戴上,他的视力不太好，只要是看书或者看电脑，就一定会把眼镜戴上。,他的视力不太好，只要是看书或者看电脑，就一定会,他看书或者看电脑时一定会,,246,他的视力不太好，只要是看书或者看电脑，就一定会把眼镜戴上。,True,False,True,False,"他的视力不太好,只要是看书或者看电脑,就一定会把眼镜戴上。",,,"他的视力不太好,只要是看书或者看电脑,就一定会把眼镜戴上","他的视力不太好,只要是看书或者看电脑,就一定会把眼镜戴上",True,False,True,0,,他的视力不太好，只要是看书或者看电脑，就一定会戴上眼镜。,"他的视力不太好,只要是看书或者看电脑,就一定会戴上眼镜",False
T0248,SVO_有语境_200,有语境,SVO-preferred,1,习惯性动作与泛指,24,SVO-HG-024,SVO-CTX-HG-024,2,SVO,preferred,他的视力不太好，只要是看书或者看电脑，就一定会,戴上眼镜,他的视力不太好，只要是看书或者看电脑，就一定会戴上眼镜。,他的视力不太好，只要是看书或者看电脑，就一定会,他看书或者看电脑时一定会,,247,他的视力不太好，只要是看书或者看电脑，就一定会戴上眼镜。,True,False,False,True,"他的视力不太好,只要是看书或者看电脑,就一定会戴上眼镜。",,,"他的视力不太好,只要是看书或者看电脑,就一定会戴上眼镜","他的视力不太好,只要是看书或者看电脑,就一定会戴上眼镜",True,False,True,0,,他的视力不太好，只要是看书或者看电脑，就一定会戴上眼镜。,"他的视力不太好,只要是看书或者看电脑,就一定会戴上眼镜",False
T0249,SVO_有语境_200,有语境,SVO-preferred,1,习惯性动作与泛指,25,SVO-HG-025,SVO-CTX-HG-025,1,BA,non-preferred,那位经理很有责任心，每天上班第一件事就是在电脑前,把邮件回了,那位经理很有责任心，每天上班第一件事就是在电脑前把邮件回了。,那位经理很有责任心，每天上班第一件事就是在电脑前,那位经理每天上班第一件事就是在电脑前,,248,那位经理很有责任心，每天上班第一件事就是在电脑前把邮件回了。,True,False,True,False,"那位经理很有责任感,每天上班第一件事就是在电脑前把邮件回了。",,,"那位经理很有责任心,每天上班第一件事就是在电脑前把邮件回了","那位经理很有责任感,每天上班第一件事就是在电脑前把邮件回了",True,True,False,1,replace:心->感@8:9,那位经理很有责任心，每天上班第一件事就是在电脑前回邮件。,"那位经理很有责任心,每天上班第一件事就是在电脑前回邮件",False
T0250,SVO_有语境_200,有语境,SVO-preferred,1,习惯性动作与泛指,25,SVO-HG-025,SVO-CTX-HG-025,2,SVO,preferred,那位经理很有责任心，每天上班第一件事就是在电脑前,回邮件,那位经理很有责任心，每天上班第一件事就是在电脑前回邮件。,那位经理很有责任心，每天上班第一件事就是在电脑前,那位经理每天上班第一件事就是在电脑前,,249,那位经理很有责任心，每天上班第一件事就是在电脑前回邮件。,True,False,False,True,"那位经理很有责任感,每天上班第一件事就是在电脑前回邮件。",,,"那位经理很有责任心,每天上班第一件事就是在电脑前回邮件","那位经理很有责任感,每天上班第一件事就是在电脑前回邮件",True,True,False,1,replace:心->感@8:9,那位经理很有责任心，每天上班第一件事就是在电脑前回邮件。,"那位经理很有责任心,每天上班第一件事就是在电脑前回邮件",False
T0251,SVO_有语境_200,有语境,SVO-preferred,1,习惯性动作与泛指,26,SVO-HG-026,SVO-CTX-HG-026,1,BA,non-preferred,农民伯伯很辛苦，每天天亮就会去地里,把农活干了,农民伯伯很辛苦，每天天亮就会去地里把农活干了。,农民伯伯很辛苦，每天天亮就会去地里,农民伯伯每天天亮就会去地里,,250,农民伯伯很辛苦，每天天亮就会去地里把农活干了。,True,False,True,False,"农民伯伯很辛苦,每天天亮就会去地里把农活干了。",,,"农民伯伯很辛苦,每天天亮就会去地里把农活干了","农民伯伯很辛苦,每天天亮就会去地里把农活干了",True,False,True,0,,农民伯伯很辛苦，每天天亮就会去地里干农活。,"农民伯伯很辛苦,每天天亮就会去地里干农活",False
T0252,SVO_有语境_200,有语境,SVO-preferred,1,习惯性动作与泛指,26,SVO-HG-026,SVO-CTX-HG-026,2,SVO,preferred,农民伯伯很辛苦，每天天亮就会去地里,干农活,农民伯伯很辛苦，每天天亮就会去地里干农活。,农民伯伯很辛苦，每天天亮就会去地里,农民伯伯每天天亮就会去地里,,251,农民伯伯很辛苦，每天天亮就会去地里干农活。,True,False,False,True,"农民伯伯很辛苦,每天天亮就会去地里干农活。",,,"农民伯伯很辛苦,每天天亮就会去地里干农活","农民伯伯很辛苦,每天天亮就会去地里干农活",True,False,True,0,,农民伯伯很辛苦，每天天亮就会去地里干农活。,"农民伯伯很辛苦,每天天亮就会去地里干农活",False
T0253,SVO_有语境_200,有语境,SVO-preferred,1,习惯性动作与泛指,27,SVO-HG-027,SVO-CTX-HG-027,1,BA,non-preferred,弟弟放暑假了，每天下午做完作业后，他都会用平板电脑,把游戏玩了,弟弟放暑假了，每天下午做完作业后，他都会用平板电脑把游戏玩了。,弟弟放暑假了，每天下午做完作业后，他都会用平板电脑,弟弟每天下午做完作业后都会用平板电脑,,252,弟弟放暑假了，每天下午做完作业后，他都会用平板电脑把游戏玩了。,True,False,True,False,"弟弟放暑假了,每天下午做完作业后,他都会用平板电脑把游戏完了。",,,"弟弟放暑假了,每天下午做完作业后,他都会用平板电脑把游戏玩了","弟弟放暑假了,每天下午做完作业后,他都会用平板电脑把游戏完了",True,True,False,1,replace:玩->完@28:29,弟弟放暑假了，每天下午做完作业后，他都会用平板电脑玩游戏。,"弟弟放暑假了,每天下午做完作业后,他都会用平板电脑玩游戏",False
T0254,SVO_有语境_200,有语境,SVO-preferred,1,习惯性动作与泛指,27,SVO-HG-027,SVO-CTX-HG-027,2,SVO,preferred,弟弟放暑假了，每天下午做完作业后，他都会用平板电脑,玩游戏,弟弟放暑假了，每天下午做完作业后，他都会用平板电脑玩游戏。,弟弟放暑假了，每天下午做完作业后，他都会用平板电脑,弟弟每天下午做完作业后都会用平板电脑,,253,弟弟放暑假了，每天下午做完作业后，他都会用平板电脑玩游戏。,True,False,False,True,"弟弟放暑假了,每天下午做完作业后,他都会用平板电脑玩游戏。",,,"弟弟放暑假了,每天下午做完作业后,他都会用平板电脑玩游戏","弟弟放暑假了,每天下午做完作业后,他都会用平板电脑玩游戏",True,False,True,0,,弟弟放暑假了，每天下午做完作业后，他都会用平板电脑玩游戏。,"弟弟放暑假了,每天下午做完作业后,他都会用平板电脑玩游戏",False
T0255,SVO_有语境_200,有语境,SVO-preferred,1,习惯性动作与泛指,28,SVO-HG-028,SVO-CTX-HG-028,1,BA,non-preferred,每天幼儿园放学后，孩子们最期待的事情就是坐在电视机前,把动画片看了,每天幼儿园放学后，孩子们最期待的事情就是坐在电视机前把动画片看了。,每天幼儿园放学后，孩子们最期待的事情就是坐在电视机前,孩子们每天幼儿园放学后都会坐在电视机前,,254,每天幼儿园放学后，孩子们最期待的事情就是坐在电视机前把动画片看了。,True,False,True,False,"每天幼儿园放学后,孩子们最期待的事情就是坐在电视机前把动画片看了。",,,"每天幼儿园放学后,孩子们最期待的事情就是坐在电视机前把动画片看了","每天幼儿园放学后,孩子们最期待的事情就是坐在电视机前把动画片看了",True,False,True,0,,每天幼儿园放学后，孩子们最期待的事情就是坐在电视机前看动画片。,"每天幼儿园放学后,孩子们最期待的事情就是坐在电视机前看动画片",False
T0256,SVO_有语境_200,有语境,SVO-preferred,1,习惯性动作与泛指,28,SVO-HG-028,SVO-CTX-HG-028,2,SVO,preferred,每天幼儿园放学后，孩子们最期待的事情就是坐在电视机前,看动画片,每天幼儿园放学后，孩子们最期待的事情就是坐在电视机前看动画片。,每天幼儿园放学后，孩子们最期待的事情就是坐在电视机前,孩子们每天幼儿园放学后都会坐在电视机前,,255,每天幼儿园放学后，孩子们最期待的事情就是坐在电视机前看动画片。,True,False,False,True,"每天幼儿园放学后,孩子们最期待的事情就是坐在电视机前看动画片。",,,"每天幼儿园放学后,孩子们最期待的事情就是坐在电视机前看动画片","每天幼儿园放学后,孩子们最期待的事情就是坐在电视机前看动画片",True,False,True,0,,每天幼儿园放学后，孩子们最期待的事情就是坐在电视机前看动画片。,"每天幼儿园放学后,孩子们最期待的事情就是坐在电视机前看动画片",False
T0257,SVO_有语境_200,有语境,SVO-preferred,1,习惯性动作与泛指,29,SVO-HG-029,SVO-CTX-HG-029,1,BA,non-preferred,为了促进消化，她每天吃完午饭半小时后，都会,把酸奶喝了,为了促进消化，她每天吃完午饭半小时后，都会把酸奶喝了。,为了促进消化，她每天吃完午饭半小时后，都会,她每天吃完午饭半小时后都会,,256,为了促进消化，她每天吃完午饭半小时后，都会把酸奶喝了。,True,False,True,False,"为了促进消化,她每天吃完午饭半小时后,都会把酸奶喝了。",,,"为了促进消化,她每天吃完午饭半小时后,都会把酸奶喝了","为了促进消化,她每天吃完午饭半小时后,都会把酸奶喝了",True,False,True,0,,为了促进消化，她每天吃完午饭半小时后，都会喝酸奶。,"为了促进消化,她每天吃完午饭半小时后,都会喝酸奶",False
T0258,SVO_有语境_200,有语境,SVO-preferred,1,习惯性动作与泛指,29,SVO-HG-029,SVO-CTX-HG-029,2,SVO,preferred,为了促进消化，她每天吃完午饭半小时后，都会,喝酸奶,为了促进消化，她每天吃完午饭半小时后，都会喝酸奶。,为了促进消化，她每天吃完午饭半小时后，都会,她每天吃完午饭半小时后都会,,257,为了促进消化，她每天吃完午饭半小时后，都会喝酸奶。,True,False,False,True,"为了促进消化,她每天吃完午饭半小时后,都会喝酸奶。",,,"为了促进消化,她每天吃完午饭半小时后,都会喝酸奶","为了促进消化,她每天吃完午饭半小时后,都会喝酸奶",True,False,True,0,,为了促进消化，她每天吃完午饭半小时后，都会喝酸奶。,"为了促进消化,她每天吃完午饭半小时后,都会喝酸奶",False
T0259,SVO_有语境_200,有语境,SVO-preferred,1,习惯性动作与泛指,30,SVO-HG-030,SVO-CTX-HG-030,1,BA,non-preferred,妈妈对烘焙很感兴趣。每个周末的早上，她都会在厨房里,把面包烤了,妈妈对烘焙很感兴趣。每个周末的早上，她都会在厨房里把面包烤了。,妈妈对烘焙很感兴趣。每个周末的早上，她都会在厨房里,妈妈每个周末的早上都会在厨房里,,258,妈妈对烘焙很感兴趣。每个周末的早上，她都会在厨房里把面包烤了。,True,False,True,False,"妈妈对烘焙很感兴趣。每个周末的早上,她都会在厨房里把面包烤了。",,,"妈妈对烘焙很感兴趣。每个周末的早上,她都会在厨房里把面包烤了","妈妈对烘焙很感兴趣。每个周末的早上,她都会在厨房里把面包烤了",True,False,True,0,,妈妈对烘焙很感兴趣。每个周末的早上，她都会在厨房里烤面包。,"妈妈对烘焙很感兴趣。每个周末的早上,她都会在厨房里烤面包",False
T0260,SVO_有语境_200,有语境,SVO-preferred,1,习惯性动作与泛指,30,SVO-HG-030,SVO-CTX-HG-030,2,SVO,preferred,妈妈对烘焙很感兴趣。每个周末的早上，她都会在厨房里,烤面包,妈妈对烘焙很感兴趣。每个周末的早上，她都会在厨房里烤面包。,妈妈对烘焙很感兴趣。每个周末的早上，她都会在厨房里,妈妈每个周末的早上都会在厨房里,,259,妈妈对烘焙很感兴趣。每个周末的早上，她都会在厨房里烤面包。,True,False,False,True,"妈妈对烘焙很感兴趣。每个周末的早上,她都会在厨房里烤面包。",,,"妈妈对烘焙很感兴趣。每个周末的早上,她都会在厨房里烤面包","妈妈对烘焙很感兴趣。每个周末的早上,她都会在厨房里烤面包",True,False,True,0,,妈妈对烘焙很感兴趣。每个周末的早上，她都会在厨房里烤面包。,"妈妈对烘焙很感兴趣。每个周末的早上,她都会在厨房里烤面包",False
T0261,SVO_有语境_200,有语境,SVO-preferred,1,习惯性动作与泛指,31,SVO-HG-031,SVO-CTX-HG-031,1,BA,non-preferred,每个深夜，我都看见那位年轻作家在电脑前,把小说写了,每个深夜，我都看见那位年轻作家在电脑前把小说写了。,每个深夜，我都看见那位年轻作家在电脑前,那位年轻作家每个深夜都在电脑前,,260,每个深夜，我都看见那位年轻作家在电脑前把小说写了。,True,False,True,False,"每个深夜,我都看见那位年轻作家在电脑前把小说写了。",,,"每个深夜,我都看见那位年轻作家在电脑前把小说写了","每个深夜,我都看见那位年轻作家在电脑前把小说写了",True,False,True,0,,每个深夜，我都看见那位年轻作家在电脑前写小说。,"每个深夜,我都看见那位年轻作家在电脑前写小说",False
T0262,SVO_有语境_200,有语境,SVO-preferred,1,习惯性动作与泛指,31,SVO-HG-031,SVO-CTX-HG-031,2,SVO,preferred,每个深夜，我都看见那位年轻作家在电脑前,写小说,每个深夜，我都看见那位年轻作家在电脑前写小说。,每个深夜，我都看见那位年轻作家在电脑前,那位年轻作家每个深夜都在电脑前,,261,每个深夜，我都看见那位年轻作家在电脑前写小说。,True,False,False,True,"每个深夜,我都看见那位年轻作家在电脑前写小说。",,,"每个深夜,我都看见那位年轻作家在电脑前写小说","每个深夜,我都看见那位年轻作家在电脑前写小说",True,False,True,0,,每个深夜，我都看见那位年轻作家在电脑前写小说。,"每个深夜,我都看见那位年轻作家在电脑前写小说",False
T0263,SVO_有语境_200,有语境,SVO-preferred,1,习惯性动作与泛指,32,SVO-HG-032,SVO-CTX-HG-032,1,BA,non-preferred,每个星期五晚上，她都会去电影院,把新电影看了,每个星期五晚上，她都会去电影院把新电影看了。,每个星期五晚上，她都会去电影院,她每个星期五晚上都会去电影院,,262,每个星期五晚上，她都会去电影院把新电影看了。,True,False,True,False,"每个星期五晚上,她都会去电影院把新电影看了。",,,"每个星期五晚上,她都会去电影院把新电影看了","每个星期五晚上,她都会去电影院把新电影看了",True,False,True,0,,每个星期五晚上，她都会去电影院看新电影。,"每个星期五晚上,她都会去电影院看新电影",False
T0264,SVO_有语境_200,有语境,SVO-preferred,1,习惯性动作与泛指,32,SVO-HG-032,SVO-CTX-HG-032,2,SVO,preferred,每个星期五晚上，她都会去电影院,看新电影,每个星期五晚上，她都会去电影院看新电影。,每个星期五晚上，她都会去电影院,她每个星期五晚上都会去电影院,,263,每个星期五晚上，她都会去电影院看新电影。,True,False,False,True,"每个星期五晚上,她都会去电影院看新电影。",,,"每个星期五晚上,她都会去电影院看新电影","每个星期五晚上,她都会去电影院看新电影",True,False,True,0,,每个星期五晚上，她都会去电影院看新电影。,"每个星期五晚上,她都会去电影院看新电影",False
T0265,SVO_有语境_200,有语境,SVO-preferred,1,习惯性动作与泛指,33,SVO-HG-033,SVO-CTX-HG-033,1,BA,non-preferred,为了保持皮肤健康，她每天都要,把防晒霜涂了,为了保持皮肤健康，她每天都要把防晒霜涂了。,为了保持皮肤健康，她每天都要,她每天都要,,264,为了保持皮肤健康，她每天都要把防晒霜涂了。,True,False,True,False,"为了保持皮肤健康,她每天都要把防晒涂了。",,,"为了保持皮肤健康,她每天都要把防晒霜涂了","为了保持皮肤健康,她每天都要把防晒涂了",True,True,False,1,delete:霜->@17:18,为了保持皮肤健康，她每天都要涂防晒霜。,"为了保持皮肤健康,她每天都要涂防晒霜",False
T0266,SVO_有语境_200,有语境,SVO-preferred,1,习惯性动作与泛指,33,SVO-HG-033,SVO-CTX-HG-033,2,SVO,preferred,为了保持皮肤健康，她每天都要,涂防晒霜,为了保持皮肤健康，她每天都要涂防晒霜。,为了保持皮肤健康，她每天都要,她每天都要,,265,为了保持皮肤健康，她每天都要涂防晒霜。,True,False,False,True,"为了保持皮肤健康,她每天都要涂防晒。",,,"为了保持皮肤健康,她每天都要涂防晒霜","为了保持皮肤健康,她每天都要涂防晒",True,True,False,1,delete:霜->@17:18,为了保持皮肤健康，她每天都要涂防晒霜。,"为了保持皮肤健康,她每天都要涂防晒霜",False
T0267,SVO_有语境_200,有语境,SVO-preferred,1,习惯性动作与泛指,34,SVO-HG-034,SVO-CTX-HG-034,1,BA,non-preferred,临近考试的时候，很多学生都会去图书馆,把功课复习了,临近考试的时候，很多学生都会去图书馆把功课复习了。,临近考试的时候，很多学生都会去图书馆,很多学生临近考试的时候都会去图书馆,,266,临近考试的时候，很多学生都会去图书馆把功课复习了。,True,False,True,False,"临近考试的时候,很多学生都会去图书馆把功课复习了。",,,"临近考试的时候,很多学生都会去图书馆把功课复习了","临近考试的时候,很多学生都会去图书馆把功课复习了",True,False,True,0,,临近考试的时候，很多学生都会去图书馆复习功课。,"临近考试的时候,很多学生都会去图书馆复习功课",False
T0268,SVO_有语境_200,有语境,SVO-preferred,1,习惯性动作与泛指,34,SVO-HG-034,SVO-CTX-HG-034,2,SVO,preferred,临近考试的时候，很多学生都会去图书馆,复习功课,临近考试的时候，很多学生都会去图书馆复习功课。,临近考试的时候，很多学生都会去图书馆,很多学生临近考试的时候都会去图书馆,,267,临近考试的时候，很多学生都会去图书馆复习功课。,True,False,False,True,"临近考试的时候,很多学生都会去图书馆复习功课。",,,"临近考试的时候,很多学生都会去图书馆复习功课","临近考试的时候,很多学生都会去图书馆复习功课",True,False,True,0,,临近考试的时候，很多学生都会去图书馆复习功课。,"临近考试的时候,很多学生都会去图书馆复习功课",False
T0269,SVO_有语境_200,有语境,SVO-preferred,1,习惯性动作与泛指,35,SVO-HG-035,SVO-CTX-HG-035,1,BA,non-preferred,每次去北京出差，他都会抽空去,把北京烤鸭吃了,每次去北京出差，他都会抽空去把北京烤鸭吃了。,每次去北京出差，他都会抽空去,他每次去北京出差都会抽空去,,268,每次去北京出差，他都会抽空去把北京烤鸭吃了。,True,False,True,False,"每次去北京出差,他都会抽空去把北京烤鸭吃了。",,,"每次去北京出差,他都会抽空去把北京烤鸭吃了","每次去北京出差,他都会抽空去把北京烤鸭吃了",True,False,True,0,,每次去北京出差，他都会抽空去吃北京烤鸭。,"每次去北京出差,他都会抽空去吃北京烤鸭",False
T0270,SVO_有语境_200,有语境,SVO-preferred,1,习惯性动作与泛指,35,SVO-HG-035,SVO-CTX-HG-035,2,SVO,preferred,每次去北京出差，他都会抽空去,吃北京烤鸭,每次去北京出差，他都会抽空去吃北京烤鸭。,每次去北京出差，他都会抽空去,他每次去北京出差都会抽空去,,269,每次去北京出差，他都会抽空去吃北京烤鸭。,True,False,False,True,"每次去北京出差,他都会抽空去吃北京烤鸭。",,,"每次去北京出差,他都会抽空去吃北京烤鸭","每次去北京出差,他都会抽空去吃北京烤鸭",True,False,True,0,,每次去北京出差，他都会抽空去吃北京烤鸭。,"每次去北京出差,他都会抽空去吃北京烤鸭",False
T0271,SVO_有语境_200,有语境,SVO-preferred,1,习惯性动作与泛指,36,SVO-HG-036,SVO-CTX-HG-036,1,BA,non-preferred,每天早上起床后，他都会在厨房,把早饭做了,每天早上起床后，他都会在厨房把早饭做了。,每天早上起床后，他都会在厨房,他每天早上起床后都会在厨房,,270,每天早上起床后，他都会在厨房把早饭做了。,True,False,True,False,"每天早上起床后,他都会在厨房把早饭做了。",,,"每天早上起床后,他都会在厨房把早饭做了","每天早上起床后,他都会在厨房把早饭做了",True,False,True,0,,每天早上起床后，他都会在厨房做早饭。,"每天早上起床后,他都会在厨房做早饭",False
T0272,SVO_有语境_200,有语境,SVO-preferred,1,习惯性动作与泛指,36,SVO-HG-036,SVO-CTX-HG-036,2,SVO,preferred,每天早上起床后，他都会在厨房,做早饭,每天早上起床后，他都会在厨房做早饭。,每天早上起床后，他都会在厨房,他每天早上起床后都会在厨房,,271,每天早上起床后，他都会在厨房做早饭。,True,False,False,True,"每天早上起床后,她都会在厨房做早饭。",,,"每天早上起床后,他都会在厨房做早饭","每天早上起床后,她都会在厨房做早饭",True,True,False,1,replace:他->她@8:9,每天早上起床后，他都会在厨房做早饭。,"每天早上起床后,他都会在厨房做早饭",False
T0273,SVO_有语境_200,有语境,SVO-preferred,1,习惯性动作与泛指,37,SVO-HG-037,SVO-CTX-HG-037,1,BA,non-preferred,天气热的时候，孩子们总是喜欢去海边,把冰淇淋吃了,天气热的时候，孩子们总是喜欢去海边把冰淇淋吃了。,天气热的时候，孩子们总是喜欢去海边,孩子们天气热的时候总是喜欢去海边,,272,天气热的时候，孩子们总是喜欢去海边把冰淇淋吃了。,True,False,True,False,"天气热的时候,孩子们总是喜欢去海边把冰淇淋吃了。",,,"天气热的时候,孩子们总是喜欢去海边把冰淇淋吃了","天气热的时候,孩子们总是喜欢去海边把冰淇淋吃了",True,False,True,0,,天气热的时候，孩子们总是喜欢去海边吃冰淇淋。,"天气热的时候,孩子们总是喜欢去海边吃冰淇淋",False
T0274,SVO_有语境_200,有语境,SVO-preferred,1,习惯性动作与泛指,37,SVO-HG-037,SVO-CTX-HG-037,2,SVO,preferred,天气热的时候，孩子们总是喜欢去海边,吃冰淇淋,天气热的时候，孩子们总是喜欢去海边吃冰淇淋。,天气热的时候，孩子们总是喜欢去海边,孩子们天气热的时候总是喜欢去海边,,273,天气热的时候，孩子们总是喜欢去海边吃冰淇淋。,True,False,False,True,"天气热的时候,孩子们总是喜欢去海边吃冰淇淋。",,,"天气热的时候,孩子们总是喜欢去海边吃冰淇淋","天气热的时候,孩子们总是喜欢去海边吃冰淇淋",True,False,True,0,,天气热的时候，孩子们总是喜欢去海边吃冰淇淋。,"天气热的时候,孩子们总是喜欢去海边吃冰淇淋",False
T0275,SVO_有语境_200,有语境,SVO-preferred,1,习惯性动作与泛指,38,SVO-HG-038,SVO-CTX-HG-038,1,BA,non-preferred,每次遇到不会的汉字，他都习惯用手机,把字典查了,每次遇到不会的汉字，他都习惯用手机把字典查了。,每次遇到不会的汉字，他都习惯用手机,他每次遇到不会的汉字都习惯用手机,,274,每次遇到不会的汉字，他都习惯用手机把字典查了。,True,False,True,False,"每次遇到不会的汉字,他都习惯用手机把字典查了。",,,"每次遇到不会的汉字,他都习惯用手机把字典查了","每次遇到不会的汉字,他都习惯用手机把字典查了",True,False,True,0,,每次遇到不会的汉字，他都习惯用手机查字典。,"每次遇到不会的汉字,他都习惯用手机查字典",False
T0276,SVO_有语境_200,有语境,SVO-preferred,1,习惯性动作与泛指,38,SVO-HG-038,SVO-CTX-HG-038,2,SVO,preferred,每次遇到不会的汉字，他都习惯用手机,查字典,每次遇到不会的汉字，他都习惯用手机查字典。,每次遇到不会的汉字，他都习惯用手机,他每次遇到不会的汉字都习惯用手机,,275,每次遇到不会的汉字，他都习惯用手机查字典。,True,False,False,True,"每次遇到不会的汉字,他都习惯用手机查字典。",,,"每次遇到不会的汉字,他都习惯用手机查字典","每次遇到不会的汉字,他都习惯用手机查字典",True,False,True,0,,每次遇到不会的汉字，他都习惯用手机查字典。,"每次遇到不会的汉字,他都习惯用手机查字典",False
T0277,SVO_有语境_200,有语境,SVO-preferred,1,习惯性动作与泛指,39,SVO-HG-039,SVO-CTX-HG-039,1,BA,non-preferred,只要是周末，爸爸都会坐在沙发上,把报纸看了,只要是周末，爸爸都会坐在沙发上把报纸看了。,只要是周末，爸爸都会坐在沙发上,爸爸周末都会坐在沙发上,,276,只要是周末，爸爸都会坐在沙发上把报纸看了。,True,False,True,False,"只要是周末,爸爸都会坐在沙发上把报纸看了。",,,"只要是周末,爸爸都会坐在沙发上把报纸看了","只要是周末,爸爸都会坐在沙发上把报纸看了",True,False,True,0,,只要是周末，爸爸都会坐在沙发上看报纸。,"只要是周末,爸爸都会坐在沙发上看报纸",False
T0278,SVO_有语境_200,有语境,SVO-preferred,1,习惯性动作与泛指,39,SVO-HG-039,SVO-CTX-HG-039,2,SVO,preferred,只要是周末，爸爸都会坐在沙发上,看报纸,只要是周末，爸爸都会坐在沙发上看报纸。,只要是周末，爸爸都会坐在沙发上,爸爸周末都会坐在沙发上,,277,只要是周末，爸爸都会坐在沙发上看报纸。,True,False,False,True,"只要是周末,爸爸都会坐在沙发上看电视。",,,"只要是周末,爸爸都会坐在沙发上看报纸","只要是周末,爸爸都会坐在沙发上看电视",True,True,False,2,replace:报纸->电视@16:18,只要是周末，爸爸都会坐在沙发上看报纸。,"只要是周末,爸爸都会坐在沙发上看报纸",False
T0279,SVO_有语境_200,有语境,SVO-preferred,1,习惯性动作与泛指,40,SVO-HG-040,SVO-CTX-HG-040,1,BA,non-preferred,每天下班回家路上，妈妈都会去菜市场,把菜买了,每天下班回家路上，妈妈都会去菜市场把菜买了。,每天下班回家路上，妈妈都会去菜市场,妈妈每天下班回家路上都会去菜市场,,278,每天下班回家路上，妈妈都会去菜市场把菜买了。,True,False,True,False,"每天下班回家路上,妈妈都会去菜市场把菜买了。",,,"每天下班回家路上,妈妈都会去菜市场把菜买了","每天下班回家路上,妈妈都会去菜市场把菜买了",True,False,True,0,,每天下班回家路上，妈妈都会去菜市场买菜。,"每天下班回家路上,妈妈都会去菜市场买菜",False
T0280,SVO_有语境_200,有语境,SVO-preferred,1,习惯性动作与泛指,40,SVO-HG-040,SVO-CTX-HG-040,2,SVO,preferred,每天下班回家路上，妈妈都会去菜市场,买菜,每天下班回家路上，妈妈都会去菜市场买菜。,每天下班回家路上，妈妈都会去菜市场,妈妈每天下班回家路上都会去菜市场,,279,每天下班回家路上，妈妈都会去菜市场买菜。,True,False,False,True,"每天下班回家路上,妈妈都会去菜市场买菜。",,,"每天下班回家路上,妈妈都会去菜市场买菜","每天下班回家路上,妈妈都会去菜市场买菜",True,False,True,0,,每天下班回家路上，妈妈都会去菜市场买菜。,"每天下班回家路上,妈妈都会去菜市场买菜",False
T0281,SVO_有语境_200,有语境,SVO-preferred,1,习惯性动作与泛指,41,SVO-HG-041,SVO-CTX-HG-041,1,BA,non-preferred,每天吃完晚饭，全家人都会坐在客厅里,把电视剧看了,每天吃完晚饭，全家人都会坐在客厅里把电视剧看了。,每天吃完晚饭，全家人都会坐在客厅里,全家人每天吃完晚饭都会坐在客厅里,,280,每天吃完晚饭，全家人都会坐在客厅里把电视剧看了。,True,False,True,False,"每天吃完晚饭,全家人都会坐在客厅里把电视剧看了。",,,"每天吃完晚饭,全家人都会坐在客厅里把电视剧看了","每天吃完晚饭,全家人都会坐在客厅里把电视剧看了",True,False,True,0,,每天吃完晚饭，全家人都会坐在客厅里看电视剧。,"每天吃完晚饭,全家人都会坐在客厅里看电视剧",False
T0282,SVO_有语境_200,有语境,SVO-preferred,1,习惯性动作与泛指,41,SVO-HG-041,SVO-CTX-HG-041,2,SVO,preferred,每天吃完晚饭，全家人都会坐在客厅里,看电视剧,每天吃完晚饭，全家人都会坐在客厅里看电视剧。,每天吃完晚饭，全家人都会坐在客厅里,全家人每天吃完晚饭都会坐在客厅里,,281,每天吃完晚饭，全家人都会坐在客厅里看电视剧。,True,False,False,True,"每天吃完晚饭,全家人都会坐在客厅里看电视剧。",,,"每天吃完晚饭,全家人都会坐在客厅里看电视剧","每天吃完晚饭,全家人都会坐在客厅里看电视剧",True,False,True,0,,每天吃完晚饭，全家人都会坐在客厅里看电视剧。,"每天吃完晚饭,全家人都会坐在客厅里看电视剧",False
T0283,SVO_有语境_200,有语境,SVO-preferred,1,习惯性动作与泛指,42,SVO-HG-042,SVO-CTX-HG-042,1,BA,non-preferred,每天下班后，哥哥都会去健身房,把身体锻炼一下,每天下班后，哥哥都会去健身房把身体锻炼一下。,每天下班后，哥哥都会去健身房,哥哥每天下班后都会去健身房,,282,每天下班后，哥哥都会去健身房把身体锻炼一下。,True,False,True,False,"每天下班后,哥哥都会去健身房把身体锻炼一下。",,,"每天下班后,哥哥都会去健身房把身体锻炼一下","每天下班后,哥哥都会去健身房把身体锻炼一下",True,False,True,0,,每天下班后，哥哥都会去健身房锻炼身体。,"每天下班后,哥哥都会去健身房锻炼身体",False
T0284,SVO_有语境_200,有语境,SVO-preferred,1,习惯性动作与泛指,42,SVO-HG-042,SVO-CTX-HG-042,2,SVO,preferred,每天下班后，哥哥都会去健身房,锻炼身体,每天下班后，哥哥都会去健身房锻炼身体。,每天下班后，哥哥都会去健身房,哥哥每天下班后都会去健身房,,283,每天下班后，哥哥都会去健身房锻炼身体。,True,False,False,True,"每天下班后,哥哥都会去健身房锻炼身体。",,,"每天下班后,哥哥都会去健身房锻炼身体","每天下班后,哥哥都会去健身房锻炼身体",True,False,True,0,,每天下班后，哥哥都会去健身房锻炼身体。,"每天下班后,哥哥都会去健身房锻炼身体",False
T0285,SVO_有语境_200,有语境,SVO-preferred,1,习惯性动作与泛指,43,SVO-HG-043,SVO-CTX-HG-043,1,BA,non-preferred,每个月这个时候，妹妹都会去理发店,把头发剪了,每个月这个时候，妹妹都会去理发店把头发剪了。,每个月这个时候，妹妹都会去理发店,妹妹每个月这个时候都会去理发店,,284,每个月这个时候，妹妹都会去理发店把头发剪了。,True,False,True,False,"每个月这个时候,妹妹都会去理发店把头发剪了。",,,"每个月这个时候,妹妹都会去理发店把头发剪了","每个月这个时候,妹妹都会去理发店把头发剪了",True,False,True,0,,每个月这个时候，妹妹都会去理发店剪头发。,"每个月这个时候,妹妹都会去理发店剪头发",False
T0286,SVO_有语境_200,有语境,SVO-preferred,1,习惯性动作与泛指,43,SVO-HG-043,SVO-CTX-HG-043,2,SVO,preferred,每个月这个时候，妹妹都会去理发店,剪头发,每个月这个时候，妹妹都会去理发店剪头发。,每个月这个时候，妹妹都会去理发店,妹妹每个月这个时候都会去理发店,,285,每个月这个时候，妹妹都会去理发店剪头发。,True,False,False,True,"每个月这个时候,妹妹都会去理发店剪头发。",,,"每个月这个时候,妹妹都会去理发店剪头发","每个月这个时候,妹妹都会去理发店剪头发",True,False,True,0,,每个月这个时候，妹妹都会去理发店剪头发。,"每个月这个时候,妹妹都会去理发店剪头发",False
T0287,SVO_有语境_200,有语境,SVO-preferred,1,习惯性动作与泛指,44,SVO-HG-044,SVO-CTX-HG-044,1,BA,non-preferred,每次放假，他们一家人都会去海边,把鱼抓了,每次放假，他们一家人都会去海边把鱼抓了。,每次放假，他们一家人都会去海边,他们一家人每次放假都会去海边,,286,每次放假，他们一家人都会去海边把鱼抓了。,True,False,True,False,"每次放假,他们一家人都会去海边把鱼抓了。",,,"每次放假,他们一家人都会去海边把鱼抓了","每次放假,他们一家人都会去海边把鱼抓了",True,False,True,0,,每次放假，他们一家人都会去海边抓鱼。,"每次放假,他们一家人都会去海边抓鱼",False
T0288,SVO_有语境_200,有语境,SVO-preferred,1,习惯性动作与泛指,44,SVO-HG-044,SVO-CTX-HG-044,2,SVO,preferred,每次放假，他们一家人都会去海边,抓鱼,每次放假，他们一家人都会去海边抓鱼。,每次放假，他们一家人都会去海边,他们一家人每次放假都会去海边,,287,每次放假，他们一家人都会去海边抓鱼。,True,False,False,True,"每次放假,他们一家人都会去海边抓鱼。",,,"每次放假,他们一家人都会去海边抓鱼","每次放假,他们一家人都会去海边抓鱼",True,False,True,0,,每次放假，他们一家人都会去海边抓鱼。,"每次放假,他们一家人都会去海边抓鱼",False
T0289,SVO_有语境_200,有语境,SVO-preferred,1,习惯性动作与泛指,45,SVO-HG-045,SVO-CTX-HG-045,1,BA,non-preferred,每当有空的时候，姐姐总喜欢在阳台上,把鸽子喂了,每当有空的时候，姐姐总喜欢在阳台上把鸽子喂了。,每当有空的时候，姐姐总喜欢在阳台上,姐姐每当有空的时候总喜欢在阳台上,,288,每当有空的时候，姐姐总喜欢在阳台上把鸽子喂了。,True,False,True,False,"每当有空的时候,姐姐总喜欢在阳台上把鸽子喂了。",,,"每当有空的时候,姐姐总喜欢在阳台上把鸽子喂了","每当有空的时候,姐姐总喜欢在阳台上把鸽子喂了",True,False,True,0,,每当有空的时候，姐姐总喜欢在阳台上喂鸽子。,"每当有空的时候,姐姐总喜欢在阳台上喂鸽子",False
T0290,SVO_有语境_200,有语境,SVO-preferred,1,习惯性动作与泛指,45,SVO-HG-045,SVO-CTX-HG-045,2,SVO,preferred,每当有空的时候，姐姐总喜欢在阳台上,喂鸽子,每当有空的时候，姐姐总喜欢在阳台上喂鸽子。,每当有空的时候，姐姐总喜欢在阳台上,姐姐每当有空的时候总喜欢在阳台上,,289,每当有空的时候，姐姐总喜欢在阳台上喂鸽子。,True,False,False,True,"每当有空的时候,姐姐总喜欢在阳台上喂鸽子。",,,"每当有空的时候,姐姐总喜欢在阳台上喂鸽子","每当有空的时候,姐姐总喜欢在阳台上喂鸽子",True,False,True,0,,每当有空的时候，姐姐总喜欢在阳台上喂鸽子。,"每当有空的时候,姐姐总喜欢在阳台上喂鸽子",False
T0291,SVO_有语境_200,有语境,SVO-preferred,1,习惯性动作与泛指,46,SVO-HG-046,SVO-CTX-HG-046,1,BA,non-preferred,每天睡觉前，妈妈都会给孩子,把故事讲了,每天睡觉前，妈妈都会给孩子把故事讲了。,每天睡觉前，妈妈都会给孩子,妈妈每天睡觉前都会给孩子,,290,每天睡觉前，妈妈都会给孩子把故事讲了。,True,False,True,False,"每天睡觉前,妈妈都会给孩子把故事讲了。",,,"每天睡觉前,妈妈都会给孩子把故事讲了","每天睡觉前,妈妈都会给孩子把故事讲了",True,False,True,0,,每天睡觉前，妈妈都会给孩子讲故事。,"每天睡觉前,妈妈都会给孩子讲故事",False
T0292,SVO_有语境_200,有语境,SVO-preferred,1,习惯性动作与泛指,46,SVO-HG-046,SVO-CTX-HG-046,2,SVO,preferred,每天睡觉前，妈妈都会给孩子,讲故事,每天睡觉前，妈妈都会给孩子讲故事。,每天睡觉前，妈妈都会给孩子,妈妈每天睡觉前都会给孩子,,291,每天睡觉前，妈妈都会给孩子讲故事。,True,False,False,True,"每天睡觉前,妈妈都会给孩子讲故事。",,,"每天睡觉前,妈妈都会给孩子讲故事","每天睡觉前,妈妈都会给孩子讲故事",True,False,True,0,,每天睡觉前，妈妈都会给孩子讲故事。,"每天睡觉前,妈妈都会给孩子讲故事",False
T0293,SVO_有语境_200,有语境,SVO-preferred,1,习惯性动作与泛指,47,SVO-HG-047,SVO-CTX-HG-047,1,BA,non-preferred,每天上课前，老师都会仔细地给学生,把作业批改了,每天上课前，老师都会仔细地给学生把作业批改了。,每天上课前，老师都会仔细地给学生,老师每天上课前都会仔细地给学生,,292,每天上课前，老师都会仔细地给学生把作业批改了。,True,False,True,False,"每天上课前,老师都会仔细地给学生把作业批改了。",,,"每天上课前,老师都会仔细地给学生把作业批改了","每天上课前,老师都会仔细地给学生把作业批改了",True,False,True,0,,每天上课前，老师都会仔细地给学生批改作业。,"每天上课前,老师都会仔细地给学生批改作业",False
T0294,SVO_有语境_200,有语境,SVO-preferred,1,习惯性动作与泛指,47,SVO-HG-047,SVO-CTX-HG-047,2,SVO,preferred,每天上课前，老师都会仔细地给学生,批改作业,每天上课前，老师都会仔细地给学生批改作业。,每天上课前，老师都会仔细地给学生,老师每天上课前都会仔细地给学生,,293,每天上课前，老师都会仔细地给学生批改作业。,True,False,False,True,"每天上课前,老师都会仔细地给学生批改作业。",,,"每天上课前,老师都会仔细地给学生批改作业","每天上课前,老师都会仔细地给学生批改作业",True,False,True,0,,每天上课前，老师都会仔细地给学生批改作业。,"每天上课前,老师都会仔细地给学生批改作业",False
T0295,SVO_有语境_200,有语境,SVO-preferred,1,习惯性动作与泛指,48,SVO-HG-048,SVO-CTX-HG-048,1,BA,non-preferred,每天开车前，司机都会认真地,把汽车检查了,每天开车前，司机都会认真地把汽车检查了。,每天开车前，司机都会认真地,司机每天开车前都会认真地,,294,每天开车前，司机都会认真地把汽车检查了。,True,False,True,False,"每天开车前,司机都会认真地把汽车检查了。",,,"每天开车前,司机都会认真地把汽车检查了","每天开车前,司机都会认真地把汽车检查了",True,False,True,0,,每天开车前，司机都会认真地检查汽车。,"每天开车前,司机都会认真地检查汽车",False
T0296,SVO_有语境_200,有语境,SVO-preferred,1,习惯性动作与泛指,48,SVO-HG-048,SVO-CTX-HG-048,2,SVO,preferred,每天开车前，司机都会认真地,检查汽车,每天开车前，司机都会认真地检查汽车。,每天开车前，司机都会认真地,司机每天开车前都会认真地,,295,每天开车前，司机都会认真地检查汽车。,True,False,False,True,"每天开车前,司机都会认真地检查汽车。",,,"每天开车前,司机都会认真地检查汽车","每天开车前,司机都会认真地检查汽车",True,False,True,0,,每天开车前，司机都会认真地检查汽车。,"每天开车前,司机都会认真地检查汽车",False
T0297,SVO_有语境_200,有语境,SVO-preferred,1,习惯性动作与泛指,49,SVO-HG-049,SVO-CTX-HG-049,1,BA,non-preferred,每到冬天，北方人常常一起,把火锅吃了,每到冬天，北方人常常一起把火锅吃了。,每到冬天，北方人常常一起,北方人每到冬天常常一起,,296,每到冬天，北方人常常一起把火锅吃了。,True,False,True,False,"每到冬天,北方人常常一起把火锅吃了。",,,"每到冬天,北方人常常一起把火锅吃了","每到冬天,北方人常常一起把火锅吃了",True,False,True,0,,每到冬天，北方人常常一起吃火锅。,"每到冬天,北方人常常一起吃火锅",False
T0298,SVO_有语境_200,有语境,SVO-preferred,1,习惯性动作与泛指,49,SVO-HG-049,SVO-CTX-HG-049,2,SVO,preferred,每到冬天，北方人常常一起,吃火锅,每到冬天，北方人常常一起吃火锅。,每到冬天，北方人常常一起,北方人每到冬天常常一起,,297,每到冬天，北方人常常一起吃火锅。,True,False,False,True,"每到冬天,北方人常常一起吃火锅。",,,"每到冬天,北方人常常一起吃火锅","每到冬天,北方人常常一起吃火锅",True,False,True,0,,每到冬天，北方人常常一起吃火锅。,"每到冬天,北方人常常一起吃火锅",False
T0299,SVO_有语境_200,有语境,SVO-preferred,1,习惯性动作与泛指,50,SVO-HG-050,SVO-CTX-HG-050,1,BA,non-preferred,遇到周末，很多年轻人都喜欢去酒吧,把酒喝了,遇到周末，很多年轻人都喜欢去酒吧把酒喝了。,遇到周末，很多年轻人都喜欢去酒吧,很多年轻人遇到周末都喜欢去酒吧,,298,遇到周末，很多年轻人都喜欢去酒吧把酒喝了。,True,False,True,False,"遇到周末,很多年轻人都喜欢去酒吧把酒喝了。",,,"遇到周末,很多年轻人都喜欢去酒吧把酒喝了","遇到周末,很多年轻人都喜欢去酒吧把酒喝了",True,False,True,0,,遇到周末，很多年轻人都喜欢去酒吧喝酒。,"遇到周末,很多年轻人都喜欢去酒吧喝酒",False
T0300,SVO_有语境_200,有语境,SVO-preferred,1,习惯性动作与泛指,50,SVO-HG-050,SVO-CTX-HG-050,2,SVO,preferred,遇到周末，很多年轻人都喜欢去酒吧,喝酒,遇到周末，很多年轻人都喜欢去酒吧喝酒。,遇到周末，很多年轻人都喜欢去酒吧,很多年轻人遇到周末都喜欢去酒吧,,299,遇到周末，很多年轻人都喜欢去酒吧喝酒。,True,False,False,True,"遇到周末,很多年轻人都喜欢去酒吧喝酒。",,,"遇到周末,很多年轻人都喜欢去酒吧喝酒","遇到周末,很多年轻人都喜欢去酒吧喝酒",True,False,True,0,,遇到周末，很多年轻人都喜欢去酒吧喝酒。,"遇到周末,很多年轻人都喜欢去酒吧喝酒",False
T0301,SVO_有语境_200,有语境,SVO-preferred,2,叙述经历和日程,1,SVO-NS-001,SVO-CTX-NS-001,1,BA,non-preferred,昨晚停电了，我在黑暗中坐了一会儿，然后去厨房,把那根蜡烛点了,昨晚停电了，我在黑暗中坐了一会儿，然后去厨房把那根蜡烛点了。,昨晚停电了，我在黑暗中坐了一会儿，然后去厨房,我去厨房,,300,昨晚停电了，我在黑暗中坐了一会儿，然后去厨房把那根蜡烛点了。,True,False,True,False,"昨晚停电了,我在黑暗中坐了一会儿,然后去厨房把那根蜡烛点了。",,,"昨晚停电了,我在黑暗中坐了一会儿,然后去厨房把那根蜡烛点了","昨晚停电了,我在黑暗中坐了一会儿,然后去厨房把那根蜡烛点了",True,False,True,0,,昨晚停电了，我在黑暗中坐了一会儿，然后去厨房点了那根蜡烛。,"昨晚停电了,我在黑暗中坐了一会儿,然后去厨房点了那根蜡烛",False
T0302,SVO_有语境_200,有语境,SVO-preferred,2,叙述经历和日程,1,SVO-NS-001,SVO-CTX-NS-001,2,SVO,preferred,昨晚停电了，我在黑暗中坐了一会儿，然后去厨房,点了那根蜡烛,昨晚停电了，我在黑暗中坐了一会儿，然后去厨房点了那根蜡烛。,昨晚停电了，我在黑暗中坐了一会儿，然后去厨房,我去厨房,,301,昨晚停电了，我在黑暗中坐了一会儿，然后去厨房点了那根蜡烛。,True,False,False,True,"昨晚停电了,我在黑暗中坐了一会儿,然后去厨房点了那根蜡烛。",,,"昨晚停电了,我在黑暗中坐了一会儿,然后去厨房点了那根蜡烛","昨晚停电了,我在黑暗中坐了一会儿,然后去厨房点了那根蜡烛",True,False,True,0,,昨晚停电了，我在黑暗中坐了一会儿，然后去厨房点了那根蜡烛。,"昨晚停电了,我在黑暗中坐了一会儿,然后去厨房点了那根蜡烛",False
T0303,SVO_有语境_200,有语境,SVO-preferred,2,叙述经历和日程,2,SVO-NS-002,SVO-CTX-NS-002,1,BA,non-preferred,我昨天复习得很认真，先看了书上的笔记，又默写了单词，然后,把那张练习卷做完了,我昨天复习得很认真，先看了书上的笔记，又默写了单词，然后把那张练习卷做完了。,我昨天复习得很认真，先看了书上的笔记，又默写了单词，然后,我,,302,我昨天复习得很认真，先看了书上的笔记，又默写了单词，然后把那张练习卷做完了。,True,False,True,False,"我昨天复习得很认真,先看了书上的笔记,又默写了单词,然后把那张练习卷做完了。",,,"我昨天复习得很认真,先看了书上的笔记,又默写了单词,然后把那张练习卷做完了","我昨天复习得很认真,先看了书上的笔记,又默写了单词,然后把那张练习卷做完了",True,False,True,0,,我昨天复习得很认真，先看了书上的笔记，又默写了单词，然后做完了那张练习卷。,"我昨天复习得很认真,先看了书上的笔记,又默写了单词,然后做完了那张练习卷",False
T0304,SVO_有语境_200,有语境,SVO-preferred,2,叙述经历和日程,2,SVO-NS-002,SVO-CTX-NS-002,2,SVO,preferred,我昨天复习得很认真，先看了书上的笔记，又默写了单词，然后,做完了那张练习卷,我昨天复习得很认真，先看了书上的笔记，又默写了单词，然后做完了那张练习卷。,我昨天复习得很认真，先看了书上的笔记，又默写了单词，然后,我,,303,我昨天复习得很认真，先看了书上的笔记，又默写了单词，然后做完了那张练习卷。,True,False,False,True,"我昨天复习得很认真,先看了书上的笔记,又默写了单词,然后做完了那张练习卷。",,,"我昨天复习得很认真,先看了书上的笔记,又默写了单词,然后做完了那张练习卷","我昨天复习得很认真,先看了书上的笔记,又默写了单词,然后做完了那张练习卷",True,False,True,0,,我昨天复习得很认真，先看了书上的笔记，又默写了单词，然后做完了那张练习卷。,"我昨天复习得很认真,先看了书上的笔记,又默写了单词,然后做完了那张练习卷",False
T0305,SVO_有语境_200,有语境,SVO-preferred,2,叙述经历和日程,3,SVO-NS-003,SVO-CTX-NS-003,1,BA,non-preferred,周末我去逛商场，买了一双鞋，晚上还,把那场电影看了,周末我去逛商场，买了一双鞋，晚上还把那场电影看了。,周末我去逛商场，买了一双鞋，晚上还,我晚上还,,304,周末我去逛商场，买了一双鞋，晚上还把那场电影看了。,True,False,True,False,"周末我去逛商场,买了一双鞋,晚上还把那场电影看了。",,,"周末我去逛商场,买了一双鞋,晚上还把那场电影看了","周末我去逛商场,买了一双鞋,晚上还把那场电影看了",True,False,True,0,,周末我去逛商场，买了一双鞋，晚上还看了一场电影。,"周末我去逛商场,买了一双鞋,晚上还看了一场电影",False
T0306,SVO_有语境_200,有语境,SVO-preferred,2,叙述经历和日程,3,SVO-NS-003,SVO-CTX-NS-003,2,SVO,preferred,周末我去逛商场，买了一双鞋，晚上还,看了一场电影,周末我去逛商场，买了一双鞋，晚上还看了一场电影。,周末我去逛商场，买了一双鞋，晚上还,我晚上还,,305,周末我去逛商场，买了一双鞋，晚上还看了一场电影。,True,False,False,True,"周末我去逛商场,买了一双鞋,晚上还看了一场电影。",,,"周末我去逛商场,买了一双鞋,晚上还看了一场电影","周末我去逛商场,买了一双鞋,晚上还看了一场电影",True,False,True,0,,周末我去逛商场，买了一双鞋，晚上还看了一场电影。,"周末我去逛商场,买了一双鞋,晚上还看了一场电影",False
T0307,SVO_有语境_200,有语境,SVO-preferred,2,叙述经历和日程,4,SVO-NS-004,SVO-CTX-NS-004,1,BA,non-preferred,早上时间太紧了，我匆匆忙忙刷了牙，洗了脸，然后,把鞋子穿上了,早上时间太紧了，我匆匆忙忙刷了牙，洗了脸，然后把鞋子穿上了。,早上时间太紧了，我匆匆忙忙刷了牙，洗了脸，然后,我,,306,早上时间太紧了，我匆匆忙忙刷了牙，洗了脸，然后把鞋子穿上了。,True,False,True,False,"早上时间太紧了,我匆匆忙忙刷了牙,洗了脸,然后把鞋子穿上了。",,,"早上时间太紧了,我匆匆忙忙刷了牙,洗了脸,然后把鞋子穿上了","早上时间太紧了,我匆匆忙忙刷了牙,洗了脸,然后把鞋子穿上了",True,False,True,0,,早上时间太紧了，我匆匆忙忙刷了牙，洗了脸，然后穿上了鞋子。,"早上时间太紧了,我匆匆忙忙刷了牙,洗了脸,然后穿上了鞋子",False
T0308,SVO_有语境_200,有语境,SVO-preferred,2,叙述经历和日程,4,SVO-NS-004,SVO-CTX-NS-004,2,SVO,preferred,早上时间太紧了，我匆匆忙忙刷了牙，洗了脸，然后,穿上了鞋子,早上时间太紧了，我匆匆忙忙刷了牙，洗了脸，然后穿上了鞋子。,早上时间太紧了，我匆匆忙忙刷了牙，洗了脸，然后,我,,307,早上时间太紧了，我匆匆忙忙刷了牙，洗了脸，然后穿上了鞋子。,True,False,False,True,"早上时间太紧了,我匆匆忙忙刷了牙,洗了脸,然后穿上了鞋子。",,,"早上时间太紧了,我匆匆忙忙刷了牙,洗了脸,然后穿上了鞋子","早上时间太紧了,我匆匆忙忙刷了牙,洗了脸,然后穿上了鞋子",True,False,True,0,,早上时间太紧了，我匆匆忙忙刷了牙，洗了脸，然后穿上了鞋子。,"早上时间太紧了,我匆匆忙忙刷了牙,洗了脸,然后穿上了鞋子",False
T0309,SVO_有语境_200,有语境,SVO-preferred,2,叙述经历和日程,5,SVO-NS-005,SVO-CTX-NS-005,1,BA,non-preferred,昨天生日派对上，大家先唱了生日歌，又许了愿望，然后一起,把蛋糕切了,昨天生日派对上，大家先唱了生日歌，又许了愿望，然后一起把蛋糕切了。,昨天生日派对上，大家先唱了生日歌，又许了愿望，然后一起,大家一起,,308,昨天生日派对上，大家先唱了生日歌，又许了愿望，然后一起把蛋糕切了。,True,False,True,False,"昨天生日派对上,大家先唱了生日歌,又许了愿望,然后一起把蛋糕切了。",,,"昨天生日派对上,大家先唱了生日歌,又许了愿望,然后一起把蛋糕切了","昨天生日派对上,大家先唱了生日歌,又许了愿望,然后一起把蛋糕切了",True,False,True,0,,昨天生日派对上，大家先唱了生日歌，又许了愿望，然后一起切了蛋糕。,"昨天生日派对上,大家先唱了生日歌,又许了愿望,然后一起切了蛋糕",False
T0310,SVO_有语境_200,有语境,SVO-preferred,2,叙述经历和日程,5,SVO-NS-005,SVO-CTX-NS-005,2,SVO,preferred,昨天生日派对上，大家先唱了生日歌，又许了愿望，然后一起,切了蛋糕,昨天生日派对上，大家先唱了生日歌，又许了愿望，然后一起切了蛋糕。,昨天生日派对上，大家先唱了生日歌，又许了愿望，然后一起,大家一起,,309,昨天生日派对上，大家先唱了生日歌，又许了愿望，然后一起切了蛋糕。,True,False,False,True,"昨天生日派对上,大家先唱了生日歌,又许了愿望,然后一起切了蛋糕。",,,"昨天生日派对上,大家先唱了生日歌,又许了愿望,然后一起切了蛋糕","昨天生日派对上,大家先唱了生日歌,又许了愿望,然后一起切了蛋糕",True,False,True,0,,昨天生日派对上，大家先唱了生日歌，又许了愿望，然后一起切了蛋糕。,"昨天生日派对上,大家先唱了生日歌,又许了愿望,然后一起切了蛋糕",False
T0311,SVO_有语境_200,有语境,SVO-preferred,2,叙述经历和日程,6,SVO-NS-006,SVO-CTX-NS-006,1,BA,non-preferred,他走进房间，脱下外套，然后走到窗前默默地,把那支烟点了,他走进房间，脱下外套，然后走到窗前默默地把那支烟点了。,他走进房间，脱下外套，然后走到窗前默默地,他默默地,,310,他走进房间，脱下外套，然后走到窗前默默地把那支烟点了。,True,False,True,False,"他走进房间,脱下外套,然后走到窗前默默地把那支烟点了。",,,"他走进房间,脱下外套,然后走到窗前默默地把那支烟点了","他走进房间,脱下外套,然后走到窗前默默地把那支烟点了",True,False,True,0,,他走进房间，脱下外套，然后走到窗前默默地点了一支烟。,"他走进房间,脱下外套,然后走到窗前默默地点了一支烟",False
T0312,SVO_有语境_200,有语境,SVO-preferred,2,叙述经历和日程,6,SVO-NS-006,SVO-CTX-NS-006,2,SVO,preferred,他走进房间，脱下外套，然后走到窗前默默地,点了一支烟,他走进房间，脱下外套，然后走到窗前默默地点了一支烟。,他走进房间，脱下外套，然后走到窗前默默地,他默默地,,311,他走进房间，脱下外套，然后走到窗前默默地点了一支烟。,True,False,False,True,"他走进房间,脱下外套,然后走到窗前默默地点了一支烟。",,,"他走进房间,脱下外套,然后走到窗前默默地点了一支烟","他走进房间,脱下外套,然后走到窗前默默地点了一支烟",True,False,True,0,,他走进房间，脱下外套，然后走到窗前默默地点了一支烟。,"他走进房间,脱下外套,然后走到窗前默默地点了一支烟",False
T0313,SVO_有语境_200,有语境,SVO-preferred,2,叙述经历和日程,7,SVO-NS-007,SVO-CTX-NS-007,1,BA,non-preferred,去北京旅行的时候，我们去了故宫，看了天安门，爬了长城，最后还,把烤鸭吃了,去北京旅行的时候，我们去了故宫，看了天安门，爬了长城，最后还把烤鸭吃了。,去北京旅行的时候，我们去了故宫，看了天安门，爬了长城，最后还,我们,,312,去北京旅行的时候，我们去了故宫，看了天安门，爬了长城，最后还把烤鸭吃了。,True,False,True,False,"去北京旅行的时候,我们去了故宫,看了天安门,爬了长城,最后还把烤鸭吃了。",,,"去北京旅行的时候,我们去了故宫,看了天安门,爬了长城,最后还把烤鸭吃了","去北京旅行的时候,我们去了故宫,看了天安门,爬了长城,最后还把烤鸭吃了",True,False,True,0,,去北京旅行的时候，我们去了故宫，看了天安门，爬了长城，最后还吃了烤鸭。,"去北京旅行的时候,我们去了故宫,看了天安门,爬了长城,最后还吃了烤鸭",False
T0314,SVO_有语境_200,有语境,SVO-preferred,2,叙述经历和日程,7,SVO-NS-007,SVO-CTX-NS-007,2,SVO,preferred,去北京旅行的时候，我们去了故宫，看了天安门，爬了长城，最后还,吃了烤鸭,去北京旅行的时候，我们去了故宫，看了天安门，爬了长城，最后还吃了烤鸭。,去北京旅行的时候，我们去了故宫，看了天安门，爬了长城，最后还,我们,,313,去北京旅行的时候，我们去了故宫，看了天安门，爬了长城，最后还吃了烤鸭。,True,False,False,True,"去北京旅行的时候,我们去了故宫,看了天安门,爬了长城,最后还吃了烤鸭。",,,"去北京旅行的时候,我们去了故宫,看了天安门,爬了长城,最后还吃了烤鸭","去北京旅行的时候,我们去了故宫,看了天安门,爬了长城,最后还吃了烤鸭",True,False,True,0,,去北京旅行的时候，我们去了故宫，看了天安门，爬了长城，最后还吃了烤鸭。,"去北京旅行的时候,我们去了故宫,看了天安门,爬了长城,最后还吃了烤鸭",False
T0315,SVO_有语境_200,有语境,SVO-preferred,2,叙述经历和日程,8,SVO-NS-008,SVO-CTX-NS-008,1,BA,non-preferred,经理先开了一个早会，然后回到办公室，开始,把那份年终报告写了,经理先开了一个早会，然后回到办公室，开始把那份年终报告写了。,经理先开了一个早会，然后回到办公室，开始,经理开始,,314,经理先开了一个早会，然后回到办公室，开始把那份年终报告写了。,True,False,True,False,"经理先开了一个早餐,然后回到办公室,开始把那份年终报告写了。",,,"经理先开了一个早会,然后回到办公室,开始把那份年终报告写了","经理先开了一个早餐,然后回到办公室,开始把那份年终报告写了",True,True,False,1,replace:会->餐@8:9,经理先开了一个早会，然后回到办公室，开始写那份年终报告。,"经理先开了一个早会,然后回到办公室,开始写那份年终报告",False
T0316,SVO_有语境_200,有语境,SVO-preferred,2,叙述经历和日程,8,SVO-NS-008,SVO-CTX-NS-008,2,SVO,preferred,经理先开了一个早会，然后回到办公室，开始,写那份年终报告,经理先开了一个早会，然后回到办公室，开始写那份年终报告。,经理先开了一个早会，然后回到办公室，开始,经理开始,,315,经理先开了一个早会，然后回到办公室，开始写那份年终报告。,True,False,False,True,"经理先开了一个早餐,然后回到办公室,开始写那份年终报告。",,,"经理先开了一个早会,然后回到办公室,开始写那份年终报告","经理先开了一个早餐,然后回到办公室,开始写那份年终报告",True,True,False,1,replace:会->餐@8:9,经理先开了一个早会，然后回到办公室，开始写那份年终报告。,"经理先开了一个早会,然后回到办公室,开始写那份年终报告",False
T0317,SVO_有语境_200,有语境,SVO-preferred,2,叙述经历和日程,9,SVO-NS-009,SVO-CTX-NS-009,1,BA,non-preferred,在音乐会上，大家都很安静，认真地,把那首钢琴曲听了,在音乐会上，大家都很安静，认真地把那首钢琴曲听了。,在音乐会上，大家都很安静，认真地,大家认真地,,316,在音乐会上，大家都很安静，认真地把那首钢琴曲听了。,True,False,True,False,"在音乐会上,大家都很安静,认真地把那首钢琴曲听了。",,,"在音乐会上,大家都很安静,认真地把那首钢琴曲听了","在音乐会上,大家都很安静,认真地把那首钢琴曲听了",True,False,True,0,,在音乐会上，大家都很安静，认真地听那首钢琴曲。,"在音乐会上,大家都很安静,认真地听那首钢琴曲",False
T0318,SVO_有语境_200,有语境,SVO-preferred,2,叙述经历和日程,9,SVO-NS-009,SVO-CTX-NS-009,2,SVO,preferred,在音乐会上，大家都很安静，认真地,听那首钢琴曲,在音乐会上，大家都很安静，认真地听那首钢琴曲。,在音乐会上，大家都很安静，认真地,大家认真地,,317,在音乐会上，大家都很安静，认真地听那首钢琴曲。,True,False,False,True,"在音乐会上,大家都很安静,认真地听那首钢琴曲。",,,"在音乐会上,大家都很安静,认真地听那首钢琴曲","在音乐会上,大家都很安静,认真地听那首钢琴曲",True,False,True,0,,在音乐会上，大家都很安静，认真地听那首钢琴曲。,"在音乐会上,大家都很安静,认真地听那首钢琴曲",False
T0319,SVO_有语境_200,有语境,SVO-preferred,2,叙述经历和日程,10,SVO-NS-010,SVO-CTX-NS-010,1,BA,non-preferred,到了海边，孩子们兴奋地脱掉鞋子，马上跑过去,把那些沙子踩了,到了海边，孩子们兴奋地脱掉鞋子，马上跑过去把那些沙子踩了。,到了海边，孩子们兴奋地脱掉鞋子，马上跑过去,孩子们马上跑过去,,318,到了海边，孩子们兴奋地脱掉鞋子，马上跑过去把那些沙子踩了。,True,False,True,False,"到了海边,孩子们兴奋地脱掉鞋子,马上跑过去把那些沙子踩了。",,,"到了海边,孩子们兴奋地脱掉鞋子,马上跑过去把那些沙子踩了","到了海边,孩子们兴奋地脱掉鞋子,马上跑过去把那些沙子踩了",True,False,True,0,,到了海边，孩子们兴奋地脱掉鞋子，马上跑过去踩那些沙子。,"到了海边,孩子们兴奋地脱掉鞋子,马上跑过去踩那些沙子",False
T0320,SVO_有语境_200,有语境,SVO-preferred,2,叙述经历和日程,10,SVO-NS-010,SVO-CTX-NS-010,2,SVO,preferred,到了海边，孩子们兴奋地脱掉鞋子，马上跑过去,踩那些沙子,到了海边，孩子们兴奋地脱掉鞋子，马上跑过去踩那些沙子。,到了海边，孩子们兴奋地脱掉鞋子，马上跑过去,孩子们马上跑过去,,319,到了海边，孩子们兴奋地脱掉鞋子，马上跑过去踩那些沙子。,True,False,False,True,"到了海边,孩子们兴奋地脱掉鞋子,马上跑过去踩那些沙子。",,,"到了海边,孩子们兴奋地脱掉鞋子,马上跑过去踩那些沙子","到了海边,孩子们兴奋地脱掉鞋子,马上跑过去踩那些沙子",True,False,True,0,,到了海边，孩子们兴奋地脱掉鞋子，马上跑过去踩那些沙子。,"到了海边,孩子们兴奋地脱掉鞋子,马上跑过去踩那些沙子",False
T0321,SVO_有语境_200,有语境,SVO-preferred,2,叙述经历和日程,11,SVO-NS-011,SVO-CTX-NS-011,1,BA,non-preferred,饭后，我帮妈妈洗了碗，然后看了一会儿电视，就回到自己房间里,把作业写了,饭后，我帮妈妈洗了碗，然后看了一会儿电视，就回到自己房间里把作业写了。,饭后，我帮妈妈洗了碗，然后看了一会儿电视，就回到自己房间里,我回到自己房间里,,320,饭后，我帮妈妈洗了碗，然后看了一会儿电视，就回到自己房间里把作业写了。,True,False,True,False,"饭后,我帮妈妈洗了碗,然后看了一会儿电视,就回到自己房间里把作业写了。",,,"饭后,我帮妈妈洗了碗,然后看了一会儿电视,就回到自己房间里把作业写了","饭后,我帮妈妈洗了碗,然后看了一会儿电视,就回到自己房间里把作业写了",True,False,True,0,,饭后，我帮妈妈洗了碗，然后看了一会儿电视，就回到自己房间里写作业了。,"饭后,我帮妈妈洗了碗,然后看了一会儿电视,就回到自己房间里写作业了",False
T0322,SVO_有语境_200,有语境,SVO-preferred,2,叙述经历和日程,11,SVO-NS-011,SVO-CTX-NS-011,2,SVO,preferred,饭后，我帮妈妈洗了碗，然后看了一会儿电视，就回到自己房间里,写作业了,饭后，我帮妈妈洗了碗，然后看了一会儿电视，就回到自己房间里写作业了。,饭后，我帮妈妈洗了碗，然后看了一会儿电视，就回到自己房间里,我回到自己房间里,,321,饭后，我帮妈妈洗了碗，然后看了一会儿电视，就回到自己房间里写作业了。,True,False,False,True,"饭后,我帮妈妈洗了碗,然后看了一会儿电视,就回到自己房间里写作业了。",,,"饭后,我帮妈妈洗了碗,然后看了一会儿电视,就回到自己房间里写作业了","饭后,我帮妈妈洗了碗,然后看了一会儿电视,就回到自己房间里写作业了",True,False,True,0,,饭后，我帮妈妈洗了碗，然后看了一会儿电视，就回到自己房间里写作业了。,"饭后,我帮妈妈洗了碗,然后看了一会儿电视,就回到自己房间里写作业了",False
T0323,SVO_有语境_200,有语境,SVO-preferred,2,叙述经历和日程,12,SVO-NS-012,SVO-CTX-NS-012,1,BA,non-preferred,昨天我去书店，先买了一本字典，然后去二楼,把那本画册买了,昨天我去书店，先买了一本字典，然后去二楼把那本画册买了。,昨天我去书店，先买了一本字典，然后去二楼,我去二楼,,322,昨天我去书店，先买了一本字典，然后去二楼把那本画册买了。,True,False,True,False,"昨天我去书店,先买了一本字典,然后去二楼把那本画册买了。",,,"昨天我去书店,先买了一本字典,然后去二楼把那本画册买了","昨天我去书店,先买了一本字典,然后去二楼把那本画册买了",True,False,True,0,,昨天我去书店，先买了一本字典，然后去二楼买了一本画册。,"昨天我去书店,先买了一本字典,然后去二楼买了一本画册",False
T0324,SVO_有语境_200,有语境,SVO-preferred,2,叙述经历和日程,12,SVO-NS-012,SVO-CTX-NS-012,2,SVO,preferred,昨天我去书店，先买了一本字典，然后去二楼,买了一本画册,昨天我去书店，先买了一本字典，然后去二楼买了一本画册。,昨天我去书店，先买了一本字典，然后去二楼,我去二楼,,323,昨天我去书店，先买了一本字典，然后去二楼买了一本画册。,True,False,False,True,"昨天我去书店,先买了一本字典,然后去二楼买了一本画册。",,,"昨天我去书店,先买了一本字典,然后去二楼买了一本画册","昨天我去书店,先买了一本字典,然后去二楼买了一本画册",True,False,True,0,,昨天我去书店，先买了一本字典，然后去二楼买了一本画册。,"昨天我去书店,先买了一本字典,然后去二楼买了一本画册",False
T0325,SVO_有语境_200,有语境,SVO-preferred,2,叙述经历和日程,13,SVO-NS-013,SVO-CTX-NS-013,1,BA,non-preferred,早上我起床后，先喝了一杯温水，然后去厨房,把那块面包吃了,早上我起床后，先喝了一杯温水，然后去厨房把那块面包吃了。,早上我起床后，先喝了一杯温水，然后去厨房,我去厨房,,324,早上我起床后，先喝了一杯温水，然后去厨房把那块面包吃了。,True,False,True,False,"早上我起床后,先喝了一杯温水,然后去厨房把那块面包吃了。",,,"早上我起床后,先喝了一杯温水,然后去厨房把那块面包吃了","早上我起床后,先喝了一杯温水,然后去厨房把那块面包吃了",True,False,True,0,,早上我起床后，先喝了一杯温水，然后去厨房吃了一块面包。,"早上我起床后,先喝了一杯温水,然后去厨房吃了一块面包",False
T0326,SVO_有语境_200,有语境,SVO-preferred,2,叙述经历和日程,13,SVO-NS-013,SVO-CTX-NS-013,2,SVO,preferred,早上我起床后，先喝了一杯温水，然后去厨房,吃了一块面包,早上我起床后，先喝了一杯温水，然后去厨房吃了一块面包。,早上我起床后，先喝了一杯温水，然后去厨房,我去厨房,,325,早上我起床后，先喝了一杯温水，然后去厨房吃了一块面包。,True,False,False,True,"早上我起床后,先喝了一杯温水,然后去厨房吃了一块面包。",,,"早上我起床后,先喝了一杯温水,然后去厨房吃了一块面包","早上我起床后,先喝了一杯温水,然后去厨房吃了一块面包",True,False,True,0,,早上我起床后，先喝了一杯温水，然后去厨房吃了一块面包。,"早上我起床后,先喝了一杯温水,然后去厨房吃了一块面包",False
T0327,SVO_有语境_200,有语境,SVO-preferred,2,叙述经历和日程,14,SVO-NS-014,SVO-CTX-NS-014,1,BA,non-preferred,我们去公园玩，先散了步，看了花，然后在长椅上坐着,把那首中文歌听了,我们去公园玩，先散了步，看了花，然后在长椅上坐着把那首中文歌听了。,我们去公园玩，先散了步，看了花，然后在长椅上坐着,我们在长椅上坐着,,326,我们去公园玩，先散了步，看了花，然后在长椅上坐着把那首中文歌听了。,True,False,True,False,"我们去公园玩,先散了步,看了花,然后在长椅上坐着把那首中文歌听了。",,,"我们去公园玩,先散了步,看了花,然后在长椅上坐着把那首中文歌听了","我们去公园玩,先散了步,看了花,然后在长椅上坐着把那首中文歌听了",True,False,True,0,,我们去公园玩，先散了步，看了花，然后在长椅上坐着听了一首中文歌。,"我们去公园玩,先散了步,看了花,然后在长椅上坐着听了一首中文歌",False
T0328,SVO_有语境_200,有语境,SVO-preferred,2,叙述经历和日程,14,SVO-NS-014,SVO-CTX-NS-014,2,SVO,preferred,我们去公园玩，先散了步，看了花，然后在长椅上坐着,听了一首中文歌,我们去公园玩，先散了步，看了花，然后在长椅上坐着听了一首中文歌。,我们去公园玩，先散了步，看了花，然后在长椅上坐着,我们在长椅上坐着,,327,我们去公园玩，先散了步，看了花，然后在长椅上坐着听了一首中文歌。,True,False,False,True,"我们去公园玩,先散了步,看了花,然后在长椅上坐着听了一首中文歌。",,,"我们去公园玩,先散了步,看了花,然后在长椅上坐着听了一首中文歌","我们去公园玩,先散了步,看了花,然后在长椅上坐着听了一首中文歌",True,False,True,0,,我们去公园玩，先散了步，看了花，然后在长椅上坐着听了一首中文歌。,"我们去公园玩,先散了步,看了花,然后在长椅上坐着听了一首中文歌",False
T0329,SVO_有语境_200,有语境,SVO-preferred,2,叙述经历和日程,15,SVO-NS-015,SVO-CTX-NS-015,1,BA,non-preferred,他走进办公室，先开了空调，然后坐下来,把那份总结写了,他走进办公室，先开了空调，然后坐下来把那份总结写了。,他走进办公室，先开了空调，然后坐下来,他坐下来,,328,他走进办公室，先开了空调，然后坐下来把那份总结写了。,True,False,True,False,"他走进办公室,先开了空调,然后坐下来把那份总结写了。",,,"他走进办公室,先开了空调,然后坐下来把那份总结写了","他走进办公室,先开了空调,然后坐下来把那份总结写了",True,False,True,0,,他走进办公室，先开了空调，然后坐下来写了一份总结。,"他走进办公室,先开了空调,然后坐下来写了一份总结",False
T0330,SVO_有语境_200,有语境,SVO-preferred,2,叙述经历和日程,15,SVO-NS-015,SVO-CTX-NS-015,2,SVO,preferred,他走进办公室，先开了空调，然后坐下来,写了一份总结,他走进办公室，先开了空调，然后坐下来写了一份总结。,他走进办公室，先开了空调，然后坐下来,他坐下来,,329,他走进办公室，先开了空调，然后坐下来写了一份总结。,True,False,False,True,"他走进办公室,先开了空调,然后坐下来写了一份总结。",,,"他走进办公室,先开了空调,然后坐下来写了一份总结","他走进办公室,先开了空调,然后坐下来写了一份总结",True,False,True,0,,他走进办公室，先开了空调，然后坐下来写了一份总结。,"他走进办公室,先开了空调,然后坐下来写了一份总结",False
T0331,SVO_有语境_200,有语境,SVO-preferred,2,叙述经历和日程,16,SVO-NS-016,SVO-CTX-NS-016,1,BA,non-preferred,去商场购物时，我先买了一件衬衫，后来又去五楼,把那双凉鞋买了,去商场购物时，我先买了一件衬衫，后来又去五楼把那双凉鞋买了。,去商场购物时，我先买了一件衬衫，后来又去五楼,我又去五楼,,330,去商场购物时，我先买了一件衬衫，后来又去五楼把那双凉鞋买了。,True,False,True,False,"去商场购物时,我先买了一件衬衫,后来又去五楼把那双凉鞋买了。",,,"去商场购物时,我先买了一件衬衫,后来又去五楼把那双凉鞋买了","去商场购物时,我先买了一件衬衫,后来又去五楼把那双凉鞋买了",True,False,True,0,,去商场购物时，我先买了一件衬衫，后来又去五楼买了一双凉鞋。,"去商场购物时,我先买了一件衬衫,后来又去五楼买了一双凉鞋",False
T0332,SVO_有语境_200,有语境,SVO-preferred,2,叙述经历和日程,16,SVO-NS-016,SVO-CTX-NS-016,2,SVO,preferred,去商场购物时，我先买了一件衬衫，后来又去五楼,买了一双凉鞋,去商场购物时，我先买了一件衬衫，后来又去五楼买了一双凉鞋。,去商场购物时，我先买了一件衬衫，后来又去五楼,我又去五楼,,331,去商场购物时，我先买了一件衬衫，后来又去五楼买了一双凉鞋。,True,False,False,True,"去商场购物时,我先买了一件衬衫,后来又去五楼买了一双凉鞋。",,,"去商场购物时,我先买了一件衬衫,后来又去五楼买了一双凉鞋","去商场购物时,我先买了一件衬衫,后来又去五楼买了一双凉鞋",True,False,True,0,,去商场购物时，我先买了一件衬衫，后来又去五楼买了一双凉鞋。,"去商场购物时,我先买了一件衬衫,后来又去五楼买了一双凉鞋",False
T0333,SVO_有语境_200,有语境,SVO-preferred,2,叙述经历和日程,17,SVO-NS-017,SVO-CTX-NS-017,1,BA,non-preferred,大家聚餐时，先喝了果汁，又聊了天，最后一起,把那瓶红酒喝了,大家聚餐时，先喝了果汁，又聊了天，最后一起把那瓶红酒喝了。,大家聚餐时，先喝了果汁，又聊了天，最后一起,大家最后一起,,332,大家聚餐时，先喝了果汁，又聊了天，最后一起把那瓶红酒喝了。,True,False,True,False,"大家聚餐时,先喝了果汁,又聊了天,最后一起把那瓶红酒喝了。",,,"大家聚餐时,先喝了果汁,又聊了天,最后一起把那瓶红酒喝了","大家聚餐时,先喝了果汁,又聊了天,最后一起把那瓶红酒喝了",True,False,True,0,,大家聚餐时，先喝了果汁，又聊了天，最后一起喝了一瓶红酒。,"大家聚餐时,先喝了果汁,又聊了天,最后一起喝了一瓶红酒",False
T0334,SVO_有语境_200,有语境,SVO-preferred,2,叙述经历和日程,17,SVO-NS-017,SVO-CTX-NS-017,2,SVO,preferred,大家聚餐时，先喝了果汁，又聊了天，最后一起,喝了一瓶红酒,大家聚餐时，先喝了果汁，又聊了天，最后一起喝了一瓶红酒。,大家聚餐时，先喝了果汁，又聊了天，最后一起,大家最后一起,,333,大家聚餐时，先喝了果汁，又聊了天，最后一起喝了一瓶红酒。,True,False,False,True,"大家聚餐时,先喝了果汁,又聊了天,最后一起喝了一瓶红酒。",,,"大家聚餐时,先喝了果汁,又聊了天,最后一起喝了一瓶红酒","大家聚餐时,先喝了果汁,又聊了天,最后一起喝了一瓶红酒",True,False,True,0,,大家聚餐时，先喝了果汁，又聊了天，最后一起喝了一瓶红酒。,"大家聚餐时,先喝了果汁,又聊了天,最后一起喝了一瓶红酒",False
T0335,SVO_有语境_200,有语境,SVO-preferred,2,叙述经历和日程,18,SVO-NS-018,SVO-CTX-NS-018,1,BA,non-preferred,在火车站候车时，我先查了时刻表，然后去书报亭,把那张地图买了,在火车站候车时，我先查了时刻表，然后去书报亭把那张地图买了。,在火车站候车时，我先查了时刻表，然后去书报亭,我去书报亭,,334,在火车站候车时，我先查了时刻表，然后去书报亭把那张地图买了。,True,False,True,False,"在火车站候车时,我先查了时刻表,然后去书报亭把那张地图买了。",,,"在火车站候车时,我先查了时刻表,然后去书报亭把那张地图买了","在火车站候车时,我先查了时刻表,然后去书报亭把那张地图买了",True,False,True,0,,在火车站候车时，我先查了时刻表，然后去书报亭买了一张地图。,"在火车站候车时,我先查了时刻表,然后去书报亭买了一张地图",False
T0336,SVO_有语境_200,有语境,SVO-preferred,2,叙述经历和日程,18,SVO-NS-018,SVO-CTX-NS-018,2,SVO,preferred,在火车站候车时，我先查了时刻表，然后去书报亭,买了一张地图,在火车站候车时，我先查了时刻表，然后去书报亭买了一张地图。,在火车站候车时，我先查了时刻表，然后去书报亭,我去书报亭,,335,在火车站候车时，我先查了时刻表，然后去书报亭买了一张地图。,True,False,False,True,"在火车站候车时,我先查了时刻表,然后去书报亭买了一张地图。",,,"在火车站候车时,我先查了时刻表,然后去书报亭买了一张地图","在火车站候车时,我先查了时刻表,然后去书报亭买了一张地图",True,False,True,0,,在火车站候车时，我先查了时刻表，然后去书报亭买了一张地图。,"在火车站候车时,我先查了时刻表,然后去书报亭买了一张地图",False
T0337,SVO_有语境_200,有语境,SVO-preferred,2,叙述经历和日程,19,SVO-NS-019,SVO-CTX-NS-019,1,BA,non-preferred,回到家后，他先放下书包，脱了外套，然后去厨房,把那碗面条煮了,回到家后，他先放下书包，脱了外套，然后去厨房把那碗面条煮了。,回到家后，他先放下书包，脱了外套，然后去厨房,他去厨房,,336,回到家后，他先放下书包，脱了外套，然后去厨房把那碗面条煮了。,True,False,True,False,"回到家后,他先放下书包,脱了外套,然后去厨房把那碗面条煮了。",,,"回到家后,他先放下书包,脱了外套,然后去厨房把那碗面条煮了","回到家后,他先放下书包,脱了外套,然后去厨房把那碗面条煮了",True,False,True,0,,回到家后，他先放下书包，脱了外套，然后去厨房煮了一碗面条。,"回到家后,他先放下书包,脱了外套,然后去厨房煮了一碗面条",False
T0338,SVO_有语境_200,有语境,SVO-preferred,2,叙述经历和日程,19,SVO-NS-019,SVO-CTX-NS-019,2,SVO,preferred,回到家后，他先放下书包，脱了外套，然后去厨房,煮了一碗面条,回到家后，他先放下书包，脱了外套，然后去厨房煮了一碗面条。,回到家后，他先放下书包，脱了外套，然后去厨房,他去厨房,,337,回到家后，他先放下书包，脱了外套，然后去厨房煮了一碗面条。,True,False,False,True,"回到家后,他先放下书包,脱了外套,然后去厨房煮了一碗面条。",,,"回到家后,他先放下书包,脱了外套,然后去厨房煮了一碗面条","回到家后,他先放下书包,脱了外套,然后去厨房煮了一碗面条",True,False,True,0,,回到家后，他先放下书包，脱了外套，然后去厨房煮了一碗面条。,"回到家后,他先放下书包,脱了外套,然后去厨房煮了一碗面条",False
T0339,SVO_有语境_200,有语境,SVO-preferred,2,叙述经历和日程,20,SVO-NS-020,SVO-CTX-NS-020,1,BA,non-preferred,准备开会前，我先打印了材料，然后去休息间,把那壶热茶泡了,准备开会前，我先打印了材料，然后去休息间把那壶热茶泡了。,准备开会前，我先打印了材料，然后去休息间,我去休息间,,338,准备开会前，我先打印了材料，然后去休息间把那壶热茶泡了。,True,False,True,False,"准备开会前,我先打印了材料,然后去休息间把那壶热茶泡了。",,,"准备开会前,我先打印了材料,然后去休息间把那壶热茶泡了","准备开会前,我先打印了材料,然后去休息间把那壶热茶泡了",True,False,True,0,,准备开会前，我先打印了材料，然后去休息间泡了一壶热茶。,"准备开会前,我先打印了材料,然后去休息间泡了一壶热茶",False
T0340,SVO_有语境_200,有语境,SVO-preferred,2,叙述经历和日程,20,SVO-NS-020,SVO-CTX-NS-020,2,SVO,preferred,准备开会前，我先打印了材料，然后去休息间,泡了一壶热茶,准备开会前，我先打印了材料，然后去休息间泡了一壶热茶。,准备开会前，我先打印了材料，然后去休息间,我去休息间,,339,准备开会前，我先打印了材料，然后去休息间泡了一壶热茶。,True,False,False,True,"准备开会前,我先打印了材料,然后去休息间泡了一壶热茶。",,,"准备开会前,我先打印了材料,然后去休息间泡了一壶热茶","准备开会前,我先打印了材料,然后去休息间泡了一壶热茶",True,False,True,0,,准备开会前，我先打印了材料，然后去休息间泡了一壶热茶。,"准备开会前,我先打印了材料,然后去休息间泡了一壶热茶",False
T0341,SVO_有语境_200,有语境,SVO-preferred,2,叙述经历和日程,21,SVO-NS-021,SVO-CTX-NS-021,1,BA,non-preferred,回到家后，我先洗了手，然后去厨房,把那个西瓜切了,回到家后，我先洗了手，然后去厨房把那个西瓜切了。,回到家后，我先洗了手，然后去厨房,我去厨房,,340,回到家后，我先洗了手，然后去厨房把那个西瓜切了。,True,False,True,False,"回到家后,我先洗了手,然后去厨房把那个西瓜切了。",,,"回到家后,我先洗了手,然后去厨房把那个西瓜切了","回到家后,我先洗了手,然后去厨房把那个西瓜切了",True,False,True,0,,回到家后，我先洗了手，然后去厨房切了一个西瓜。,"回到家后,我先洗了手,然后去厨房切了一个西瓜",False
T0342,SVO_有语境_200,有语境,SVO-preferred,2,叙述经历和日程,21,SVO-NS-021,SVO-CTX-NS-021,2,SVO,preferred,回到家后，我先洗了手，然后去厨房,切了一个西瓜,回到家后，我先洗了手，然后去厨房切了一个西瓜。,回到家后，我先洗了手，然后去厨房,我去厨房,,341,回到家后，我先洗了手，然后去厨房切了一个西瓜。,True,False,False,True,"回到家后,我先洗了手,然后去厨房切了一个西瓜。",,,"回到家后,我先洗了手,然后去厨房切了一个西瓜","回到家后,我先洗了手,然后去厨房切了一个西瓜",True,False,True,0,,回到家后，我先洗了手，然后去厨房切了一个西瓜。,"回到家后,我先洗了手,然后去厨房切了一个西瓜",False
T0343,SVO_有语境_200,有语境,SVO-preferred,2,叙述经历和日程,22,SVO-NS-022,SVO-CTX-NS-022,1,BA,non-preferred,昨天去参观博物馆，我们先听了导游的讲解，最后在门口的纪念品店,把那张明信片买了,昨天去参观博物馆，我们先听了导游的讲解，最后在门口的纪念品店把那张明信片买了。,昨天去参观博物馆，我们先听了导游的讲解，最后在门口的纪念品店,我们在门口的纪念品店,,342,昨天去参观博物馆，我们先听了导游的讲解，最后在门口的纪念品店把那张明信片买了。,True,False,True,False,"昨天去参观博物馆,我们先听了导游的讲解,最后在门口的纪念品店把那张明信片买了。",,,"昨天去参观博物馆,我们先听了导游的讲解,最后在门口的纪念品店把那张明信片买了","昨天去参观博物馆,我们先听了导游的讲解,最后在门口的纪念品店把那张明信片买了",True,False,True,0,,昨天去参观博物馆，我们先听了导游的讲解，最后在门口的纪念品店买了一张明信片。,"昨天去参观博物馆,我们先听了导游的讲解,最后在门口的纪念品店买了一张明信片",False
T0344,SVO_有语境_200,有语境,SVO-preferred,2,叙述经历和日程,22,SVO-NS-022,SVO-CTX-NS-022,2,SVO,preferred,昨天去参观博物馆，我们先听了导游的讲解，最后在门口的纪念品店,买了一张明信片,昨天去参观博物馆，我们先听了导游的讲解，最后在门口的纪念品店买了一张明信片。,昨天去参观博物馆，我们先听了导游的讲解，最后在门口的纪念品店,我们在门口的纪念品店,,343,昨天去参观博物馆，我们先听了导游的讲解，最后在门口的纪念品店买了一张明信片。,True,False,False,True,"昨天去参观博物馆,我们先听了导游的讲解,最后在门口的纪念品店买了一张明信片。",,,"昨天去参观博物馆,我们先听了导游的讲解,最后在门口的纪念品店买了一张明信片","昨天去参观博物馆,我们先听了导游的讲解,最后在门口的纪念品店买了一张明信片",True,False,True,0,,昨天去参观博物馆，我们先听了导游的讲解，最后在门口的纪念品店买了一张明信片。,"昨天去参观博物馆,我们先听了导游的讲解,最后在门口的纪念品店买了一张明信片",False
T0345,SVO_有语境_200,有语境,SVO-preferred,2,叙述经历和日程,23,SVO-NS-023,SVO-CTX-NS-023,1,BA,non-preferred,昨天我去医院看病，医生先问了情况，然后给我,把那些药开了,昨天我去医院看病，医生先问了情况，然后给我把那些药开了。,昨天我去医院看病，医生先问了情况，然后给我,医生给我,,344,昨天我去医院看病，医生先问了情况，然后给我把那些药开了。,True,False,True,False,"昨天我去医院看病,医生先问了情况,然后给我把那些药开了。",,,"昨天我去医院看病,医生先问了情况,然后给我把那些药开了","昨天我去医院看病,医生先问了情况,然后给我把那些药开了",True,False,True,0,,昨天我去医院看病，医生先问了情况，然后给我开了一些药。,"昨天我去医院看病,医生先问了情况,然后给我开了一些药",False
T0346,SVO_有语境_200,有语境,SVO-preferred,2,叙述经历和日程,23,SVO-NS-023,SVO-CTX-NS-023,2,SVO,preferred,昨天我去医院看病，医生先问了情况，然后给我,开了一些药,昨天我去医院看病，医生先问了情况，然后给我开了一些药。,昨天我去医院看病，医生先问了情况，然后给我,医生给我,,345,昨天我去医院看病，医生先问了情况，然后给我开了一些药。,True,False,False,True,"昨天我去医院看病,医生先问了情况,然后给我开了一些药。",,,"昨天我去医院看病,医生先问了情况,然后给我开了一些药","昨天我去医院看病,医生先问了情况,然后给我开了一些药",True,False,True,0,,昨天我去医院看病，医生先问了情况，然后给我开了一些药。,"昨天我去医院看病,医生先问了情况,然后给我开了一些药",False
T0347,SVO_有语境_200,有语境,SVO-preferred,2,叙述经历和日程,24,SVO-NS-024,SVO-CTX-NS-024,1,BA,non-preferred,他今天起得很早，洗漱完以后走到阳台，看着外面的风景安静地,把那杯温水喝了,他今天起得很早，洗漱完以后走到阳台，看着外面的风景安静地把那杯温水喝了。,他今天起得很早，洗漱完以后走到阳台，看着外面的风景安静地,他安静地,,346,他今天起得很早，洗漱完以后走到阳台，看着外面的风景安静地把那杯温水喝了。,True,False,True,False,"他今天起得很早,洗澡完以后走到阳台,看着外面的风景安静地把那杯温水喝了。",,,"他今天起得很早,洗漱完以后走到阳台,看着外面的风景安静地把那杯温水喝了","他今天起得很早,洗澡完以后走到阳台,看着外面的风景安静地把那杯温水喝了",True,True,False,1,replace:漱->澡@9:10,他今天起得很早，洗漱完以后走到阳台，看着外面的风景安静地喝了一杯温水。,"他今天起得很早,洗漱完以后走到阳台,看着外面的风景安静地喝了一杯温水",False
T0348,SVO_有语境_200,有语境,SVO-preferred,2,叙述经历和日程,24,SVO-NS-024,SVO-CTX-NS-024,2,SVO,preferred,他今天起得很早，洗漱完以后走到阳台，看着外面的风景安静地,喝了一杯温水,他今天起得很早，洗漱完以后走到阳台，看着外面的风景安静地喝了一杯温水。,他今天起得很早，洗漱完以后走到阳台，看着外面的风景安静地,他安静地,,347,他今天起得很早，洗漱完以后走到阳台，看着外面的风景安静地喝了一杯温水。,True,False,False,True,"他今天起得很早,洗澡完以后走到阳台,看着外面的风景安静地喝了一杯温水。",,,"他今天起得很早,洗漱完以后走到阳台,看着外面的风景安静地喝了一杯温水","他今天起得很早,洗澡完以后走到阳台,看着外面的风景安静地喝了一杯温水",True,True,False,1,replace:漱->澡@9:10,他今天起得很早，洗漱完以后走到阳台，看着外面的风景安静地喝了一杯温水。,"他今天起得很早,洗漱完以后走到阳台,看着外面的风景安静地喝了一杯温水",False
T0349,SVO_有语境_200,有语境,SVO-preferred,2,叙述经历和日程,25,SVO-NS-025,SVO-CTX-NS-025,1,BA,non-preferred,到了火车站，我们先取了票，然后去候车室,把那个座位找到了,到了火车站，我们先取了票，然后去候车室把那个座位找到了。,到了火车站，我们先取了票，然后去候车室,我们去候车室,,348,到了火车站，我们先取了票，然后去候车室把那个座位找到了。,True,False,True,False,"到了火车站,我们先取了票,然后去候车室把那个座位找到了。",,,"到了火车站,我们先取了票,然后去候车室把那个座位找到了","到了火车站,我们先取了票,然后去候车室把那个座位找到了",True,False,True,0,,到了火车站，我们先取了票，然后去候车室找到了一个座位。,"到了火车站,我们先取了票,然后去候车室找到了一个座位",False
T0350,SVO_有语境_200,有语境,SVO-preferred,2,叙述经历和日程,25,SVO-NS-025,SVO-CTX-NS-025,2,SVO,preferred,到了火车站，我们先取了票，然后去候车室,找到了一个座位,到了火车站，我们先取了票，然后去候车室找到了一个座位。,到了火车站，我们先取了票，然后去候车室,我们去候车室,,349,到了火车站，我们先取了票，然后去候车室找到了一个座位。,True,False,False,True,"到了火车站,我们先取了票,然后去候车室找到了一个座位。",,,"到了火车站,我们先取了票,然后去候车室找到了一个座位","到了火车站,我们先取了票,然后去候车室找到了一个座位",True,False,True,0,,到了火车站，我们先取了票，然后去候车室找到了一个座位。,"到了火车站,我们先取了票,然后去候车室找到了一个座位",False
T0351,SVO_有语境_200,有语境,SVO-preferred,2,叙述经历和日程,26,SVO-NS-026,SVO-CTX-NS-026,1,BA,non-preferred,会议开始前，秘书先给大家发了材料，然后走到台前,把那台投影仪打开了,会议开始前，秘书先给大家发了材料，然后走到台前把那台投影仪打开了。,会议开始前，秘书先给大家发了材料，然后走到台前,秘书走到台前,,350,会议开始前，秘书先给大家发了材料，然后走到台前把那台投影仪打开了。,True,False,True,False,"会议开始前,秘书先给大家发了材料,然后走到台前把那台投影仪打开了。",,,"会议开始前,秘书先给大家发了材料,然后走到台前把那台投影仪打开了","会议开始前,秘书先给大家发了材料,然后走到台前把那台投影仪打开了",True,False,True,0,,会议开始前，秘书先给大家发了材料，然后走到台前打开了投影仪。,"会议开始前,秘书先给大家发了材料,然后走到台前打开了投影仪",False
T0352,SVO_有语境_200,有语境,SVO-preferred,2,叙述经历和日程,26,SVO-NS-026,SVO-CTX-NS-026,2,SVO,preferred,会议开始前，秘书先给大家发了材料，然后走到台前,打开了投影仪,会议开始前，秘书先给大家发了材料，然后走到台前打开了投影仪。,会议开始前，秘书先给大家发了材料，然后走到台前,秘书走到台前,,351,会议开始前，秘书先给大家发了材料，然后走到台前打开了投影仪。,True,False,False,True,"会议开始前,秘书先给大家发了材料,然后走到台前打开了投影仪。",,,"会议开始前,秘书先给大家发了材料,然后走到台前打开了投影仪","会议开始前,秘书先给大家发了材料,然后走到台前打开了投影仪",True,False,True,0,,会议开始前，秘书先给大家发了材料，然后走到台前打开了投影仪。,"会议开始前,秘书先给大家发了材料,然后走到台前打开了投影仪",False
T0353,SVO_有语境_200,有语境,SVO-preferred,2,叙述经历和日程,27,SVO-NS-027,SVO-CTX-NS-027,1,BA,non-preferred,上车以后，他先系好了安全带，然后慢慢地,把汽车发动了,上车以后，他先系好了安全带，然后慢慢地把汽车发动了。,上车以后，他先系好了安全带，然后慢慢地,他慢慢地,,352,上车以后，他先系好了安全带，然后慢慢地把汽车发动了。,True,False,True,False,"上车以后,他先系好了安全带,然后慢慢地把汽车发动了。",,,"上车以后,他先系好了安全带,然后慢慢地把汽车发动了","上车以后,他先系好了安全带,然后慢慢地把汽车发动了",True,False,True,0,,上车以后，他先系好了安全带，然后慢慢地发动了汽车。,"上车以后,他先系好了安全带,然后慢慢地发动了汽车",False
T0354,SVO_有语境_200,有语境,SVO-preferred,2,叙述经历和日程,27,SVO-NS-027,SVO-CTX-NS-027,2,SVO,preferred,上车以后，他先系好了安全带，然后慢慢地,发动了汽车,上车以后，他先系好了安全带，然后慢慢地发动了汽车。,上车以后，他先系好了安全带，然后慢慢地,他慢慢地,,353,上车以后，他先系好了安全带，然后慢慢地发动了汽车。,True,False,False,True,"上车以后,他先系好了安全带,然后慢慢地发动了汽车。",,,"上车以后,他先系好了安全带,然后慢慢地发动了汽车","上车以后,他先系好了安全带,然后慢慢地发动了汽车",True,False,True,0,,上车以后，他先系好了安全带，然后慢慢地发动了汽车。,"上车以后,他先系好了安全带,然后慢慢地发动了汽车",False
T0355,SVO_有语境_200,有语境,SVO-preferred,2,叙述经历和日程,28,SVO-NS-028,SVO-CTX-NS-028,1,BA,non-preferred,经理上午到了公司，先给自己倒了水，然后坐下来打开电脑,把那份文件看了,经理上午到了公司，先给自己倒了水，然后坐下来打开电脑把那份文件看了。,经理上午到了公司，先给自己倒了水，然后坐下来打开电脑,经理坐下来打开电脑,,354,经理上午到了公司，先给自己倒了水，然后坐下来打开电脑把那份文件看了。,True,False,True,False,"经理上午到了公司,先给自己倒了水,然后坐下来打开电脑把那份文件看了。",,,"经理上午到了公司,先给自己倒了水,然后坐下来打开电脑把那份文件看了","经理上午到了公司,先给自己倒了水,然后坐下来打开电脑把那份文件看了",True,False,True,0,,经理上午到了公司，先给自己倒了水，然后坐下来打开电脑看了一份文件。,"经理上午到了公司,先给自己倒了水,然后坐下来打开电脑看了一份文件",False
T0356,SVO_有语境_200,有语境,SVO-preferred,2,叙述经历和日程,28,SVO-NS-028,SVO-CTX-NS-028,2,SVO,preferred,经理上午到了公司，先给自己倒了水，然后坐下来打开电脑,看了一份文件,经理上午到了公司，先给自己倒了水，然后坐下来打开电脑看了一份文件。,经理上午到了公司，先给自己倒了水，然后坐下来打开电脑,经理坐下来打开电脑,,355,经理上午到了公司，先给自己倒了水，然后坐下来打开电脑看了一份文件。,True,False,False,True,"经理上午到了公司,先给自己倒了水,然后坐下来打开电脑看了一份文件。",,,"经理上午到了公司,先给自己倒了水,然后坐下来打开电脑看了一份文件","经理上午到了公司,先给自己倒了水,然后坐下来打开电脑看了一份文件",True,False,True,0,,经理上午到了公司，先给自己倒了水，然后坐下来打开电脑看了一份文件。,"经理上午到了公司,先给自己倒了水,然后坐下来打开电脑看了一份文件",False
T0357,SVO_有语境_200,有语境,SVO-preferred,2,叙述经历和日程,29,SVO-NS-029,SVO-CTX-NS-029,1,BA,non-preferred,下午的汉语课结束以后，我去了一趟图书馆，在三楼,把那两本小说借了,下午的汉语课结束以后，我去了一趟图书馆，在三楼把那两本小说借了。,下午的汉语课结束以后，我去了一趟图书馆，在三楼,我在三楼,,356,下午的汉语课结束以后，我去了一趟图书馆，在三楼把那两本小说借了。,True,False,True,False,"下午的汉语课结束以后,我去了一趟图书馆,在三楼把那两本小说借了。",,,"下午的汉语课结束以后,我去了一趟图书馆,在三楼把那两本小说借了","下午的汉语课结束以后,我去了一趟图书馆,在三楼把那两本小说借了",True,False,True,0,,下午的汉语课结束以后，我去了一趟图书馆，在三楼借了两本小说。,"下午的汉语课结束以后,我去了一趟图书馆,在三楼借了两本小说",False
T0358,SVO_有语境_200,有语境,SVO-preferred,2,叙述经历和日程,29,SVO-NS-029,SVO-CTX-NS-029,2,SVO,preferred,下午的汉语课结束以后，我去了一趟图书馆，在三楼,借了两本小说,下午的汉语课结束以后，我去了一趟图书馆，在三楼借了两本小说。,下午的汉语课结束以后，我去了一趟图书馆，在三楼,我在三楼,,357,下午的汉语课结束以后，我去了一趟图书馆，在三楼借了两本小说。,True,False,False,True,"下午的汉语课结束以后,我去了一趟图书馆,在三楼借了两本小说。",,,"下午的汉语课结束以后,我去了一趟图书馆,在三楼借了两本小说","下午的汉语课结束以后,我去了一趟图书馆,在三楼借了两本小说",True,False,True,0,,下午的汉语课结束以后，我去了一趟图书馆，在三楼借了两本小说。,"下午的汉语课结束以后,我去了一趟图书馆,在三楼借了两本小说",False
T0359,SVO_有语境_200,有语境,SVO-preferred,2,叙述经历和日程,30,SVO-NS-030,SVO-CTX-NS-030,1,BA,non-preferred,下了飞机，我们先取了行李，然后在停车场,把我的车开走了,下了飞机，我们先取了行李，然后在停车场把我的车开走了。,下了飞机，我们先取了行李，然后在停车场,我们在停车场,,358,下了飞机，我们先取了行李，然后在停车场把我的车开走了。,True,False,True,False,"下了飞机,我们先取了行李,然后在停车场把我的车开走了。",,,"下了飞机,我们先取了行李,然后在停车场把我的车开走了","下了飞机,我们先取了行李,然后在停车场把我的车开走了",True,False,True,0,,下了飞机，我们先取了行李，然后在停车场开走了我的车。,"下了飞机,我们先取了行李,然后在停车场开走了我的车",False
T0360,SVO_有语境_200,有语境,SVO-preferred,2,叙述经历和日程,30,SVO-NS-030,SVO-CTX-NS-030,2,SVO,preferred,下了飞机，我们先取了行李，然后在停车场,开走了我的车,下了飞机，我们先取了行李，然后在停车场开走了我的车。,下了飞机，我们先取了行李，然后在停车场,我们在停车场,,359,下了飞机，我们先取了行李，然后在停车场开走了我的车。,True,False,False,True,"下了飞机,我们先取了行李,然后在停车场开走了我的车。",,,"下了飞机,我们先取了行李,然后在停车场开走了我的车","下了飞机,我们先取了行李,然后在停车场开走了我的车",True,False,True,0,,下了飞机，我们先取了行李，然后在停车场开走了我的车。,"下了飞机,我们先取了行李,然后在停车场开走了我的车",False
T0361,SVO_有语境_200,有语境,SVO-preferred,2,叙述经历和日程,31,SVO-NS-031,SVO-CTX-NS-031,1,BA,non-preferred,进门后，他先脱了鞋，然后把包放下，又给自己,把那杯热水接好了,进门后，他先脱了鞋，然后把包放下，又给自己把那杯热水接好了。,进门后，他先脱了鞋，然后把包放下，又给自己,他又给自己,,360,进门后，他先脱了鞋，然后把包放下，又给自己把那杯热水接好了。,True,False,True,False,"进门后,他先脱了鞋,然后把包放下,又给自己把那杯热水接好了。",,,"进门后,他先脱了鞋,然后把包放下,又给自己把那杯热水接好了","进门后,他先脱了鞋,然后把包放下,又给自己把那杯热水接好了",True,False,True,0,,进门后，他先脱了鞋，然后把包放下，又给自己接好了一杯热水。,"进门后,他先脱了鞋,然后把包放下,又给自己接好了一杯热水",False
T0362,SVO_有语境_200,有语境,SVO-preferred,2,叙述经历和日程,31,SVO-NS-031,SVO-CTX-NS-031,2,SVO,preferred,进门后，他先脱了鞋，然后把包放下，又给自己,接好了一杯热水,进门后，他先脱了鞋，然后把包放下，又给自己接好了一杯热水。,进门后，他先脱了鞋，然后把包放下，又给自己,他又给自己,,361,进门后，他先脱了鞋，然后把包放下，又给自己接好了一杯热水。,True,False,False,True,"进门后,他先脱了鞋,然后把包放下,又给自己接好了一杯热水。",,,"进门后,他先脱了鞋,然后把包放下,又给自己接好了一杯热水","进门后,他先脱了鞋,然后把包放下,又给自己接好了一杯热水",True,False,True,0,,进门后，他先脱了鞋，然后把包放下，又给自己接好了一杯热水。,"进门后,他先脱了鞋,然后把包放下,又给自己接好了一杯热水",False
T0363,SVO_有语境_200,有语境,SVO-preferred,2,叙述经历和日程,32,SVO-NS-032,SVO-CTX-NS-032,1,BA,non-preferred,我们先去了博物馆，然后去了公园，最后在街角,把那杯奶茶喝了,我们先去了博物馆，然后去了公园，最后在街角把那杯奶茶喝了。,我们先去了博物馆，然后去了公园，最后在街角,我们在街角,,362,我们先去了博物馆，然后去了公园，最后在街角把那杯奶茶喝了。,True,False,True,False,"我们先去了博物馆,然后去了公园,最后在街角把那杯奶茶喝了。",,,"我们先去了博物馆,然后去了公园,最后在街角把那杯奶茶喝了","我们先去了博物馆,然后去了公园,最后在街角把那杯奶茶喝了",True,False,True,0,,我们先去了博物馆，然后去了公园，最后在街角喝了一杯奶茶。,"我们先去了博物馆,然后去了公园,最后在街角喝了一杯奶茶",False
T0364,SVO_有语境_200,有语境,SVO-preferred,2,叙述经历和日程,32,SVO-NS-032,SVO-CTX-NS-032,2,SVO,preferred,我们先去了博物馆，然后去了公园，最后在街角,喝了一杯奶茶,我们先去了博物馆，然后去了公园，最后在街角喝了一杯奶茶。,我们先去了博物馆，然后去了公园，最后在街角,我们在街角,,363,我们先去了博物馆，然后去了公园，最后在街角喝了一杯奶茶。,True,False,False,True,"我们先去了博物馆,然后去了公园,最后在街角喝了一杯奶茶。",,,"我们先去了博物馆,然后去了公园,最后在街角喝了一杯奶茶","我们先去了博物馆,然后去了公园,最后在街角喝了一杯奶茶",True,False,True,0,,我们先去了博物馆，然后去了公园，最后在街角喝了一杯奶茶。,"我们先去了博物馆,然后去了公园,最后在街角喝了一杯奶茶",False
T0365,SVO_有语境_200,有语境,SVO-preferred,2,叙述经历和日程,33,SVO-NS-033,SVO-CTX-NS-033,1,BA,non-preferred,老师走进教室，把书本放在讲台上，然后转身在黑板上,把那个生词写了,老师走进教室，把书本放在讲台上，然后转身在黑板上把那个生词写了。,老师走进教室，把书本放在讲台上，然后转身在黑板上,老师转身在黑板上,,364,老师走进教室，把书本放在讲台上，然后转身在黑板上把那个生词写了。,True,False,True,False,"老师走进教室,把书本放在讲台上,然后转身在黑板上把那个生词写了。",,,"老师走进教室,把书本放在讲台上,然后转身在黑板上把那个生词写了","老师走进教室,把书本放在讲台上,然后转身在黑板上把那个生词写了",True,False,True,0,,老师走进教室，把书本放在讲台上，然后转身在黑板上写了一个生词。,"老师走进教室,把书本放在讲台上,然后转身在黑板上写了一个生词",False
T0366,SVO_有语境_200,有语境,SVO-preferred,2,叙述经历和日程,33,SVO-NS-033,SVO-CTX-NS-033,2,SVO,preferred,老师走进教室，把书本放在讲台上，然后转身在黑板上,写了一个生词,老师走进教室，把书本放在讲台上，然后转身在黑板上写了一个生词。,老师走进教室，把书本放在讲台上，然后转身在黑板上,老师转身在黑板上,,365,老师走进教室，把书本放在讲台上，然后转身在黑板上写了一个生词。,True,False,False,True,"老师走进教室,把书本放在讲台上,然后转身在黑板上写了一个生词。",,,"老师走进教室,把书本放在讲台上,然后转身在黑板上写了一个生词","老师走进教室,把书本放在讲台上,然后转身在黑板上写了一个生词",True,False,True,0,,老师走进教室，把书本放在讲台上，然后转身在黑板上写了一个生词。,"老师走进教室,把书本放在讲台上,然后转身在黑板上写了一个生词",False
T0367,SVO_有语境_200,有语境,SVO-preferred,2,叙述经历和日程,34,SVO-NS-034,SVO-CTX-NS-034,1,BA,non-preferred,晚饭做好了，大家先去洗了手，然后在客厅里一边聊天一边,把水果吃了,晚饭做好了，大家先去洗了手，然后在客厅里一边聊天一边把水果吃了。,晚饭做好了，大家先去洗了手，然后在客厅里一边聊天一边,大家在客厅里一边聊天一边,,366,晚饭做好了，大家先去洗了手，然后在客厅里一边聊天一边把水果吃了。,True,False,True,False,"晚饭做好了,大家先去洗了手,然后在客厅里一边聊天一边把水果吃了。",,,"晚饭做好了,大家先去洗了手,然后在客厅里一边聊天一边把水果吃了","晚饭做好了,大家先去洗了手,然后在客厅里一边聊天一边把水果吃了",True,False,True,0,,晚饭做好了，大家先去洗了手，然后在客厅里一边聊天一边吃水果。,"晚饭做好了,大家先去洗了手,然后在客厅里一边聊天一边吃水果",False
T0368,SVO_有语境_200,有语境,SVO-preferred,2,叙述经历和日程,34,SVO-NS-034,SVO-CTX-NS-034,2,SVO,preferred,晚饭做好了，大家先去洗了手，然后在客厅里一边聊天一边,吃水果,晚饭做好了，大家先去洗了手，然后在客厅里一边聊天一边吃水果。,晚饭做好了，大家先去洗了手，然后在客厅里一边聊天一边,大家在客厅里一边聊天一边,,367,晚饭做好了，大家先去洗了手，然后在客厅里一边聊天一边吃水果。,True,False,False,True,"晚饭做好了,大家先去洗了手,然后在客厅里一边聊天一边吃水果。",,,"晚饭做好了,大家先去洗了手,然后在客厅里一边聊天一边吃水果","晚饭做好了,大家先去洗了手,然后在客厅里一边聊天一边吃水果",True,False,True,0,,晚饭做好了，大家先去洗了手，然后在客厅里一边聊天一边吃水果。,"晚饭做好了,大家先去洗了手,然后在客厅里一边聊天一边吃水果",False
T0369,SVO_有语境_200,有语境,SVO-preferred,2,叙述经历和日程,35,SVO-NS-035,SVO-CTX-NS-035,1,BA,non-preferred,他打开电脑，输入了密码，然后点开浏览器,把那条新闻看了,他打开电脑，输入了密码，然后点开浏览器把那条新闻看了。,他打开电脑，输入了密码，然后点开浏览器,他点开浏览器,,368,他打开电脑，输入了密码，然后点开浏览器把那条新闻看了。,True,False,True,False,"他打开电脑,输入了密码,然后点开浏览器把那条新闻看了。",,,"他打开电脑,输入了密码,然后点开浏览器把那条新闻看了","他打开电脑,输入了密码,然后点开浏览器把那条新闻看了",True,False,True,0,,他打开电脑，输入了密码，然后点开浏览器看了一条新闻。,"他打开电脑,输入了密码,然后点开浏览器看了一条新闻",False
T0370,SVO_有语境_200,有语境,SVO-preferred,2,叙述经历和日程,35,SVO-NS-035,SVO-CTX-NS-035,2,SVO,preferred,他打开电脑，输入了密码，然后点开浏览器,看了一条新闻,他打开电脑，输入了密码，然后点开浏览器看了一条新闻。,他打开电脑，输入了密码，然后点开浏览器,他点开浏览器,,369,他打开电脑，输入了密码，然后点开浏览器看了一条新闻。,True,False,False,True,"他打开电脑,输入了密码,然后点开浏览器看了一条新闻。",,,"他打开电脑,输入了密码,然后点开浏览器看了一条新闻","他打开电脑,输入了密码,然后点开浏览器看了一条新闻",True,False,True,0,,他打开电脑，输入了密码，然后点开浏览器看了一条新闻。,"他打开电脑,输入了密码,然后点开浏览器看了一条新闻",False
T0371,SVO_有语境_200,有语境,SVO-preferred,2,叙述经历和日程,36,SVO-NS-036,SVO-CTX-NS-036,1,BA,non-preferred,周末我们在家里大扫除，先擦了窗户，洗了衣服，然后下楼,把那两袋垃圾扔了,周末我们在家里大扫除，先擦了窗户，洗了衣服，然后下楼把那两袋垃圾扔了。,周末我们在家里大扫除，先擦了窗户，洗了衣服，然后下楼,我们下楼,,370,周末我们在家里大扫除，先擦了窗户，洗了衣服，然后下楼把那两袋垃圾扔了。,True,False,True,False,"周末我们在家里大扫除,先擦了窗户,洗了衣服,然后下楼把那两袋垃圾扔了。",,,"周末我们在家里大扫除,先擦了窗户,洗了衣服,然后下楼把那两袋垃圾扔了","周末我们在家里大扫除,先擦了窗户,洗了衣服,然后下楼把那两袋垃圾扔了",True,False,True,0,,周末我们在家里大扫除，先擦了窗户，洗了衣服，然后下楼扔了两袋垃圾。,"周末我们在家里大扫除,先擦了窗户,洗了衣服,然后下楼扔了两袋垃圾",False
T0372,SVO_有语境_200,有语境,SVO-preferred,2,叙述经历和日程,36,SVO-NS-036,SVO-CTX-NS-036,2,SVO,preferred,周末我们在家里大扫除，先擦了窗户，洗了衣服，然后下楼,扔了两袋垃圾,周末我们在家里大扫除，先擦了窗户，洗了衣服，然后下楼扔了两袋垃圾。,周末我们在家里大扫除，先擦了窗户，洗了衣服，然后下楼,我们下楼,,371,周末我们在家里大扫除，先擦了窗户，洗了衣服，然后下楼扔了两袋垃圾。,True,False,False,True,"周末我们在家里大扫除,先擦了窗户,洗了衣服,然后下楼扔了两袋垃圾。",,,"周末我们在家里大扫除,先擦了窗户,洗了衣服,然后下楼扔了两袋垃圾","周末我们在家里大扫除,先擦了窗户,洗了衣服,然后下楼扔了两袋垃圾",True,False,True,0,,周末我们在家里大扫除，先擦了窗户，洗了衣服，然后下楼扔了两袋垃圾。,"周末我们在家里大扫除,先擦了窗户,洗了衣服,然后下楼扔了两袋垃圾",False
T0373,SVO_有语境_200,有语境,SVO-preferred,2,叙述经历和日程,37,SVO-NS-037,SVO-CTX-NS-037,1,BA,non-preferred,昨天我去菜市场，买了青菜，买了豆腐，最后为了招待客人还,把那条鱼买了,昨天我去菜市场，买了青菜，买了豆腐，最后为了招待客人还把那条鱼买了。,昨天我去菜市场，买了青菜，买了豆腐，最后为了招待客人还,我为了招待客人还,,372,昨天我去菜市场，买了青菜，买了豆腐，最后为了招待客人还把那条鱼买了。,True,False,True,False,"昨天我去菜市场,买了青菜,买了豆腐,最后为了招待客人还把那条鱼买了。",,,"昨天我去菜市场,买了青菜,买了豆腐,最后为了招待客人还把那条鱼买了","昨天我去菜市场,买了青菜,买了豆腐,最后为了招待客人还把那条鱼买了",True,False,True,0,,昨天我去菜市场，买了青菜，买了豆腐，最后为了招待客人还买了一条鱼。,"昨天我去菜市场,买了青菜,买了豆腐,最后为了招待客人还买了一条鱼",False
T0374,SVO_有语境_200,有语境,SVO-preferred,2,叙述经历和日程,37,SVO-NS-037,SVO-CTX-NS-037,2,SVO,preferred,昨天我去菜市场，买了青菜，买了豆腐，最后为了招待客人还,买了一条鱼,昨天我去菜市场，买了青菜，买了豆腐，最后为了招待客人还买了一条鱼。,昨天我去菜市场，买了青菜，买了豆腐，最后为了招待客人还,我为了招待客人还,,373,昨天我去菜市场，买了青菜，买了豆腐，最后为了招待客人还买了一条鱼。,True,False,False,True,"昨天我去菜市场,买了青菜,买了豆腐,最后为了招待客人还买了一条鱼。",,,"昨天我去菜市场,买了青菜,买了豆腐,最后为了招待客人还买了一条鱼","昨天我去菜市场,买了青菜,买了豆腐,最后为了招待客人还买了一条鱼",True,False,True,0,,昨天我去菜市场，买了青菜，买了豆腐，最后为了招待客人还买了一条鱼。,"昨天我去菜市场,买了青菜,买了豆腐,最后为了招待客人还买了一条鱼",False
T0375,SVO_有语境_200,有语境,SVO-preferred,2,叙述经历和日程,38,SVO-NS-038,SVO-CTX-NS-038,1,BA,non-preferred,到了银行，他先拿了号，然后在休息区的沙发上,把那本杂志看了,到了银行，他先拿了号，然后在休息区的沙发上把那本杂志看了。,到了银行，他先拿了号，然后在休息区的沙发上,他在休息区的沙发上,,374,到了银行，他先拿了号，然后在休息区的沙发上把那本杂志看了。,True,False,True,False,"到了银行,他先拿了号,然后在休息区的沙发上把那本杂志看了。",,,"到了银行,他先拿了号,然后在休息区的沙发上把那本杂志看了","到了银行,他先拿了号,然后在休息区的沙发上把那本杂志看了",True,False,True,0,,到了银行，他先拿了号，然后在休息区的沙发上看了一本杂志。,"到了银行,他先拿了号,然后在休息区的沙发上看了一本杂志",False
T0376,SVO_有语境_200,有语境,SVO-preferred,2,叙述经历和日程,38,SVO-NS-038,SVO-CTX-NS-038,2,SVO,preferred,到了银行，他先拿了号，然后在休息区的沙发上,看了一本杂志,到了银行，他先拿了号，然后在休息区的沙发上看了一本杂志。,到了银行，他先拿了号，然后在休息区的沙发上,他在休息区的沙发上,,375,到了银行，他先拿了号，然后在休息区的沙发上看了一本杂志。,True,False,False,True,"到了银行,他先拿了号,然后在休息区的沙发上看了一本杂志。",,,"到了银行,他先拿了号,然后在休息区的沙发上看了一本杂志","到了银行,他先拿了号,然后在休息区的沙发上看了一本杂志",True,False,True,0,,到了银行，他先拿了号，然后在休息区的沙发上看了一本杂志。,"到了银行,他先拿了号,然后在休息区的沙发上看了一本杂志",False
T0377,SVO_有语境_200,有语境,SVO-preferred,2,叙述经历和日程,39,SVO-NS-039,SVO-CTX-NS-039,1,BA,non-preferred,昨天面试的时候，他先介绍了自己，然后回答了问题，最后给面试官,把那份简历留下了,昨天面试的时候，他先介绍了自己，然后回答了问题，最后给面试官把那份简历留下了。,昨天面试的时候，他先介绍了自己，然后回答了问题，最后给面试官,他最后给面试官,,376,昨天面试的时候，他先介绍了自己，然后回答了问题，最后给面试官把那份简历留下了。,True,False,True,False,"昨天面试的时候,他先介绍了自己,然后回答了问题,最后给面试官把那份履历留下了。",,,"昨天面试的时候,他先介绍了自己,然后回答了问题,最后给面试官把那份简历留下了","昨天面试的时候,他先介绍了自己,然后回答了问题,最后给面试官把那份履历留下了",True,True,False,1,replace:简->履@33:34,昨天面试的时候，他先介绍了自己，然后回答了问题，最后给面试官留下了一份简历。,"昨天面试的时候,他先介绍了自己,然后回答了问题,最后给面试官留下了一份简历",False
T0378,SVO_有语境_200,有语境,SVO-preferred,2,叙述经历和日程,39,SVO-NS-039,SVO-CTX-NS-039,2,SVO,preferred,昨天面试的时候，他先介绍了自己，然后回答了问题，最后给面试官,留下了一份简历,昨天面试的时候，他先介绍了自己，然后回答了问题，最后给面试官留下了一份简历。,昨天面试的时候，他先介绍了自己，然后回答了问题，最后给面试官,他最后给面试官,,377,昨天面试的时候，他先介绍了自己，然后回答了问题，最后给面试官留下了一份简历。,True,False,False,True,"昨天面试的时候,他先介绍了自己,然后回答了问题,最后给面试官留下了一份履历。",,,"昨天面试的时候,他先介绍了自己,然后回答了问题,最后给面试官留下了一份简历","昨天面试的时候,他先介绍了自己,然后回答了问题,最后给面试官留下了一份履历",True,True,False,1,replace:简->履@35:36,昨天面试的时候，他先介绍了自己，然后回答了问题，最后给面试官留下了一份简历。,"昨天面试的时候,他先介绍了自己,然后回答了问题,最后给面试官留下了一份简历",False
T0379,SVO_有语境_200,有语境,SVO-preferred,2,叙述经历和日程,40,SVO-NS-040,SVO-CTX-NS-040,1,BA,non-preferred,妈妈回到家，先换了衣服，然后去厨房系上围裙，开始,把晚餐做了,妈妈回到家，先换了衣服，然后去厨房系上围裙，开始把晚餐做了。,妈妈回到家，先换了衣服，然后去厨房系上围裙，开始,妈妈开始,,378,妈妈回到家，先换了衣服，然后去厨房系上围裙，开始把晚餐做了。,True,False,True,False,"妈妈回到家,先换了衣服,然后去厨房系上围裙,开始把晚餐做了。",,,"妈妈回到家,先换了衣服,然后去厨房系上围裙,开始把晚餐做了","妈妈回到家,先换了衣服,然后去厨房系上围裙,开始把晚餐做了",True,False,True,0,,妈妈回到家，先换了衣服，然后去厨房系上围裙，开始做晚餐。,"妈妈回到家,先换了衣服,然后去厨房系上围裙,开始做晚餐",False
T0380,SVO_有语境_200,有语境,SVO-preferred,2,叙述经历和日程,40,SVO-NS-040,SVO-CTX-NS-040,2,SVO,preferred,妈妈回到家，先换了衣服，然后去厨房系上围裙，开始,做晚餐,妈妈回到家，先换了衣服，然后去厨房系上围裙，开始做晚餐。,妈妈回到家，先换了衣服，然后去厨房系上围裙，开始,妈妈开始,,379,妈妈回到家，先换了衣服，然后去厨房系上围裙，开始做晚餐。,True,False,False,True,"妈妈回到家,先换了衣服,然后去厨房系上围裙,开始做晚餐。",,,"妈妈回到家,先换了衣服,然后去厨房系上围裙,开始做晚餐","妈妈回到家,先换了衣服,然后去厨房系上围裙,开始做晚餐",True,False,True,0,,妈妈回到家，先换了衣服，然后去厨房系上围裙，开始做晚餐。,"妈妈回到家,先换了衣服,然后去厨房系上围裙,开始做晚餐",False
T0381,SVO_有语境_200,有语境,SVO-preferred,2,叙述经历和日程,41,SVO-NS-041,SVO-CTX-NS-041,1,BA,non-preferred,到了酒店，我们先在前台拿了房卡，坐电梯上楼放好行李，接着就,把那瓶矿泉水喝了,到了酒店，我们先在前台拿了房卡，坐电梯上楼放好行李，接着就把那瓶矿泉水喝了。,到了酒店，我们先在前台拿了房卡，坐电梯上楼放好行李，接着就,我们接着就,,380,到了酒店，我们先在前台拿了房卡，坐电梯上楼放好行李，接着就把那瓶矿泉水喝了。,True,False,True,False,"到了酒店,我们先在前台拿了房卡,坐电梯上楼放好行李,接着就把那瓶矿泉水喝了。",,,"到了酒店,我们先在前台拿了房卡,坐电梯上楼放好行李,接着就把那瓶矿泉水喝了","到了酒店,我们先在前台拿了房卡,坐电梯上楼放好行李,接着就把那瓶矿泉水喝了",True,False,True,0,,到了酒店，我们先在前台拿了房卡，坐电梯上楼放好行李，接着就喝了一瓶矿泉水。,"到了酒店,我们先在前台拿了房卡,坐电梯上楼放好行李,接着就喝了一瓶矿泉水",False
T0382,SVO_有语境_200,有语境,SVO-preferred,2,叙述经历和日程,41,SVO-NS-041,SVO-CTX-NS-041,2,SVO,preferred,到了酒店，我们先在前台拿了房卡，坐电梯上楼放好行李，接着就,喝了一瓶矿泉水,到了酒店，我们先在前台拿了房卡，坐电梯上楼放好行李，接着就喝了一瓶矿泉水。,到了酒店，我们先在前台拿了房卡，坐电梯上楼放好行李，接着就,我们接着就,,381,到了酒店，我们先在前台拿了房卡，坐电梯上楼放好行李，接着就喝了一瓶矿泉水。,True,False,False,True,"到了酒店,我们先在前台拿了房卡,坐电梯上楼放好行李,接着就喝了一瓶矿泉水。",,,"到了酒店,我们先在前台拿了房卡,坐电梯上楼放好行李,接着就喝了一瓶矿泉水","到了酒店,我们先在前台拿了房卡,坐电梯上楼放好行李,接着就喝了一瓶矿泉水",True,False,True,0,,到了酒店，我们先在前台拿了房卡，坐电梯上楼放好行李，接着就喝了一瓶矿泉水。,"到了酒店,我们先在前台拿了房卡,坐电梯上楼放好行李,接着就喝了一瓶矿泉水",False
T0383,SVO_有语境_200,有语境,SVO-preferred,2,叙述经历和日程,42,SVO-NS-042,SVO-CTX-NS-042,1,BA,non-preferred,陪奶奶去医院看病，我们先排队挂号，看完医生后去一楼,把那几盒感冒药买了,陪奶奶去医院看病，我们先排队挂号，看完医生后去一楼把那几盒感冒药买了。,陪奶奶去医院看病，我们先排队挂号，看完医生后去一楼,我们去一楼,,382,陪奶奶去医院看病，我们先排队挂号，看完医生后去一楼把那几盒感冒药买了。,True,False,True,False,"陪奶奶去医院看病,我们先排队挂号,看完医生后去一楼把那几盒感冒药买了。",,,"陪奶奶去医院看病,我们先排队挂号,看完医生后去一楼把那几盒感冒药买了","陪奶奶去医院看病,我们先排队挂号,看完医生后去一楼把那几盒感冒药买了",True,False,True,0,,陪奶奶去医院看病，我们先排队挂号，看完医生后去一楼买了几盒感冒药。,"陪奶奶去医院看病,我们先排队挂号,看完医生后去一楼买了几盒感冒药",False
T0384,SVO_有语境_200,有语境,SVO-preferred,2,叙述经历和日程,42,SVO-NS-042,SVO-CTX-NS-042,2,SVO,preferred,陪奶奶去医院看病，我们先排队挂号，看完医生后去一楼,买了几盒感冒药,陪奶奶去医院看病，我们先排队挂号，看完医生后去一楼买了几盒感冒药。,陪奶奶去医院看病，我们先排队挂号，看完医生后去一楼,我们去一楼,,383,陪奶奶去医院看病，我们先排队挂号，看完医生后去一楼买了几盒感冒药。,True,False,False,True,"陪奶奶去医院看病,我们先排队挂号,看完医生后去一楼买了几颗感冒药。",,,"陪奶奶去医院看病,我们先排队挂号,看完医生后去一楼买了几盒感冒药","陪奶奶去医院看病,我们先排队挂号,看完医生后去一楼买了几颗感冒药",True,True,False,1,replace:盒->颗@28:29,陪奶奶去医院看病，我们先排队挂号，看完医生后去一楼买了几盒感冒药。,"陪奶奶去医院看病,我们先排队挂号,看完医生后去一楼买了几盒感冒药",False
T0385,SVO_有语境_200,有语境,SVO-preferred,2,叙述经历和日程,43,SVO-NS-043,SVO-CTX-NS-043,1,BA,non-preferred,打开包裹后，她先看了看说明书，然后小心地从盒子里,把那个新手机拿出来了,打开包裹后，她先看了看说明书，然后小心地从盒子里把那个新手机拿出来了。,打开包裹后，她先看了看说明书，然后小心地从盒子里,她小心地从盒子里,,384,打开包裹后，她先看了看说明书，然后小心地从盒子里把那个新手机拿出来了。,True,False,True,False,"打开包裹后,她先看了一下说明书,然后小心地从盒子里把那个新手机拿出来了。",,,"打开包裹后,她先看了看说明书,然后小心地从盒子里把那个新手机拿出来了","打开包裹后,她先看了一下说明书,然后小心地从盒子里把那个新手机拿出来了",True,True,False,2,replace:看->一下@10:11,打开包裹后，她先看了看说明书，然后小心地从盒子里拿出来了一个新手机。,"打开包裹后,她先看了看说明书,然后小心地从盒子里拿出来了一个新手机",False
T0386,SVO_有语境_200,有语境,SVO-preferred,2,叙述经历和日程,43,SVO-NS-043,SVO-CTX-NS-043,2,SVO,preferred,打开包裹后，她先看了看说明书，然后小心地从盒子里,拿出来了一个新手机,打开包裹后，她先看了看说明书，然后小心地从盒子里拿出来了一个新手机。,打开包裹后，她先看了看说明书，然后小心地从盒子里,她小心地从盒子里,,385,打开包裹后，她先看了看说明书，然后小心地从盒子里拿出来了一个新手机。,True,False,False,True,"打开包裹后,她先看了一下说明书,然后小心地从盒子里拿出来了一个新手机。",,,"打开包裹后,她先看了看说明书,然后小心地从盒子里拿出来了一个新手机","打开包裹后,她先看了一下说明书,然后小心地从盒子里拿出来了一个新手机",True,True,False,2,replace:看->一下@10:11,打开包裹后，她先看了看说明书，然后小心地从盒子里拿出来了一个新手机。,"打开包裹后,她先看了看说明书,然后小心地从盒子里拿出来了一个新手机",False
T0387,SVO_有语境_200,有语境,SVO-preferred,2,叙述经历和日程,44,SVO-NS-044,SVO-CTX-NS-044,1,BA,non-preferred,我们先去前台办了入住，然后拿着房卡，上楼去,把我们的房间找到了,我们先去前台办了入住，然后拿着房卡，上楼去把我们的房间找到了。,我们先去前台办了入住，然后拿着房卡，上楼去,我们上楼去,,386,我们先去前台办了入住，然后拿着房卡，上楼去把我们的房间找到了。,True,False,True,False,"我们先去前台办了入住,然后拿着房卡,上楼去把我们的房间找到了。",,,"我们先去前台办了入住,然后拿着房卡,上楼去把我们的房间找到了","我们先去前台办了入住,然后拿着房卡,上楼去把我们的房间找到了",True,False,True,0,,我们先去前台办了入住，然后拿着房卡，上楼去找到了我们的房间。,"我们先去前台办了入住,然后拿着房卡,上楼去找到了我们的房间",False
T0388,SVO_有语境_200,有语境,SVO-preferred,2,叙述经历和日程,44,SVO-NS-044,SVO-CTX-NS-044,2,SVO,preferred,我们先去前台办了入住，然后拿着房卡，上楼去,找到了我们的房间,我们先去前台办了入住，然后拿着房卡，上楼去找到了我们的房间。,我们先去前台办了入住，然后拿着房卡，上楼去,我们上楼去,,387,我们先去前台办了入住，然后拿着房卡，上楼去找到了我们的房间。,True,False,False,True,"我们先去前台办了入住,然后拿着房卡,上楼去找到了我们的房间。",,,"我们先去前台办了入住,然后拿着房卡,上楼去找到了我们的房间","我们先去前台办了入住,然后拿着房卡,上楼去找到了我们的房间",True,False,True,0,,我们先去前台办了入住，然后拿着房卡，上楼去找到了我们的房间。,"我们先去前台办了入住,然后拿着房卡,上楼去找到了我们的房间",False
T0389,SVO_有语境_200,有语境,SVO-preferred,2,叙述经历和日程,45,SVO-NS-045,SVO-CTX-NS-045,1,BA,non-preferred,过了机场安检，距离起飞还有很长时间，我就去旁边的书店,把那本杂志买了,过了机场安检，距离起飞还有很长时间，我就去旁边的书店把那本杂志买了。,过了机场安检，距离起飞还有很长时间，我就去旁边的书店,我就去旁边的书店,,388,过了机场安检，距离起飞还有很长时间，我就去旁边的书店把那本杂志买了。,True,False,True,False,"过了机场安检,距离起飞还有很长时间,我就去旁边的书店把那本杂志买了。",,,"过了机场安检,距离起飞还有很长时间,我就去旁边的书店把那本杂志买了","过了机场安检,距离起飞还有很长时间,我就去旁边的书店把那本杂志买了",True,False,True,0,,过了机场安检，距离起飞还有很长时间，我就去旁边的书店买了一本杂志。,"过了机场安检,距离起飞还有很长时间,我就去旁边的书店买了一本杂志",False
T0390,SVO_有语境_200,有语境,SVO-preferred,2,叙述经历和日程,45,SVO-NS-045,SVO-CTX-NS-045,2,SVO,preferred,过了机场安检，距离起飞还有很长时间，我就去旁边的书店,买了一本杂志,过了机场安检，距离起飞还有很长时间，我就去旁边的书店买了一本杂志。,过了机场安检，距离起飞还有很长时间，我就去旁边的书店,我就去旁边的书店,,389,过了机场安检，距离起飞还有很长时间，我就去旁边的书店买了一本杂志。,True,False,False,True,"过了机场安检,距离起飞还有很长时间,我就去旁边的书店买了一本杂志。",,,"过了机场安检,距离起飞还有很长时间,我就去旁边的书店买了一本杂志","过了机场安检,距离起飞还有很长时间,我就去旁边的书店买了一本杂志",True,False,True,0,,过了机场安检，距离起飞还有很长时间，我就去旁边的书店买了一本杂志。,"过了机场安检,距离起飞还有很长时间,我就去旁边的书店买了一本杂志",False
T0391,SVO_有语境_200,有语境,SVO-preferred,2,叙述经历和日程,46,SVO-NS-046,SVO-CTX-NS-046,1,BA,non-preferred,下午我们去公园散步，在湖边坐了一会儿，然后拿出面包,把那几只天鹅喂了,下午我们去公园散步，在湖边坐了一会儿，然后拿出面包把那几只天鹅喂了。,下午我们去公园散步，在湖边坐了一会儿，然后拿出面包,我们拿出面包,,390,下午我们去公园散步，在湖边坐了一会儿，然后拿出面包把那几只天鹅喂了。,True,False,True,False,"下午我们去公园散步,在湖边坐了一会儿,然后拿出面包把那几只天鹅喂了。",,,"下午我们去公园散步,在湖边坐了一会儿,然后拿出面包把那几只天鹅喂了","下午我们去公园散步,在湖边坐了一会儿,然后拿出面包把那几只天鹅喂了",True,False,True,0,,下午我们去公园散步，在湖边坐了一会儿，然后拿出面包喂了几只天鹅。,"下午我们去公园散步,在湖边坐了一会儿,然后拿出面包喂了几只天鹅",False
T0392,SVO_有语境_200,有语境,SVO-preferred,2,叙述经历和日程,46,SVO-NS-046,SVO-CTX-NS-046,2,SVO,preferred,下午我们去公园散步，在湖边坐了一会儿，然后拿出面包,喂了几只天鹅,下午我们去公园散步，在湖边坐了一会儿，然后拿出面包喂了几只天鹅。,下午我们去公园散步，在湖边坐了一会儿，然后拿出面包,我们拿出面包,,391,下午我们去公园散步，在湖边坐了一会儿，然后拿出面包喂了几只天鹅。,True,False,False,True,"下午我们去公园散步,在湖边坐了一会儿,然后拿出面包喂了几只天鹅。",,,"下午我们去公园散步,在湖边坐了一会儿,然后拿出面包喂了几只天鹅","下午我们去公园散步,在湖边坐了一会儿,然后拿出面包喂了几只天鹅",True,False,True,0,,下午我们去公园散步，在湖边坐了一会儿，然后拿出面包喂了几只天鹅。,"下午我们去公园散步,在湖边坐了一会儿,然后拿出面包喂了几只天鹅",False
T0393,SVO_有语境_200,有语境,SVO-preferred,2,叙述经历和日程,47,SVO-NS-047,SVO-CTX-NS-047,1,BA,non-preferred,电影开场前，我们先买了爆米花，然后向工作人员,把那两张票买了,电影开场前，我们先买了爆米花，然后向工作人员把那两张票买了。,电影开场前，我们先买了爆米花，然后向工作人员,我们向工作人员,,392,电影开场前，我们先买了爆米花，然后向工作人员把那两张票买了。,True,False,True,False,"电影开场前,我们先买了爆米花,然后向工作人员把那两张票买了。",,,"电影开场前,我们先买了爆米花,然后向工作人员把那两张票买了","电影开场前,我们先买了爆米花,然后向工作人员把那两张票买了",True,False,True,0,,电影开场前，我们先买了爆米花，然后向工作人员买了两张票。,"电影开场前,我们先买了爆米花,然后向工作人员买了两张票",False
T0394,SVO_有语境_200,有语境,SVO-preferred,2,叙述经历和日程,47,SVO-NS-047,SVO-CTX-NS-047,2,SVO,preferred,电影开场前，我们先买了爆米花，然后向工作人员,买了两张票,电影开场前，我们先买了爆米花，然后向工作人员买了两张票。,电影开场前，我们先买了爆米花，然后向工作人员,我们向工作人员,,393,电影开场前，我们先买了爆米花，然后向工作人员买了两张票。,True,False,False,True,"电影开场前,我们先买了爆米花,然后向工作人员买了两张票。",,,"电影开场前,我们先买了爆米花,然后向工作人员买了两张票","电影开场前,我们先买了爆米花,然后向工作人员买了两张票",True,False,True,0,,电影开场前，我们先买了爆米花，然后向工作人员买了两张票。,"电影开场前,我们先买了爆米花,然后向工作人员买了两张票",False
T0395,SVO_有语境_200,有语境,SVO-preferred,2,叙述经历和日程,48,SVO-NS-048,SVO-CTX-NS-048,1,BA,non-preferred,搬家那天特别累，把东西都搬进新家后，大家去楼下的餐厅,把那顿火锅吃了,搬家那天特别累，把东西都搬进新家后，大家去楼下的餐厅把那顿火锅吃了。,搬家那天特别累，把东西都搬进新家后，大家去楼下的餐厅,大家去楼下的餐厅,,394,搬家那天特别累，把东西都搬进新家后，大家去楼下的餐厅把那顿火锅吃了。,True,False,True,False,"搬家那天特别累,把东西都搬进新家后,大家去楼下的餐厅把那顿火锅吃了。",,,"搬家那天特别累,把东西都搬进新家后,大家去楼下的餐厅把那顿火锅吃了","搬家那天特别累,把东西都搬进新家后,大家去楼下的餐厅把那顿火锅吃了",True,False,True,0,,搬家那天特别累，把东西都搬进新家后，大家去楼下的餐厅吃了顿火锅。,"搬家那天特别累,把东西都搬进新家后,大家去楼下的餐厅吃了顿火锅",False
T0396,SVO_有语境_200,有语境,SVO-preferred,2,叙述经历和日程,48,SVO-NS-048,SVO-CTX-NS-048,2,SVO,preferred,搬家那天特别累，把东西都搬进新家后，大家去楼下的餐厅,吃了顿火锅,搬家那天特别累，把东西都搬进新家后，大家去楼下的餐厅吃了顿火锅。,搬家那天特别累，把东西都搬进新家后，大家去楼下的餐厅,大家去楼下的餐厅,,395,搬家那天特别累，把东西都搬进新家后，大家去楼下的餐厅吃了顿火锅。,True,False,False,True,"搬家那天特别累,把东西都搬进新家后,大家去楼下的餐厅吃了顿火锅。",,,"搬家那天特别累,把东西都搬进新家后,大家去楼下的餐厅吃了顿火锅","搬家那天特别累,把东西都搬进新家后,大家去楼下的餐厅吃了顿火锅",True,False,True,0,,搬家那天特别累，把东西都搬进新家后，大家去楼下的餐厅吃了顿火锅。,"搬家那天特别累,把东西都搬进新家后,大家去楼下的餐厅吃了顿火锅",False
T0397,SVO_有语境_200,有语境,SVO-preferred,2,叙述经历和日程,49,SVO-NS-049,SVO-CTX-NS-049,1,BA,non-preferred,她拆开信封，拿出信纸，坐在桌子前认真地,把这封信读了一遍,她拆开信封，拿出信纸，坐在桌子前认真地把这封信读了一遍。,她拆开信封，拿出信纸，坐在桌子前认真地,她坐在桌子前认真地,,396,她拆开信封，拿出信纸，坐在桌子前认真地把这封信读了一遍。,True,False,True,False,"她拆开信封,拿出信纸,坐在桌子前认真地把这封信读了一通。",,,"她拆开信封,拿出信纸,坐在桌子前认真地把这封信读了一遍","她拆开信封,拿出信纸,坐在桌子前认真地把这封信读了一通",True,True,False,1,replace:遍->通@26:27,她拆开信封，拿出信纸，坐在桌子前认真地读了一遍这封信。,"她拆开信封,拿出信纸,坐在桌子前认真地读了一遍这封信",False
T0398,SVO_有语境_200,有语境,SVO-preferred,2,叙述经历和日程,49,SVO-NS-049,SVO-CTX-NS-049,2,SVO,preferred,她拆开信封，拿出信纸，坐在桌子前认真地,读了一遍这封信,她拆开信封，拿出信纸，坐在桌子前认真地读了一遍这封信。,她拆开信封，拿出信纸，坐在桌子前认真地,她坐在桌子前认真地,,397,她拆开信封，拿出信纸，坐在桌子前认真地读了一遍这封信。,True,False,False,True,"她拆开信封,拿出信纸,坐在桌子前认真地读一遍这封信。",,,"她拆开信封,拿出信纸,坐在桌子前认真地读了一遍这封信","她拆开信封,拿出信纸,坐在桌子前认真地读一遍这封信",True,True,False,1,delete:了->@20:21,她拆开信封，拿出信纸，坐在桌子前认真地读了一遍这封信。,"她拆开信封,拿出信纸,坐在桌子前认真地读了一遍这封信",False
T0399,SVO_有语境_200,有语境,SVO-preferred,2,叙述经历和日程,50,SVO-NS-050,SVO-CTX-NS-050,1,BA,non-preferred,晚上加完班回到家，他先洗了一个热水澡，然后躺在沙发上,把那首老歌听了一遍,晚上加完班回到家，他先洗了一个热水澡，然后躺在沙发上把那首老歌听了一遍。,晚上加完班回到家，他先洗了一个热水澡，然后躺在沙发上,他躺在沙发上,,398,晚上加完班回到家，他先洗了一个热水澡，然后躺在沙发上把那首老歌听了一遍。,True,False,True,False,"晚上加完班回到家,他先洗了一个热水澡,然后躺在沙发上把那首老歌听了一下。",,,"晚上加完班回到家,他先洗了一个热水澡,然后躺在沙发上把那首老歌听了一遍","晚上加完班回到家,他先洗了一个热水澡,然后躺在沙发上把那首老歌听了一下",True,True,False,1,replace:遍->下@34:35,晚上加完班回到家，他先洗了一个热水澡，然后躺在沙发上听了一遍那首老歌。,"晚上加完班回到家,他先洗了一个热水澡,然后躺在沙发上听了一遍那首老歌",False
T0400,SVO_有语境_200,有语境,SVO-preferred,2,叙述经历和日程,50,SVO-NS-050,SVO-CTX-NS-050,2,SVO,preferred,晚上加完班回到家，他先洗了一个热水澡，然后躺在沙发上,听了一遍那首老歌,晚上加完班回到家，他先洗了一个热水澡，然后躺在沙发上听了一遍那首老歌。,晚上加完班回到家，他先洗了一个热水澡，然后躺在沙发上,他躺在沙发上,,399,晚上加完班回到家，他先洗了一个热水澡，然后躺在沙发上听了一遍那首老歌。,True,False,False,True,"晚上加完班回到家,他先洗了一个热水澡,然后躺在沙发上听了一下那首老歌。",,,"晚上加完班回到家,他先洗了一个热水澡,然后躺在沙发上听了一遍那首老歌","晚上加完班回到家,他先洗了一个热水澡,然后躺在沙发上听了一下那首老歌",True,True,False,1,replace:遍->下@29:30,晚上加完班回到家，他先洗了一个热水澡，然后躺在沙发上听了一遍那首老歌。,"晚上加完班回到家,他先洗了一个热水澡,然后躺在沙发上听了一遍那首老歌",False
T0401,BA_无语境_200,无语境,BA-preferred,1,物理状态改变,1,BA-PC-001,BA-NOCTX-PC-001,1,BA,preferred,我,把它扔了,我把它扔了。,那个苹果坏了，我,我,无语境版本：删除前文语境，仅保留局部句框/测试句。,400,我把它扔了。,False,True,False,True,我把她扔了。,,,我把它扔了,我把她扔了,True,True,False,1,replace:它->她@2:3,那个苹果坏了，我把它扔了。,"那个苹果坏了,我把它扔了",False
T0402,BA_无语境_200,无语境,BA-preferred,1,物理状态改变,1,BA-PC-001,BA-NOCTX-PC-001,2,SVO,non-preferred,我,扔了它,我扔了它。,那个苹果坏了，我,我,无语境版本：删除前文语境，仅保留局部句框/测试句。,401,我扔了它。,False,True,True,False,我扔了它。,,,我扔了它,我扔了它,False,False,True,0,,那个苹果坏了，我把它扔了。,"那个苹果坏了,我把它扔了",False
T0403,BA_无语境_200,无语境,BA-preferred,1,物理状态改变,2,BA-PC-002,BA-NOCTX-PC-002,1,BA,preferred,弟弟刚才,把它加热了,弟弟刚才把它加热了。,这杯牛奶太凉了，弟弟刚才,弟弟刚才,无语境版本：删除前文语境，仅保留局部句框/测试句。,402,弟弟刚才把它加热了。,False,True,False,True,弟弟刚才把它加热了。,,,弟弟刚才把它加热了,弟弟刚才把它加热了,False,False,True,0,,这杯牛奶太凉了，弟弟刚才把它加热了。,"这杯牛奶太凉了,弟弟刚才把它加热了",False
T0404,BA_无语境_200,无语境,BA-preferred,1,物理状态改变,2,BA-PC-002,BA-NOCTX-PC-002,2,SVO,non-preferred,弟弟刚才,加热了它,弟弟刚才加热了它。,这杯牛奶太凉了，弟弟刚才,弟弟刚才,无语境版本：删除前文语境，仅保留局部句框/测试句。,403,弟弟刚才加热了它。,False,True,True,False,弟弟刚才加热了她。,,,弟弟刚才加热了它,弟弟刚才加热了她,True,True,False,1,replace:它->她@7:8,这杯牛奶太凉了，弟弟刚才把它加热了。,"这杯牛奶太凉了,弟弟刚才把它加热了",False
T0405,BA_无语境_200,无语境,BA-preferred,1,物理状态改变,3,BA-PC-003,BA-NOCTX-PC-003,1,BA,preferred,我昨天,把它洗干净了,我昨天把它洗干净了。,衬衫上有一块咖啡渍，我昨天,我昨天,无语境版本：删除前文语境，仅保留局部句框/测试句。,404,我昨天把它洗干净了。,False,True,False,True,我昨天把它洗掉了。,,,我昨天把它洗干净了,我昨天把它洗掉了,True,True,False,2,replace:干净->掉@6:8,衬衫上有一块咖啡渍，我昨天把它洗干净了。,"衬衫上有一块咖啡渍,我昨天把它洗干净了",False
T0406,BA_无语境_200,无语境,BA-preferred,1,物理状态改变,3,BA-PC-003,BA-NOCTX-PC-003,2,SVO,non-preferred,我昨天,洗干净了它,我昨天洗干净了它。,衬衫上有一块咖啡渍，我昨天,我昨天,无语境版本：删除前文语境，仅保留局部句框/测试句。,405,我昨天洗干净了它。,False,True,True,False,我昨天清洗干净了它。,,,我昨天洗干净了它,我昨天清洗干净了它,True,True,False,1,insert:->清@3:3,衬衫上有一块咖啡渍，我昨天把它洗干净了。,"衬衫上有一块咖啡渍,我昨天把它洗干净了",False
T0407,BA_无语境_200,无语境,BA-preferred,1,物理状态改变,4,BA-PC-004,BA-NOCTX-PC-004,1,BA,preferred,但我还是,把它吃完了,但我还是把它吃完了。,这块蛋糕太甜了，但我还是,但我还是,无语境版本：删除前文语境，仅保留局部句框/测试句。,406,但我还是把它吃完了。,False,True,False,True,但我还是把它吃完了。,,,但我还是把它吃完了,但我还是把它吃完了,False,False,True,0,,这块蛋糕太甜了，但我还是把它吃完了。,"这块蛋糕太甜了,但我还是把它吃完了",False
T0408,BA_无语境_200,无语境,BA-preferred,1,物理状态改变,4,BA-PC-004,BA-NOCTX-PC-004,2,SVO,non-preferred,但我还是,吃完了它,但我还是吃完了它。,这块蛋糕太甜了，但我还是,但我还是,无语境版本：删除前文语境，仅保留局部句框/测试句。,407,但我还是吃完了它。,False,True,True,False,但我还是吃完了它。,,,但我还是吃完了它,但我还是吃完了它,False,False,True,0,,这块蛋糕太甜了，但我还是把它吃完了。,"这块蛋糕太甜了,但我还是把它吃完了",False
T0409,BA_无语境_200,无语境,BA-preferred,1,物理状态改变,5,BA-PC-005,BA-NOCTX-PC-005,1,BA,preferred,我一巴掌,把它打死了,我一巴掌把它打死了。,刚才有一只蚊子，我一巴掌,我一巴掌,无语境版本：删除前文语境，仅保留局部句框/测试句。,408,我一巴掌把它打死了。,False,True,False,True,我一巴掌把它打死了。,,,我一巴掌把它打死了,我一巴掌把它打死了,False,False,True,0,,刚才有一只蚊子，我一巴掌把它打死了。,"刚才有一只蚊子,我一巴掌把它打死了",False
T0410,BA_无语境_200,无语境,BA-preferred,1,物理状态改变,5,BA-PC-005,BA-NOCTX-PC-005,2,SVO,non-preferred,我一巴掌,打死了它,我一巴掌打死了它。,刚才有一只蚊子，我一巴掌,我一巴掌,无语境版本：删除前文语境，仅保留局部句框/测试句。,409,我一巴掌打死了它。,False,True,True,False,我一巴掌打死了它。,,,我一巴掌打死了它,我一巴掌打死了它,False,False,True,0,,刚才有一只蚊子，我一巴掌把它打死了。,"刚才有一只蚊子,我一巴掌把它打死了",False
T0411,BA_无语境_200,无语境,BA-preferred,1,物理状态改变,6,BA-PC-006,BA-NOCTX-PC-006,1,BA,preferred,我,把它撕了,我把它撕了。,桌子上的那张废纸，我,我,无语境版本：删除前文语境，仅保留局部句框/测试句。,410,我把它撕了。,False,True,False,True,我把她撕了。,,,我把它撕了,我把她撕了,True,True,False,1,replace:它->她@2:3,桌子上的那张废纸，我把它撕了。,"桌子上的那张废纸,我把它撕了",False
T0412,BA_无语境_200,无语境,BA-preferred,1,物理状态改变,6,BA-PC-006,BA-NOCTX-PC-006,2,SVO,non-preferred,我,撕了它,我撕了它。,桌子上的那张废纸，我,我,无语境版本：删除前文语境，仅保留局部句框/测试句。,411,我撕了它。,False,True,True,False,我撕了它。,,,我撕了它,我撕了它,False,False,True,0,,桌子上的那张废纸，我把它撕了。,"桌子上的那张废纸,我把它撕了",False
T0413,BA_无语境_200,无语境,BA-preferred,1,物理状态改变,7,BA-PC-007,BA-NOCTX-PC-007,1,BA,preferred,我准备,把它卖了,我准备把它卖了。,这个旧手机没用了，我准备,我准备,无语境版本：删除前文语境，仅保留局部句框/测试句。,412,我准备把它卖了。,False,True,False,True,我准备把它买了。,,,我准备把它卖了,我准备把它买了,True,True,False,1,replace:卖->买@5:6,这个旧手机没用了，我准备把它卖了。,"这个旧手机没用了,我准备把它卖了",False
T0414,BA_无语境_200,无语境,BA-preferred,1,物理状态改变,7,BA-PC-007,BA-NOCTX-PC-007,2,SVO,non-preferred,我准备,卖了它,我准备卖了它。,这个旧手机没用了，我准备,我准备,无语境版本：删除前文语境，仅保留局部句框/测试句。,413,我准备卖了它。,False,True,True,False,我准备买了他。,,,我准备卖了它,我准备买了他,True,True,False,2,replace:卖->买@3:4 | replace:它->他@5:6,这个旧手机没用了，我准备把它卖了。,"这个旧手机没用了,我准备把它卖了",False
T0415,BA_无语境_200,无语境,BA-preferred,1,物理状态改变,8,BA-PC-008,BA-NOCTX-PC-008,1,BA,preferred,我,把它拆开了,我把它拆开了。,这封信是写给你的，我,我,无语境版本：删除前文语境，仅保留局部句框/测试句。,414,我把它拆开了。,False,True,False,True,我把它拆开了。,,,我把它拆开了,我把它拆开了,False,False,True,0,,这封信是写给你的，我把它拆开了。,"这封信是写给你的,我把它拆开了",False
T0416,BA_无语境_200,无语境,BA-preferred,1,物理状态改变,8,BA-PC-008,BA-NOCTX-PC-008,2,SVO,non-preferred,我,拆开了它,我拆开了它。,这封信是写给你的，我,我,无语境版本：删除前文语境，仅保留局部句框/测试句。,415,我拆开了它。,False,True,True,False,我拆开了它。,,,我拆开了它,我拆开了它,False,False,True,0,,这封信是写给你的，我把它拆开了。,"这封信是写给你的,我把它拆开了",False
T0417,BA_无语境_200,无语境,BA-preferred,1,物理状态改变,9,BA-PC-009,BA-NOCTX-PC-009,1,BA,preferred,幸好我,把它抓住了,幸好我把它抓住了。,那个花瓶快掉下来了，幸好我,幸好我,无语境版本：删除前文语境，仅保留局部句框/测试句。,416,幸好我把它抓住了。,False,True,False,True,幸好我把它抓住了。,,,幸好我把它抓住了,幸好我把它抓住了,False,False,True,0,,那个花瓶快掉下来了，幸好我把它抓住了。,"那个花瓶快掉下来了,幸好我把它抓住了",False
T0418,BA_无语境_200,无语境,BA-preferred,1,物理状态改变,9,BA-PC-009,BA-NOCTX-PC-009,2,SVO,non-preferred,幸好我,抓住了它,幸好我抓住了它。,那个花瓶快掉下来了，幸好我,幸好我,无语境版本：删除前文语境，仅保留局部句框/测试句。,417,幸好我抓住了它。,False,True,True,False,幸好我找到了他。,,,幸好我抓住了它,幸好我找到了他,True,True,False,3,replace:抓住->找到@3:5 | replace:它->他@6:7,那个花瓶快掉下来了，幸好我把它抓住了。,"那个花瓶快掉下来了,幸好我把它抓住了",False
T0419,BA_无语境_200,无语境,BA-preferred,1,物理状态改变,10,BA-PC-010,BA-NOCTX-PC-010,1,BA,preferred,我,把它关了,我把它关了。,这首曲子太吵了，我,我,无语境版本：删除前文语境，仅保留局部句框/测试句。,418,我把它关了。,False,True,False,True,我把她关了。,,,我把它关了,我把她关了,True,True,False,1,replace:它->她@2:3,这首曲子太吵了，我把它关了。,"这首曲子太吵了,我把它关了",False
T0420,BA_无语境_200,无语境,BA-preferred,1,物理状态改变,10,BA-PC-010,BA-NOCTX-PC-010,2,SVO,non-preferred,我,关了它,我关了它。,这首曲子太吵了，我,我,无语境版本：删除前文语境，仅保留局部句框/测试句。,419,我关了它。,False,True,True,False,我关了她。,,,我关了它,我关了她,True,True,False,1,replace:它->她@3:4,这首曲子太吵了，我把它关了。,"这首曲子太吵了,我把它关了",False
T0421,BA_无语境_200,无语境,BA-preferred,1,物理状态改变,11,BA-PC-011,BA-NOCTX-PC-011,1,BA,preferred,昨天我,把它换了,昨天我把它换了。,我的旧电脑太慢了，昨天我,昨天我,无语境版本：删除前文语境，仅保留局部句框/测试句。,420,昨天我把它换了。,False,True,False,True,昨天我把它换了。,,,昨天我把它换了,昨天我把它换了,False,False,True,0,,我的旧电脑太慢了，昨天我把它换了。,"我的旧电脑太慢了,昨天我把它换了",False
T0422,BA_无语境_200,无语境,BA-preferred,1,物理状态改变,11,BA-PC-011,BA-NOCTX-PC-011,2,SVO,non-preferred,昨天我,换了它,昨天我换了它。,我的旧电脑太慢了，昨天我,昨天我,无语境版本：删除前文语境，仅保留局部句框/测试句。,421,昨天我换了它。,False,True,True,False,昨天我换了他。,,,昨天我换了它,昨天我换了他,True,True,False,1,replace:它->他@5:6,我的旧电脑太慢了，昨天我把它换了。,"我的旧电脑太慢了,昨天我把它换了",False
T0423,BA_无语境_200,无语境,BA-preferred,1,物理状态改变,12,BA-PC-012,BA-NOCTX-PC-012,1,BA,preferred,我只能,把它倒了,我只能把它倒了。,汤里掉进了一只苍蝇，我只能,我只能,无语境版本：删除前文语境，仅保留局部句框/测试句。,422,我只能把它倒了。,False,True,False,True,我只能把它倒了。,,,我只能把它倒了,我只能把它倒了,False,False,True,0,,汤里掉进了一只苍蝇，我只能把它倒了。,"汤里掉进了一只苍蝇,我只能把它倒了",False
T0424,BA_无语境_200,无语境,BA-preferred,1,物理状态改变,12,BA-PC-012,BA-NOCTX-PC-012,2,SVO,non-preferred,我只能,倒了它,我只能倒了它。,汤里掉进了一只苍蝇，我只能,我只能,无语境版本：删除前文语境，仅保留局部句框/测试句。,423,我只能倒了它。,False,True,True,False,我只能到了它。,,,我只能倒了它,我只能到了它,True,True,False,1,replace:倒->到@3:4,汤里掉进了一只苍蝇，我只能把它倒了。,"汤里掉进了一只苍蝇,我只能把它倒了",False
T0425,BA_无语境_200,无语境,BA-preferred,1,物理状态改变,13,BA-PC-013,BA-NOCTX-PC-013,1,BA,preferred,我,把它删了,我把它删了。,这张照片拍得不好看，我,我,无语境版本：删除前文语境，仅保留局部句框/测试句。,424,我把它删了。,False,True,False,True,我把她删了。,,,我把它删了,我把她删了,True,True,False,1,replace:它->她@2:3,这张照片拍得不好看，我把它删了。,"这张照片拍得不好看,我把它删了",False
T0426,BA_无语境_200,无语境,BA-preferred,1,物理状态改变,13,BA-PC-013,BA-NOCTX-PC-013,2,SVO,non-preferred,我,删了它,我删了它。,这张照片拍得不好看，我,我,无语境版本：删除前文语境，仅保留局部句框/测试句。,425,我删了它。,False,True,True,False,我删了他。,,,我删了它,我删了他,True,True,False,1,replace:它->他@3:4,这张照片拍得不好看，我把它删了。,"这张照片拍得不好看,我把它删了",False
T0427,BA_无语境_200,无语境,BA-preferred,1,物理状态改变,14,BA-PC-014,BA-NOCTX-PC-014,1,BA,preferred,弟弟刚刚,把它吃掉了,弟弟刚刚把它吃掉了。,那盘饺子不能剩下，弟弟刚刚,弟弟刚刚,无语境版本：删除前文语境，仅保留局部句框/测试句。,426,弟弟刚刚把它吃掉了。,False,True,False,True,弟弟刚刚把它吃掉了。,,,弟弟刚刚把它吃掉了,弟弟刚刚把它吃掉了,False,False,True,0,,那盘饺子不能剩下，弟弟刚刚把它吃掉了。,"那盘饺子不能剩下,弟弟刚刚把它吃掉了",False
T0428,BA_无语境_200,无语境,BA-preferred,1,物理状态改变,14,BA-PC-014,BA-NOCTX-PC-014,2,SVO,non-preferred,弟弟刚刚,吃掉了它,弟弟刚刚吃掉了它。,那盘饺子不能剩下，弟弟刚刚,弟弟刚刚,无语境版本：删除前文语境，仅保留局部句框/测试句。,427,弟弟刚刚吃掉了它。,False,True,True,False,弟弟刚刚吃掉了他。,,,弟弟刚刚吃掉了它,弟弟刚刚吃掉了他,True,True,False,1,replace:它->他@7:8,那盘饺子不能剩下，弟弟刚刚把它吃掉了。,"那盘饺子不能剩下,弟弟刚刚把它吃掉了",False
T0429,BA_无语境_200,无语境,BA-preferred,1,物理状态改变,15,BA-PC-015,BA-NOCTX-PC-015,1,BA,preferred,我,把它剪开了,我把它剪开了。,这个包裹的胶带太紧了，我,我,无语境版本：删除前文语境，仅保留局部句框/测试句。,428,我把它剪开了。,False,True,False,True,我把它剪开了。,,,我把它剪开了,我把它剪开了,False,False,True,0,,这个包裹的胶带太紧了，我把它剪开了。,"这个包裹的胶带太紧了,我把它剪开了",False
T0430,BA_无语境_200,无语境,BA-preferred,1,物理状态改变,15,BA-PC-015,BA-NOCTX-PC-015,2,SVO,non-preferred,我,剪开了它,我剪开了它。,这个包裹的胶带太紧了，我,我,无语境版本：删除前文语境，仅保留局部句框/测试句。,429,我剪开了它。,False,True,True,False,我剪开了他。,,,我剪开了它,我剪开了他,True,True,False,1,replace:它->他@4:5,这个包裹的胶带太紧了，我把它剪开了。,"这个包裹的胶带太紧了,我把它剪开了",False
T0431,BA_无语境_200,无语境,BA-preferred,1,物理状态改变,16,BA-PC-016,BA-NOCTX-PC-016,1,BA,preferred,妈妈已经,把它缝好了,妈妈已经把它缝好了。,这件衣服破了一个洞，妈妈已经,妈妈已经,无语境版本：删除前文语境，仅保留局部句框/测试句。,430,妈妈已经把它缝好了。,False,True,False,True,妈妈已经把她缝好了。,,,妈妈已经把它缝好了,妈妈已经把她缝好了,True,True,False,1,replace:它->她@5:6,这件衣服破了一个洞，妈妈已经把它缝好了。,"这件衣服破了一个洞,妈妈已经把它缝好了",False
T0432,BA_无语境_200,无语境,BA-preferred,1,物理状态改变,16,BA-PC-016,BA-NOCTX-PC-016,2,SVO,non-preferred,妈妈已经,缝好了它,妈妈已经缝好了它。,这件衣服破了一个洞，妈妈已经,妈妈已经,无语境版本：删除前文语境，仅保留局部句框/测试句。,431,妈妈已经缝好了它。,False,True,True,False,妈妈已经缝好了她。,,,妈妈已经缝好了它,妈妈已经缝好了她,True,True,False,1,replace:它->她@7:8,这件衣服破了一个洞，妈妈已经把它缝好了。,"这件衣服破了一个洞,妈妈已经把它缝好了",False
T0433,BA_无语境_200,无语境,BA-preferred,1,物理状态改变,17,BA-PC-017,BA-NOCTX-PC-017,1,BA,preferred,我早上,把它丢掉了,我早上把它丢掉了。,那个面包已经发霉了，我早上,我早上,无语境版本：删除前文语境，仅保留局部句框/测试句。,432,我早上把它丢掉了。,False,True,False,True,我早上把它丢掉了。,,,我早上把它丢掉了,我早上把它丢掉了,False,False,True,0,,那个面包已经发霉了，我早上把它丢掉了。,"那个面包已经发霉了,我早上把它丢掉了",False
T0434,BA_无语境_200,无语境,BA-preferred,1,物理状态改变,17,BA-PC-017,BA-NOCTX-PC-017,2,SVO,non-preferred,我早上,丢掉了它,我早上丢掉了它。,那个面包已经发霉了，我早上,我早上,无语境版本：删除前文语境，仅保留局部句框/测试句。,433,我早上丢掉了它。,False,True,True,False,我早上丢掉了他。,,,我早上丢掉了它,我早上丢掉了他,True,True,False,1,replace:它->他@6:7,那个面包已经发霉了，我早上把它丢掉了。,"那个面包已经发霉了,我早上把它丢掉了",False
T0435,BA_无语境_200,无语境,BA-preferred,1,物理状态改变,18,BA-PC-018,BA-NOCTX-PC-018,1,BA,preferred,我加了一些水,把它冲淡了,我加了一些水把它冲淡了。,这碗汤实在太咸了，我加了一些水,我加了一些水,无语境版本：删除前文语境，仅保留局部句框/测试句。,434,我加了一些水把它冲淡了。,False,True,False,True,我加了一些水把它冲淡了。,,,我加了一些水把它冲淡了,我加了一些水把它冲淡了,False,False,True,0,,这碗汤实在太咸了，我加了一些水把它冲淡了。,"这碗汤实在太咸了,我加了一些水把它冲淡了",False
T0436,BA_无语境_200,无语境,BA-preferred,1,物理状态改变,18,BA-PC-018,BA-NOCTX-PC-018,2,SVO,non-preferred,我加了一些水,冲淡了它,我加了一些水冲淡了它。,这碗汤实在太咸了，我加了一些水,我加了一些水,无语境版本：删除前文语境，仅保留局部句框/测试句。,435,我加了一些水冲淡了它。,False,True,True,False,我加了一些水冲淡了它。,,,我加了一些水冲淡了它,我加了一些水冲淡了它,False,False,True,0,,这碗汤实在太咸了，我加了一些水把它冲淡了。,"这碗汤实在太咸了,我加了一些水把它冲淡了",False
T0437,BA_无语境_200,无语境,BA-preferred,1,物理状态改变,19,BA-PC-019,BA-NOCTX-PC-019,1,BA,preferred,我用抹布,把它擦干净了,我用抹布把它擦干净了。,厨房的窗户太脏了，我用抹布,我用抹布,无语境版本：删除前文语境，仅保留局部句框/测试句。,436,我用抹布把它擦干净了。,False,True,False,True,我用抹布把它擦干净了。,,,我用抹布把它擦干净了,我用抹布把它擦干净了,False,False,True,0,,厨房的窗户太脏了，我用抹布把它擦干净了。,"厨房的窗户太脏了,我用抹布把它擦干净了",False
T0438,BA_无语境_200,无语境,BA-preferred,1,物理状态改变,19,BA-PC-019,BA-NOCTX-PC-019,2,SVO,non-preferred,我用抹布,擦干净了它,我用抹布擦干净了它。,厨房的窗户太脏了，我用抹布,我用抹布,无语境版本：删除前文语境，仅保留局部句框/测试句。,437,我用抹布擦干净了它。,False,True,True,False,我用抹布擦干净了它。,,,我用抹布擦干净了它,我用抹布擦干净了它,False,False,True,0,,厨房的窗户太脏了，我用抹布把它擦干净了。,"厨房的窗户太脏了,我用抹布把它擦干净了",False
T0439,BA_无语境_200,无语境,BA-preferred,1,物理状态改变,20,BA-PC-020,BA-NOCTX-PC-020,1,BA,preferred,我先用刀,把它切开了,我先用刀把它切开了。,这个西瓜太大了，我一个人吃不完，先用刀,我先用刀,无语境版本：删除前文语境，仅保留局部句框/测试句。,438,我先用刀把它切开了。,False,True,False,True,我先用刀把它切开了。,,,我先用刀把它切开了,我先用刀把它切开了,False,False,True,0,,这个西瓜太大了，我一个人吃不完，先用刀把它切开了。,"这个西瓜太大了,我一个人吃不完,先用刀把它切开了",False
T0440,BA_无语境_200,无语境,BA-preferred,1,物理状态改变,20,BA-PC-020,BA-NOCTX-PC-020,2,SVO,non-preferred,我先用刀,切开了它,我先用刀切开了它。,这个西瓜太大了，我一个人吃不完，先用刀,我先用刀,无语境版本：删除前文语境，仅保留局部句框/测试句。,439,我先用刀切开了它。,False,True,True,False,我先用刀切开了它。,,,我先用刀切开了它,我先用刀切开了它,False,False,True,0,,这个西瓜太大了，我一个人吃不完，先用刀把它切开了。,"这个西瓜太大了,我一个人吃不完,先用刀把它切开了",False
T0441,BA_无语境_200,无语境,BA-preferred,1,物理状态改变,21,BA-PC-021,BA-NOCTX-PC-021,1,BA,preferred,我只能,把它扔了,我只能把它扔了。,那张画被妹妹涂得乱七八糟，我只能,我只能,无语境版本：删除前文语境，仅保留局部句框/测试句。,440,我只能把它扔了。,False,True,False,True,我只能把它扔了。,,,我只能把它扔了,我只能把它扔了,False,False,True,0,,那张画被妹妹涂得乱七八糟，我只能把它扔了。,"那张画被妹妹涂得乱七八糟,我只能把它扔了",False
T0442,BA_无语境_200,无语境,BA-preferred,1,物理状态改变,21,BA-PC-021,BA-NOCTX-PC-021,2,SVO,non-preferred,我只能,扔了它,我只能扔了它。,那张画被妹妹涂得乱七八糟，我只能,我只能,无语境版本：删除前文语境，仅保留局部句框/测试句。,441,我只能扔了它。,False,True,True,False,我只能扔了他的。,,,我只能扔了它,我只能扔了他的,True,True,False,2,replace:它->他的@5:6,那张画被妹妹涂得乱七八糟，我只能把它扔了。,"那张画被妹妹涂得乱七八糟,我只能把它扔了",False
T0443,BA_无语境_200,无语境,BA-preferred,1,物理状态改变,22,BA-PC-022,BA-NOCTX-PC-022,1,BA,preferred,我先,把它冻起来了,我先把它冻起来了。,昨天买的肉还没吃，为了保鲜，我先,我先,无语境版本：删除前文语境，仅保留局部句框/测试句。,442,我先把它冻起来了。,False,True,False,True,我先把它冻起来了。,,,我先把它冻起来了,我先把它冻起来了,False,False,True,0,,昨天买的肉还没吃，为了保鲜，我先把它冻起来了。,"昨天买的肉还没吃,为了保鲜,我先把它冻起来了",False
T0444,BA_无语境_200,无语境,BA-preferred,1,物理状态改变,22,BA-PC-022,BA-NOCTX-PC-022,2,SVO,non-preferred,我先,冻起来了它,我先冻起来了它。,昨天买的肉还没吃，为了保鲜，我先,我先,无语境版本：删除前文语境，仅保留局部句框/测试句。,443,我先冻起来了它。,False,True,True,False,我先冻起来了它。,,,我先冻起来了它,我先冻起来了它,False,False,True,0,,昨天买的肉还没吃，为了保鲜，我先把它冻起来了。,"昨天买的肉还没吃,为了保鲜,我先把它冻起来了",False
T0445,BA_无语境_200,无语境,BA-preferred,1,物理状态改变,23,BA-PC-023,BA-NOCTX-PC-023,1,BA,preferred,我用吹风机,把它吹干了,我用吹风机把它吹干了。,我的鞋子昨天淋湿了，我用吹风机,我用吹风机,无语境版本：删除前文语境，仅保留局部句框/测试句。,444,我用吹风机把它吹干了。,False,True,False,True,我用吹风机把它吹干了。,,,我用吹风机把它吹干了,我用吹风机把它吹干了,False,False,True,0,,我的鞋子昨天淋湿了，我用吹风机把它吹干了。,"我的鞋子昨天淋湿了,我用吹风机把它吹干了",False
T0446,BA_无语境_200,无语境,BA-preferred,1,物理状态改变,23,BA-PC-023,BA-NOCTX-PC-023,2,SVO,non-preferred,我用吹风机,吹干了它,我用吹风机吹干了它。,我的鞋子昨天淋湿了，我用吹风机,我用吹风机,无语境版本：删除前文语境，仅保留局部句框/测试句。,445,我用吹风机吹干了它。,False,True,True,False,我用吹风机吹干了它。,,,我用吹风机吹干了它,我用吹风机吹干了它,False,False,True,0,,我的鞋子昨天淋湿了，我用吹风机把它吹干了。,"我的鞋子昨天淋湿了,我用吹风机把它吹干了",False
T0447,BA_无语境_200,无语境,BA-preferred,1,物理状态改变,24,BA-PC-024,BA-NOCTX-PC-024,1,BA,preferred,我最后还是,把它吃光了,我最后还是把它吃光了。,这个汉堡实在太大了，但我太饿了，最后还是,我最后还是,无语境版本：删除前文语境，仅保留局部句框/测试句。,446,我最后还是把它吃光了。,False,True,False,True,我最后还是把它吃光了。,,,我最后还是把它吃光了,我最后还是把它吃光了,False,False,True,0,,这个汉堡实在太大了，但我太饿了，最后还是把它吃光了。,"这个汉堡实在太大了,但我太饿了,最后还是把它吃光了",False
T0448,BA_无语境_200,无语境,BA-preferred,1,物理状态改变,24,BA-PC-024,BA-NOCTX-PC-024,2,SVO,non-preferred,我最后还是,吃光了它,我最后还是吃光了它。,这个汉堡实在太大了，但我太饿了，最后还是,我最后还是,无语境版本：删除前文语境，仅保留局部句框/测试句。,447,我最后还是吃光了它。,False,True,True,False,我最后还是吃光了它。,,,我最后还是吃光了它,我最后还是吃光了它,False,False,True,0,,这个汉堡实在太大了，但我太饿了，最后还是把它吃光了。,"这个汉堡实在太大了,但我太饿了,最后还是把它吃光了",False
T0449,BA_无语境_200,无语境,BA-preferred,1,物理状态改变,25,BA-PC-025,BA-NOCTX-PC-025,1,BA,preferred,他用打火机,把它烧了,他用打火机把它烧了。,那封旧情书，他用打火机,他用打火机,无语境版本：删除前文语境，仅保留局部句框/测试句。,448,他用打火机把它烧了。,False,True,False,True,她用打火机把它烧了。,,,他用打火机把它烧了,她用打火机把它烧了,True,True,False,1,replace:他->她@0:1,那封旧情书，他用打火机把它烧了。,"那封旧情书,他用打火机把它烧了",False
T0450,BA_无语境_200,无语境,BA-preferred,1,物理状态改变,25,BA-PC-025,BA-NOCTX-PC-025,2,SVO,non-preferred,他用打火机,烧了它,他用打火机烧了它。,那封旧情书，他用打火机,他用打火机,无语境版本：删除前文语境，仅保留局部句框/测试句。,449,他用打火机烧了它。,False,True,True,False,他用打火机烧了它。,,,他用打火机烧了它,他用打火机烧了它,False,False,True,0,,那封旧情书，他用打火机把它烧了。,"那封旧情书,他用打火机把它烧了",False
T0451,BA_无语境_200,无语境,BA-preferred,1,物理状态改变,26,BA-PC-026,BA-NOCTX-PC-026,1,BA,preferred,昨天晚上我已经,把那些字修改了,昨天晚上我已经把那些字修改了。,这篇作文有很多错别字，昨天晚上我已经,昨天晚上我已经,无语境版本：删除前文语境，仅保留局部句框/测试句。,450,昨天晚上我已经把那些字修改了。,False,True,False,True,昨天晚上我已经把那些字修改了。,,,昨天晚上我已经把那些字修改了,昨天晚上我已经把那些字修改了,False,False,True,0,,这篇作文有很多错别字，昨天晚上我已经把那些字修改了。,"这篇作文有很多错别字,昨天晚上我已经把那些字修改了",False
T0452,BA_无语境_200,无语境,BA-preferred,1,物理状态改变,26,BA-PC-026,BA-NOCTX-PC-026,2,SVO,non-preferred,昨天晚上我已经,修改了那些字,昨天晚上我已经修改了那些字。,这篇作文有很多错别字，昨天晚上我已经,昨天晚上我已经,无语境版本：删除前文语境，仅保留局部句框/测试句。,451,昨天晚上我已经修改了那些字。,False,True,True,False,昨天晚上我已经修改了那些字。,,,昨天晚上我已经修改了那些字,昨天晚上我已经修改了那些字,False,False,True,0,,这篇作文有很多错别字，昨天晚上我已经把那些字修改了。,"这篇作文有很多错别字,昨天晚上我已经把那些字修改了",False
T0453,BA_无语境_200,无语境,BA-preferred,1,物理状态改变,27,BA-PC-027,BA-NOCTX-PC-027,1,BA,preferred,爸爸用锤子,把它拔出来了,爸爸用锤子把它拔出来了。,墙上的那个钉子太危险，爸爸用锤子,爸爸用锤子,无语境版本：删除前文语境，仅保留局部句框/测试句。,452,爸爸用锤子把它拔出来了。,False,True,False,True,爸爸用锤子把它拔出来了。,,,爸爸用锤子把它拔出来了,爸爸用锤子把它拔出来了,False,False,True,0,,墙上的那个钉子太危险，爸爸用锤子把它拔出来了。,"墙上的那个钉子太危险,爸爸用锤子把它拔出来了",False
T0454,BA_无语境_200,无语境,BA-preferred,1,物理状态改变,27,BA-PC-027,BA-NOCTX-PC-027,2,SVO,non-preferred,爸爸用锤子,拔出它来了,爸爸用锤子拔出它来了。,墙上的那个钉子太危险，爸爸用锤子,爸爸用锤子,无语境版本：删除前文语境，仅保留局部句框/测试句。,453,爸爸用锤子拔出它来了。,False,True,True,False,爸爸用锤子拔出他来了。,,,爸爸用锤子拔出它来了,爸爸用锤子拔出他来了,True,True,False,1,replace:它->他@7:8,墙上的那个钉子太危险，爸爸用锤子把它拔出来了。,"墙上的那个钉子太危险,爸爸用锤子把它拔出来了",False
T0455,BA_无语境_200,无语境,BA-preferred,1,物理状态改变,28,BA-PC-028,BA-NOCTX-PC-028,1,BA,preferred,我花了一个小时才,把它修好了,我花了一个小时才把它修好了。,弟弟的玩具车坏了，我花了一个小时才,我花了一个小时才,无语境版本：删除前文语境，仅保留局部句框/测试句。,454,我花了一个小时才把它修好了。,False,True,False,True,我花了一个小时才把它修好了。,,,我花了一个小时才把它修好了,我花了一个小时才把它修好了,False,False,True,0,,弟弟的玩具车坏了，我花了一个小时才把它修好了。,"弟弟的玩具车坏了,我花了一个小时才把它修好了",False
T0456,BA_无语境_200,无语境,BA-preferred,1,物理状态改变,28,BA-PC-028,BA-NOCTX-PC-028,2,SVO,non-preferred,我花了一个小时才,修好了它,我花了一个小时才修好了它。,弟弟的玩具车坏了，我花了一个小时才,我花了一个小时才,无语境版本：删除前文语境，仅保留局部句框/测试句。,455,我花了一个小时才修好了它。,False,True,True,False,我花了一个小时才修好了它。,,,我花了一个小时才修好了它,我花了一个小时才修好了它,False,False,True,0,,弟弟的玩具车坏了，我花了一个小时才把它修好了。,"弟弟的玩具车坏了,我花了一个小时才把它修好了",False
T0457,BA_无语境_200,无语境,BA-preferred,1,物理状态改变,29,BA-PC-029,BA-NOCTX-PC-029,1,BA,preferred,我不小心,把它烧糊了,我不小心把它烧糊了。,锅里没有倒水，我不小心,我不小心,无语境版本：删除前文语境，仅保留局部句框/测试句。,456,我不小心把它烧糊了。,False,True,False,True,我不小心把它烧糊了。,,,我不小心把它烧糊了,我不小心把它烧糊了,False,False,True,0,,锅里没有倒水，我不小心把它烧糊了。,"锅里没有倒水,我不小心把它烧糊了",False
T0458,BA_无语境_200,无语境,BA-preferred,1,物理状态改变,29,BA-PC-029,BA-NOCTX-PC-029,2,SVO,non-preferred,我不小心,烧糊了它,我不小心烧糊了它。,锅里没有倒水，我不小心,我不小心,无语境版本：删除前文语境，仅保留局部句框/测试句。,457,我不小心烧糊了它。,False,True,True,False,我不小心烧糊了它。,,,我不小心烧糊了它,我不小心烧糊了它,False,False,True,0,,锅里没有倒水，我不小心把它烧糊了。,"锅里没有倒水,我不小心把它烧糊了",False
T0459,BA_无语境_200,无语境,BA-preferred,1,物理状态改变,30,BA-PC-030,BA-NOCTX-PC-030,1,BA,preferred,我一脚,把它踩扁了,我一脚把它踩扁了。,那个旧纸箱没用了，我一脚,我一脚,无语境版本：删除前文语境，仅保留局部句框/测试句。,458,我一脚把它踩扁了。,False,True,False,True,我一脚把它踩扁了。,,,我一脚把它踩扁了,我一脚把它踩扁了,False,False,True,0,,那个旧纸箱没用了，我一脚把它踩扁了。,"那个旧纸箱没用了,我一脚把它踩扁了",False
T0460,BA_无语境_200,无语境,BA-preferred,1,物理状态改变,30,BA-PC-030,BA-NOCTX-PC-030,2,SVO,non-preferred,我一脚,踩扁了它,我一脚踩扁了它。,那个旧纸箱没用了，我一脚,我一脚,无语境版本：删除前文语境，仅保留局部句框/测试句。,459,我一脚踩扁了它。,False,True,True,False,我一脚踩扁了他。,,,我一脚踩扁了它,我一脚踩扁了他,True,True,False,1,replace:它->他@6:7,那个旧纸箱没用了，我一脚把它踩扁了。,"那个旧纸箱没用了,我一脚把它踩扁了",False
T0461,BA_无语境_200,无语境,BA-preferred,1,物理状态改变,31,BA-PC-031,BA-NOCTX-PC-031,1,BA,preferred,妈妈放进锅里,把它炖了,妈妈放进锅里把它炖了。,这条鱼腌好了，妈妈放进锅里,妈妈放进锅里,无语境版本：删除前文语境，仅保留局部句框/测试句。,460,妈妈放进锅里把它炖了。,False,True,False,True,妈妈放进锅里把它炖了。,,,妈妈放进锅里把它炖了,妈妈放进锅里把它炖了,False,False,True,0,,这条鱼腌好了，妈妈放进锅里把它炖了。,"这条鱼腌好了,妈妈放进锅里把它炖了",False
T0462,BA_无语境_200,无语境,BA-preferred,1,物理状态改变,31,BA-PC-031,BA-NOCTX-PC-031,2,SVO,non-preferred,妈妈放进锅里,炖了它,妈妈放进锅里炖了它。,这条鱼腌好了，妈妈放进锅里,妈妈放进锅里,无语境版本：删除前文语境，仅保留局部句框/测试句。,461,妈妈放进锅里炖了它。,False,True,True,False,妈妈放进锅里炖了它。,,,妈妈放进锅里炖了它,妈妈放进锅里炖了它,False,False,True,0,,这条鱼腌好了，妈妈放进锅里把它炖了。,"这条鱼腌好了,妈妈放进锅里把它炖了",False
T0463,BA_无语境_200,无语境,BA-preferred,1,物理状态改变,32,BA-PC-032,BA-NOCTX-PC-032,1,BA,preferred,弟弟拿针一戳就,把它扎破了,弟弟拿针一戳就把它扎破了。,那个气球吹得太大了，弟弟拿针一戳就,弟弟拿针一戳就,无语境版本：删除前文语境，仅保留局部句框/测试句。,462,弟弟拿针一戳就把它扎破了。,False,True,False,True,弟弟拿针一戳就把它扎破了。,,,弟弟拿针一戳就把它扎破了,弟弟拿针一戳就把它扎破了,False,False,True,0,,那个气球吹得太大了，弟弟拿针一戳就把它扎破了。,"那个气球吹得太大了,弟弟拿针一戳就把它扎破了",False
T0464,BA_无语境_200,无语境,BA-preferred,1,物理状态改变,32,BA-PC-032,BA-NOCTX-PC-032,2,SVO,non-preferred,弟弟拿针一戳就,扎破了它,弟弟拿针一戳就扎破了它。,那个气球吹得太大了，弟弟拿针一戳就,弟弟拿针一戳就,无语境版本：删除前文语境，仅保留局部句框/测试句。,463,弟弟拿针一戳就扎破了它。,False,True,True,False,弟弟拿针一戳就扎破了她。,,,弟弟拿针一戳就扎破了它,弟弟拿针一戳就扎破了她,True,True,False,1,replace:它->她@10:11,那个气球吹得太大了，弟弟拿针一戳就把它扎破了。,"那个气球吹得太大了,弟弟拿针一戳就把它扎破了",False
T0465,BA_无语境_200,无语境,BA-preferred,1,物理状态改变,33,BA-PC-033,BA-NOCTX-PC-033,1,BA,preferred,我昨天去理发店,把它剪短了,我昨天去理发店把它剪短了。,头发太长了，我昨天去理发店,我昨天去理发店,无语境版本：删除前文语境，仅保留局部句框/测试句。,464,我昨天去理发店把它剪短了。,False,True,False,True,我昨天去理发店把她剪短了。,,,我昨天去理发店把它剪短了,我昨天去理发店把她剪短了,True,True,False,1,replace:它->她@8:9,头发太长了，我昨天去理发店把它剪短了。,"头发太长了,我昨天去理发店把它剪短了",False
T0466,BA_无语境_200,无语境,BA-preferred,1,物理状态改变,33,BA-PC-033,BA-NOCTX-PC-033,2,SVO,non-preferred,我昨天去理发店,剪短了它,我昨天去理发店剪短了它。,头发太长了，我昨天去理发店,我昨天去理发店,无语境版本：删除前文语境，仅保留局部句框/测试句。,465,我昨天去理发店剪短了它。,False,True,True,False,我昨天去理发店剪短了她。,,,我昨天去理发店剪短了它,我昨天去理发店剪短了她,True,True,False,1,replace:它->她@10:11,头发太长了，我昨天去理发店把它剪短了。,"头发太长了,我昨天去理发店把它剪短了",False
T0467,BA_无语境_200,无语境,BA-preferred,1,物理状态改变,34,BA-PC-034,BA-NOCTX-PC-034,1,BA,preferred,我只好,把它折起来了,我只好把它折起来了。,这张纸太大了，放不进信封，我只好,我只好,无语境版本：删除前文语境，仅保留局部句框/测试句。,466,我只好把它折起来了。,False,True,False,True,我只好把它折起来了。,,,我只好把它折起来了,我只好把它折起来了,False,False,True,0,,这张纸太大了，放不进信封，我只好把它折起来了。,"这张纸太大了,放不进信封,我只好把它折起来了",False
T0468,BA_无语境_200,无语境,BA-preferred,1,物理状态改变,34,BA-PC-034,BA-NOCTX-PC-034,2,SVO,non-preferred,我只好,折起它来了,我只好折起它来了。,这张纸太大了，放不进信封，我只好,我只好,无语境版本：删除前文语境，仅保留局部句框/测试句。,467,我只好折起它来了。,False,True,True,False,我只好折起他来了。,,,我只好折起它来了,我只好折起他来了,True,True,False,1,replace:它->他@5:6,这张纸太大了，放不进信封，我只好把它折起来了。,"这张纸太大了,放不进信封,我只好把它折起来了",False
T0469,BA_无语境_200,无语境,BA-preferred,1,物理状态改变,35,BA-PC-035,BA-NOCTX-PC-035,1,BA,preferred,我用小刀重新,把它削尖了,我用小刀重新把它削尖了。,我的铅笔头断了，我用小刀重新,我用小刀重新,无语境版本：删除前文语境，仅保留局部句框/测试句。,468,我用小刀重新把它削尖了。,False,True,False,True,我用小刀重新把它削肩了。,,,我用小刀重新把它削尖了,我用小刀重新把它削肩了,True,True,False,1,replace:尖->肩@9:10,我的铅笔头断了，我用小刀重新把它削尖了。,"我的铅笔头断了,我用小刀重新把它削尖了",False
T0470,BA_无语境_200,无语境,BA-preferred,1,物理状态改变,35,BA-PC-035,BA-NOCTX-PC-035,2,SVO,non-preferred,我用小刀重新,削尖了它,我用小刀重新削尖了它。,我的铅笔头断了，我用小刀重新,我用小刀重新,无语境版本：删除前文语境，仅保留局部句框/测试句。,469,我用小刀重新削尖了它。,False,True,True,False,我用小刀重新削肩了它。,,,我用小刀重新削尖了它,我用小刀重新削肩了它,True,True,False,1,replace:尖->肩@7:8,我的铅笔头断了，我用小刀重新把它削尖了。,"我的铅笔头断了,我用小刀重新把它削尖了",False
T0471,BA_无语境_200,无语境,BA-preferred,1,物理状态改变,36,BA-PC-036,BA-NOCTX-PC-036,1,BA,preferred,我不小心,把它打碎了,我不小心把它打碎了。,这个旧杯子有裂缝，我不小心,我不小心,无语境版本：删除前文语境，仅保留局部句框/测试句。,470,我不小心把它打碎了。,False,True,False,True,我不小心把它打碎了。,,,我不小心把它打碎了,我不小心把它打碎了,False,False,True,0,,这个旧杯子有裂缝，我不小心把它打碎了。,"这个旧杯子有裂缝,我不小心把它打碎了",False
T0472,BA_无语境_200,无语境,BA-preferred,1,物理状态改变,36,BA-PC-036,BA-NOCTX-PC-036,2,SVO,non-preferred,我不小心,打碎了它,我不小心打碎了它。,这个旧杯子有裂缝，我不小心,我不小心,无语境版本：删除前文语境，仅保留局部句框/测试句。,471,我不小心打碎了它。,False,True,True,False,我不小心打碎了它。,,,我不小心打碎了它,我不小心打碎了它,False,False,True,0,,这个旧杯子有裂缝，我不小心把它打碎了。,"这个旧杯子有裂缝,我不小心把它打碎了",False
T0473,BA_无语境_200,无语境,BA-preferred,1,物理状态改变,37,BA-PC-037,BA-NOCTX-PC-037,1,BA,preferred,我捡起来顺手,把它扔了,我捡起来顺手把它扔了。,地上的那张废纸，我捡起来顺手,我捡起来顺手,无语境版本：删除前文语境，仅保留局部句框/测试句。,472,我捡起来顺手把它扔了。,False,True,False,True,我捡起来顺手把它扔了。,,,我捡起来顺手把它扔了,我捡起来顺手把它扔了,False,False,True,0,,地上的那张废纸，我捡起来顺手把它扔了。,"地上的那张废纸,我捡起来顺手把它扔了",False
T0474,BA_无语境_200,无语境,BA-preferred,1,物理状态改变,37,BA-PC-037,BA-NOCTX-PC-037,2,SVO,non-preferred,我捡起来顺手,扔了它,我捡起来顺手扔了它。,地上的那张废纸，我捡起来顺手,我捡起来顺手,无语境版本：删除前文语境，仅保留局部句框/测试句。,473,我捡起来顺手扔了它。,False,True,True,False,我捡起来顺手扔了它。,,,我捡起来顺手扔了它,我捡起来顺手扔了它,False,False,True,0,,地上的那张废纸，我捡起来顺手把它扔了。,"地上的那张废纸,我捡起来顺手把它扔了",False
T0475,BA_无语境_200,无语境,BA-preferred,1,物理状态改变,38,BA-PC-038,BA-NOCTX-PC-038,1,BA,preferred,我早上加了蛋,把它炒了,我早上加了蛋把它炒了。,昨天晚上剩下的米饭，我早上加了蛋,我早上加了蛋,无语境版本：删除前文语境，仅保留局部句框/测试句。,474,我早上加了蛋把它炒了。,False,True,False,True,我早上加了蛋把它炒了。,,,我早上加了蛋把它炒了,我早上加了蛋把它炒了,False,False,True,0,,昨天晚上剩下的米饭，我早上加了蛋把它炒了。,"昨天晚上剩下的米饭,我早上加了蛋把它炒了",False
T0476,BA_无语境_200,无语境,BA-preferred,1,物理状态改变,38,BA-PC-038,BA-NOCTX-PC-038,2,SVO,non-preferred,我早上加了蛋,炒了它,我早上加了蛋炒了它。,昨天晚上剩下的米饭，我早上加了蛋,我早上加了蛋,无语境版本：删除前文语境，仅保留局部句框/测试句。,475,我早上加了蛋炒了它。,False,True,True,False,我早上加了蛋炒了它。,,,我早上加了蛋炒了它,我早上加了蛋炒了它,False,False,True,0,,昨天晚上剩下的米饭，我早上加了蛋把它炒了。,"昨天晚上剩下的米饭,我早上加了蛋把它炒了",False
T0477,BA_无语境_200,无语境,BA-preferred,1,物理状态改变,39,BA-PC-039,BA-NOCTX-PC-039,1,BA,preferred,你赶紧,把它喝了吧,你赶紧把它喝了吧。,这瓶矿泉水我已经打开了，你赶紧,你赶紧,无语境版本：删除前文语境，仅保留局部句框/测试句。,476,你赶紧把它喝了吧。,False,True,False,True,你赶紧把它喝了吧。,,,你赶紧把它喝了吧,你赶紧把它喝了吧,False,False,True,0,,这瓶矿泉水我已经打开了，你赶紧把它喝了吧。,"这瓶矿泉水我已经打开了,你赶紧把它喝了吧",False
T0478,BA_无语境_200,无语境,BA-preferred,1,物理状态改变,39,BA-PC-039,BA-NOCTX-PC-039,2,SVO,non-preferred,你赶紧,喝了它吧,你赶紧喝了它吧。,这瓶矿泉水我已经打开了，你赶紧,你赶紧,无语境版本：删除前文语境，仅保留局部句框/测试句。,477,你赶紧喝了它吧。,False,True,True,False,你赶紧喝了他吧。,,,你赶紧喝了它吧,你赶紧喝了他吧,True,True,False,1,replace:它->他@5:6,这瓶矿泉水我已经打开了，你赶紧把它喝了吧。,"这瓶矿泉水我已经打开了,你赶紧把它喝了吧",False
T0479,BA_无语境_200,无语境,BA-preferred,1,物理状态改变,40,BA-PC-040,BA-NOCTX-PC-040,1,BA,preferred,工人们用机器,把它砸碎了,工人们用机器把它砸碎了。,那块大石头挡在路中间，工人们用机器,工人们用机器,无语境版本：删除前文语境，仅保留局部句框/测试句。,478,工人们用机器把它砸碎了。,False,True,False,True,工人们用机器把它砸碎了。,,,工人们用机器把它砸碎了,工人们用机器把它砸碎了,False,False,True,0,,那块大石头挡在路中间，工人们用机器把它砸碎了。,"那块大石头挡在路中间,工人们用机器把它砸碎了",False
T0480,BA_无语境_200,无语境,BA-preferred,1,物理状态改变,40,BA-PC-040,BA-NOCTX-PC-040,2,SVO,non-preferred,工人们用机器,砸碎了它,工人们用机器砸碎了它。,那块大石头挡在路中间，工人们用机器,工人们用机器,无语境版本：删除前文语境，仅保留局部句框/测试句。,479,工人们用机器砸碎了它。,False,True,True,False,工人们用机器砸碎了它。,,,工人们用机器砸碎了它,工人们用机器砸碎了它,False,False,True,0,,那块大石头挡在路中间，工人们用机器把它砸碎了。,"那块大石头挡在路中间,工人们用机器把它砸碎了",False
T0481,BA_无语境_200,无语境,BA-preferred,1,物理状态改变,41,BA-PC-041,BA-NOCTX-PC-041,1,BA,preferred,妈妈拿出去,把它晒干了,妈妈拿出去把它晒干了。,外面太阳很大，被子很潮湿，妈妈拿出去,妈妈拿出去,无语境版本：删除前文语境，仅保留局部句框/测试句。,480,妈妈拿出去把它晒干了。,False,True,False,True,妈妈拿出去把它晒干了。,,,妈妈拿出去把它晒干了,妈妈拿出去把它晒干了,False,False,True,0,,外面太阳很大，被子很潮湿，妈妈拿出去把它晒干了。,"外面太阳很大,被子很潮湿,妈妈拿出去把它晒干了",False
T0482,BA_无语境_200,无语境,BA-preferred,1,物理状态改变,41,BA-PC-041,BA-NOCTX-PC-041,2,SVO,non-preferred,妈妈拿出去,晒干了它,妈妈拿出去晒干了它。,外面太阳很大，被子很潮湿，妈妈拿出去,妈妈拿出去,无语境版本：删除前文语境，仅保留局部句框/测试句。,481,妈妈拿出去晒干了它。,False,True,True,False,妈妈拿出去晒干了她。,,,妈妈拿出去晒干了它,妈妈拿出去晒干了她,True,True,False,1,replace:它->她@8:9,外面太阳很大，被子很潮湿，妈妈拿出去把它晒干了。,"外面太阳很大,被子很潮湿,妈妈拿出去把它晒干了",False
T0483,BA_无语境_200,无语境,BA-preferred,1,物理状态改变,42,BA-PC-042,BA-NOCTX-PC-042,1,BA,preferred,爷爷用钉子,把它加固了,爷爷用钉子把它加固了。,这个木头椅子不结实了，爷爷用钉子,爷爷用钉子,无语境版本：删除前文语境，仅保留局部句框/测试句。,482,爷爷用钉子把它加固了。,False,True,False,True,爷爷用钉子把它加固了。,,,爷爷用钉子把它加固了,爷爷用钉子把它加固了,False,False,True,0,,这个木头椅子不结实了，爷爷用钉子把它加固了。,"这个木头椅子不结实了,爷爷用钉子把它加固了",False
T0484,BA_无语境_200,无语境,BA-preferred,1,物理状态改变,42,BA-PC-042,BA-NOCTX-PC-042,2,SVO,non-preferred,爷爷用钉子,加固了它,爷爷用钉子加固了它。,这个木头椅子不结实了，爷爷用钉子,爷爷用钉子,无语境版本：删除前文语境，仅保留局部句框/测试句。,483,爷爷用钉子加固了它。,False,True,True,False,爷爷用钉子加固了她。,,,爷爷用钉子加固了它,爷爷用钉子加固了她,True,True,False,1,replace:它->她@8:9,这个木头椅子不结实了，爷爷用钉子把它加固了。,"这个木头椅子不结实了,爷爷用钉子把它加固了",False
T0485,BA_无语境_200,无语境,BA-preferred,1,物理状态改变,43,BA-PC-043,BA-NOCTX-PC-043,1,BA,preferred,昨天裁缝,把它改短了,昨天裁缝把它改短了。,我的旧裤子太长了，昨天裁缝,昨天裁缝,无语境版本：删除前文语境，仅保留局部句框/测试句。,484,昨天裁缝把它改短了。,False,True,False,True,昨天裁缝把它改短了。,,,昨天裁缝把它改短了,昨天裁缝把它改短了,False,False,True,0,,我的旧裤子太长了，昨天裁缝把它改短了。,"我的旧裤子太长了,昨天裁缝把它改短了",False
T0486,BA_无语境_200,无语境,BA-preferred,1,物理状态改变,43,BA-PC-043,BA-NOCTX-PC-043,2,SVO,non-preferred,昨天裁缝,改短了它,昨天裁缝改短了它。,我的旧裤子太长了，昨天裁缝,昨天裁缝,无语境版本：删除前文语境，仅保留局部句框/测试句。,485,昨天裁缝改短了它。,False,True,True,False,昨天裁缝改短了她。,,,昨天裁缝改短了它,昨天裁缝改短了她,True,True,False,1,replace:它->她@7:8,我的旧裤子太长了，昨天裁缝把它改短了。,"我的旧裤子太长了,昨天裁缝把它改短了",False
T0487,BA_无语境_200,无语境,BA-preferred,1,物理状态改变,44,BA-PC-044,BA-NOCTX-PC-044,1,BA,preferred,我就,把它缩短了,我就把它缩短了。,这篇文章写得太长了，我就,我就,无语境版本：删除前文语境，仅保留局部句框/测试句。,486,我就把它缩短了。,False,True,False,True,我就怕他缩短了。,,,我就把它缩短了,我就怕他缩短了,True,True,False,2,replace:把它->怕他@2:4,这篇文章写得太长了，我就把它缩短了。,"这篇文章写得太长了,我就把它缩短了",False
T0488,BA_无语境_200,无语境,BA-preferred,1,物理状态改变,44,BA-PC-044,BA-NOCTX-PC-044,2,SVO,non-preferred,我就,缩短了它,我就缩短了它。,这篇文章写得太长了，我就,我就,无语境版本：删除前文语境，仅保留局部句框/测试句。,487,我就缩短了它。,False,True,True,False,我我就缩短了她。,,,我就缩短了它,我我就缩短了她,True,True,False,2,insert:->我@0:0 | replace:它->她@5:6,这篇文章写得太长了，我就把它缩短了。,"这篇文章写得太长了,我就把它缩短了",False
T0489,BA_无语境_200,无语境,BA-preferred,1,物理状态改变,45,BA-PC-045,BA-NOCTX-PC-045,1,BA,preferred,修车师傅,把它补好了,修车师傅把它补好了。,那个旧轮胎漏气了，修车师傅,修车师傅,无语境版本：删除前文语境，仅保留局部句框/测试句。,488,修车师傅把它补好了。,False,True,False,True,修车师傅把他补好了。,,,修车师傅把它补好了,修车师傅把他补好了,True,True,False,1,replace:它->他@5:6,那个旧轮胎漏气了，修车师傅把它补好了。,"那个旧轮胎漏气了,修车师傅把它补好了",False
T0490,BA_无语境_200,无语境,BA-preferred,1,物理状态改变,45,BA-PC-045,BA-NOCTX-PC-045,2,SVO,non-preferred,修车师傅,补好了它,修车师傅补好了它。,那个旧轮胎漏气了，修车师傅,修车师傅,无语境版本：删除前文语境，仅保留局部句框/测试句。,489,修车师傅补好了它。,False,True,True,False,修车师傅补好了他。,,,修车师傅补好了它,修车师傅补好了他,True,True,False,1,replace:它->他@7:8,那个旧轮胎漏气了，修车师傅把它补好了。,"那个旧轮胎漏气了,修车师傅把它补好了",False
T0491,BA_无语境_200,无语境,BA-preferred,1,物理状态改变,46,BA-PC-046,BA-NOCTX-PC-046,1,BA,preferred,我就,把它倒掉了,我就把它倒掉了。,这杯茶已经凉透了，我不喜欢喝凉茶，就,我就,无语境版本：删除前文语境，仅保留局部句框/测试句。,490,我就把它倒掉了。,False,True,False,True,我就把它倒掉了。,,,我就把它倒掉了,我就把它倒掉了,False,False,True,0,,这杯茶已经凉透了，我不喜欢喝凉茶，就把它倒掉了。,"这杯茶已经凉透了,我不喜欢喝凉茶,就把它倒掉了",False
T0492,BA_无语境_200,无语境,BA-preferred,1,物理状态改变,46,BA-PC-046,BA-NOCTX-PC-046,2,SVO,non-preferred,我就,倒掉它了,我就倒掉它了。,这杯茶已经凉透了，我不喜欢喝凉茶，就,我就,无语境版本：删除前文语境，仅保留局部句框/测试句。,491,我就倒掉它了。,False,True,True,False,我就倒掉他了。,,,我就倒掉它了,我就倒掉他了,True,True,False,1,replace:它->他@4:5,这杯茶已经凉透了，我不喜欢喝凉茶，就把它倒掉了。,"这杯茶已经凉透了,我不喜欢喝凉茶,就把它倒掉了",False
T0493,BA_无语境_200,无语境,BA-preferred,1,物理状态改变,47,BA-PC-047,BA-NOCTX-PC-047,1,BA,preferred,我现在已经,把它烤熟了,我现在已经把它烤熟了。,听说你想吃饼干，我现在已经,我现在已经,无语境版本：删除前文语境，仅保留局部句框/测试句。,492,我现在已经把它烤熟了。,False,True,False,True,我现在已经把它烤熟了。,,,我现在已经把它烤熟了,我现在已经把它烤熟了,False,False,True,0,,听说你想吃饼干，我现在已经把它烤熟了。,"听说你想吃饼干,我现在已经把它烤熟了",False
T0494,BA_无语境_200,无语境,BA-preferred,1,物理状态改变,47,BA-PC-047,BA-NOCTX-PC-047,2,SVO,non-preferred,我现在已经,烤熟它了,我现在已经烤熟它了。,听说你想吃饼干，我现在已经,我现在已经,无语境版本：删除前文语境，仅保留局部句框/测试句。,493,我现在已经烤熟它了。,False,True,True,False,我现在已经烤熟他了。,,,我现在已经烤熟它了,我现在已经烤熟他了,True,True,False,1,replace:它->他@7:8,听说你想吃饼干，我现在已经把它烤熟了。,"听说你想吃饼干,我现在已经把它烤熟了",False
T0495,BA_无语境_200,无语境,BA-preferred,1,物理状态改变,48,BA-PC-048,BA-NOCTX-PC-048,1,BA,preferred,他,把它包起来了,他把它包起来了。,弟弟把口香糖吐在纸巾里，他,他,无语境版本：删除前文语境，仅保留局部句框/测试句。,494,他把它包起来了。,False,True,False,True,他把它包起来了。,,,他把它包起来了,他把它包起来了,False,False,True,0,,弟弟把口香糖吐在纸巾里，他把它包起来了。,"弟弟把口香糖吐在纸巾里,他把它包起来了",False
T0496,BA_无语境_200,无语境,BA-preferred,1,物理状态改变,48,BA-PC-048,BA-NOCTX-PC-048,2,SVO,non-preferred,他,包起它来了,他包起它来了。,弟弟把口香糖吐在纸巾里，他,他,无语境版本：删除前文语境，仅保留局部句框/测试句。,495,他包起它来了。,False,True,True,False,他抱起他来了。,,,他包起它来了,他抱起他来了,True,True,False,2,replace:包->抱@1:2 | replace:它->他@3:4,弟弟把口香糖吐在纸巾里，他把它包起来了。,"弟弟把口香糖吐在纸巾里,他把它包起来了",False
T0497,BA_无语境_200,无语境,BA-preferred,1,物理状态改变,49,BA-PC-049,BA-NOCTX-PC-049,1,BA,preferred,我伸手,把它关掉了,我伸手把它关掉了。,那个闹钟一直响个不停，我伸手,我伸手,无语境版本：删除前文语境，仅保留局部句框/测试句。,496,我伸手把它关掉了。,False,True,False,True,我伸手把它关掉了。,,,我伸手把它关掉了,我伸手把它关掉了,False,False,True,0,,那个闹钟一直响个不停，我伸手把它关掉了。,"那个闹钟一直响个不停,我伸手把它关掉了",False
T0498,BA_无语境_200,无语境,BA-preferred,1,物理状态改变,49,BA-PC-049,BA-NOCTX-PC-049,2,SVO,non-preferred,我伸手,关掉它了,我伸手关掉它了。,那个闹钟一直响个不停，我伸手,我伸手,无语境版本：删除前文语境，仅保留局部句框/测试句。,497,我伸手关掉它了。,False,True,True,False,我伸手关掉他了。,,,我伸手关掉它了,我伸手关掉他了,True,True,False,1,replace:它->他@5:6,那个闹钟一直响个不停，我伸手把它关掉了。,"那个闹钟一直响个不停,我伸手把它关掉了",False
T0499,BA_无语境_200,无语境,BA-preferred,1,物理状态改变,50,BA-PC-050,BA-NOCTX-PC-050,1,BA,preferred,你快点,把它吃了吧,你快点把它吃了吧。,这盒冰淇淋马上就要融化了，你快点,你快点,无语境版本：删除前文语境，仅保留局部句框/测试句。,498,你快点把它吃了吧。,False,True,False,True,你快点把它吃了吧。,,,你快点把它吃了吧,你快点把它吃了吧,False,False,True,0,,这盒冰淇淋马上就要融化了，你快点把它吃了吧。,"这盒冰淇淋马上就要融化了,你快点把它吃了吧",False
T0500,BA_无语境_200,无语境,BA-preferred,1,物理状态改变,50,BA-PC-050,BA-NOCTX-PC-050,2,SVO,non-preferred,你快点,吃了它吧,你快点吃了它吧。,这盒冰淇淋马上就要融化了，你快点,你快点,无语境版本：删除前文语境，仅保留局部句框/测试句。,499,你快点吃了它吧。,False,True,True,False,你快点吃了他吧。,,,你快点吃了它吧,你快点吃了他吧,True,True,False,1,replace:它->他@5:6,这盒冰淇淋马上就要融化了，你快点把它吃了吧。,"这盒冰淇淋马上就要融化了,你快点把它吃了吧",False
T0501,BA_无语境_200,无语境,BA-preferred,2,空间位移,1,BA-SD-001,BA-NOCTX-SD-001,1,BA,preferred,我,把它挂起来了,我把它挂起来了。,你的外套放在沙发上太乱了，我,我,无语境版本：删除前文语境，仅保留局部句框/测试句。,500,我把它挂起来了。,False,True,False,True,我把她挂起来了。,,,我把它挂起来了,我把她挂起来了,True,True,False,1,replace:它->她@2:3,你的外套放在沙发上太乱了，我把它挂起来了。,"你的外套放在沙发上太乱了,我把它挂起来了",False
T0502,BA_无语境_200,无语境,BA-preferred,2,空间位移,1,BA-SD-001,BA-NOCTX-SD-001,2,SVO,non-preferred,我,挂起它来了,我挂起它来了。,你的外套放在沙发上太乱了，我,我,无语境版本：删除前文语境，仅保留局部句框/测试句。,501,我挂起它来了。,False,True,True,False,我挂起他来了。,,,我挂起它来了,我挂起他来了,True,True,False,1,replace:它->他@3:4,你的外套放在沙发上太乱了，我把它挂起来了。,"你的外套放在沙发上太乱了,我把它挂起来了",False
T0503,BA_无语境_200,无语境,BA-preferred,2,空间位移,2,BA-SD-002,BA-NOCTX-SD-002,1,BA,preferred,我已经,把它推进来了,我已经把它推进来了。,外面下雨了，院子里的自行车，我已经,我已经,无语境版本：删除前文语境，仅保留局部句框/测试句。,502,我已经把它推进来了。,False,True,False,True,我已经把他推进来了。,,,我已经把它推进来了,我已经把他推进来了,True,True,False,1,replace:它->他@4:5,外面下雨了，院子里的自行车，我已经把它推进来了。,"外面下雨了,院子里的自行车,我已经把它推进来了",False
T0504,BA_无语境_200,无语境,BA-preferred,2,空间位移,2,BA-SD-002,BA-NOCTX-SD-002,2,SVO,non-preferred,我已经,推它进来了,我已经推它进来了。,外面下雨了，院子里的自行车，我已经,我已经,无语境版本：删除前文语境，仅保留局部句框/测试句。,503,我已经推它进来了。,False,True,True,False,我已经推他进来了。,,,我已经推它进来了,我已经推他进来了,True,True,False,1,replace:它->他@4:5,外面下雨了，院子里的自行车，我已经把它推进来了。,"外面下雨了,院子里的自行车,我已经把它推进来了",False
T0505,BA_无语境_200,无语境,BA-preferred,2,空间位移,3,BA-SD-003,BA-NOCTX-SD-003,1,BA,preferred,昨天我,把它放回书架了,昨天我把它放回书架了。,这本书我看完了，昨天我,昨天我,无语境版本：删除前文语境，仅保留局部句框/测试句。,504,昨天我把它放回书架了。,False,True,False,True,昨天我把它放回书架了。,,,昨天我把它放回书架了,昨天我把它放回书架了,False,False,True,0,,这本书我看完了，昨天我把它放回书架了。,"这本书我看完了,昨天我把它放回书架了",False
T0506,BA_无语境_200,无语境,BA-preferred,2,空间位移,3,BA-SD-003,BA-NOCTX-SD-003,2,SVO,non-preferred,昨天我,放它回书架了,昨天我放它回书架了。,这本书我看完了，昨天我,昨天我,无语境版本：删除前文语境，仅保留局部句框/测试句。,505,昨天我放它回书架了。,False,True,True,False,昨天我放他回书架了。,,,昨天我放它回书架了,昨天我放他回书架了,True,True,False,1,replace:它->他@4:5,这本书我看完了，昨天我把它放回书架了。,"这本书我看完了,昨天我把它放回书架了",False
T0507,BA_无语境_200,无语境,BA-preferred,2,空间位移,4,BA-SD-004,BA-NOCTX-SD-004,1,BA,preferred,出门的时候我,把垃圾扔了,出门的时候我把垃圾扔了。,垃圾桶满了，出门的时候我,出门的时候我,无语境版本：删除前文语境，仅保留局部句框/测试句。,506,出门的时候我把垃圾扔了。,False,True,False,True,出门的时候我把垃圾扔了。,,,出门的时候我把垃圾扔了,出门的时候我把垃圾扔了,False,False,True,0,,垃圾桶满了，出门的时候我把垃圾扔了。,"垃圾桶满了,出门的时候我把垃圾扔了",False
T0508,BA_无语境_200,无语境,BA-preferred,2,空间位移,4,BA-SD-004,BA-NOCTX-SD-004,2,SVO,non-preferred,出门的时候我,扔了垃圾,出门的时候我扔了垃圾。,垃圾桶满了，出门的时候我,出门的时候我,无语境版本：删除前文语境，仅保留局部句框/测试句。,507,出门的时候我扔了垃圾。,False,True,True,False,出门的时候我扔了垃圾。,,,出门的时候我扔了垃圾,出门的时候我扔了垃圾,False,False,True,0,,垃圾桶满了，出门的时候我把垃圾扔了。,"垃圾桶满了,出门的时候我把垃圾扔了",False
T0509,BA_无语境_200,无语境,BA-preferred,2,空间位移,5,BA-SD-005,BA-NOCTX-SD-005,1,BA,preferred,我叫人,把它搬上楼了,我叫人把它搬上楼了。,行李箱太重了，我叫人,我叫人,无语境版本：删除前文语境，仅保留局部句框/测试句。,508,我叫人把它搬上楼了。,False,True,False,True,我叫人把它搬上楼了。,,,我叫人把它搬上楼了,我叫人把它搬上楼了,False,False,True,0,,行李箱太重了，我叫人把它搬上楼了。,"行李箱太重了,我叫人把它搬上楼了",False
T0510,BA_无语境_200,无语境,BA-preferred,2,空间位移,5,BA-SD-005,BA-NOCTX-SD-005,2,SVO,non-preferred,我叫人,搬它上了楼,我叫人搬它上了楼。,行李箱太重了，我叫人,我叫人,无语境版本：删除前文语境，仅保留局部句框/测试句。,509,我叫人搬它上了楼。,False,True,True,False,我叫人搬他上了楼。,,,我叫人搬它上了楼,我叫人搬他上了楼,True,True,False,1,replace:它->他@4:5,行李箱太重了，我叫人把它搬上楼了。,"行李箱太重了,我叫人把它搬上楼了",False
T0511,BA_无语境_200,无语境,BA-preferred,2,空间位移,6,BA-SD-006,BA-NOCTX-SD-006,1,BA,preferred,我,把它放进冰箱了,我把它放进冰箱了。,刚买的啤酒不凉，我,我,无语境版本：删除前文语境，仅保留局部句框/测试句。,510,我把它放进冰箱了。,False,True,False,True,我把她放进冰箱了。,,,我把它放进冰箱了,我把她放进冰箱了,True,True,False,1,replace:它->她@2:3,刚买的啤酒不凉，我把它放进冰箱了。,"刚买的啤酒不凉,我把它放进冰箱了",False
T0512,BA_无语境_200,无语境,BA-preferred,2,空间位移,6,BA-SD-006,BA-NOCTX-SD-006,2,SVO,non-preferred,我,放它进了冰箱,我放它进了冰箱。,刚买的啤酒不凉，我,我,无语境版本：删除前文语境，仅保留局部句框/测试句。,511,我放它进了冰箱。,False,True,True,False,我放他进了冰箱。,,,我放它进了冰箱,我放他进了冰箱,True,True,False,1,replace:它->他@2:3,刚买的啤酒不凉，我把它放进冰箱了。,"刚买的啤酒不凉,我把它放进冰箱了",False
T0513,BA_无语境_200,无语境,BA-preferred,2,空间位移,7,BA-SD-007,BA-NOCTX-SD-007,1,BA,preferred,我,把它捡起来了,我把它捡起来了。,钱包掉在地上了，我,我,无语境版本：删除前文语境，仅保留局部句框/测试句。,512,我把它捡起来了。,False,True,False,True,我把她捡起来了。,,,我把它捡起来了,我把她捡起来了,True,True,False,1,replace:它->她@2:3,钱包掉在地上了，我把它捡起来了。,"钱包掉在地上了,我把它捡起来了",False
T0514,BA_无语境_200,无语境,BA-preferred,2,空间位移,7,BA-SD-007,BA-NOCTX-SD-007,2,SVO,non-preferred,我,捡起它来了,我捡起它来了。,钱包掉在地上了，我,我,无语境版本：删除前文语境，仅保留局部句框/测试句。,513,我捡起它来了。,False,True,True,False,我捡起他来了。,,,我捡起它来了,我捡起他来了,True,True,False,1,replace:它->他@3:4,钱包掉在地上了，我把它捡起来了。,"钱包掉在地上了,我把它捡起来了",False
T0515,BA_无语境_200,无语境,BA-preferred,2,空间位移,8,BA-SD-008,BA-NOCTX-SD-008,1,BA,preferred,我,把它拿走了,我把它拿走了。,你的帽子掉在椅子下了，我,我,无语境版本：删除前文语境，仅保留局部句框/测试句。,514,我把它拿走了。,False,True,False,True,我把它拿走了。,,,我把它拿走了,我把它拿走了,False,False,True,0,,你的帽子掉在椅子下了，我把它拿走了。,"你的帽子掉在椅子下了,我把它拿走了",False
T0516,BA_无语境_200,无语境,BA-preferred,2,空间位移,8,BA-SD-008,BA-NOCTX-SD-008,2,SVO,non-preferred,我,拿走了它,我拿走了它。,你的帽子掉在椅子下了，我,我,无语境版本：删除前文语境，仅保留局部句框/测试句。,515,我拿走了它。,False,True,True,False,我拿走了它。,,,我拿走了它,我拿走了它,False,False,True,0,,你的帽子掉在椅子下了，我把它拿走了。,"你的帽子掉在椅子下了,我把它拿走了",False
T0517,BA_无语境_200,无语境,BA-preferred,2,空间位移,9,BA-SD-009,BA-NOCTX-SD-009,1,BA,preferred,我,把它们丢到门外了,我把它们丢到门外了。,这些旧报纸没用了，我,我,无语境版本：删除前文语境，仅保留局部句框/测试句。,516,我把它们丢到门外了。,False,True,False,True,我把它们丢到门外了。,,,我把它们丢到门外了,我把它们丢到门外了,False,False,True,0,,这些旧报纸没用了，我把它们丢到门外了。,"这些旧报纸没用了,我把它们丢到门外了",False
T0518,BA_无语境_200,无语境,BA-preferred,2,空间位移,9,BA-SD-009,BA-NOCTX-SD-009,2,SVO,non-preferred,我,丢它们到门外了,我丢它们到门外了。,这些旧报纸没用了，我,我,无语境版本：删除前文语境，仅保留局部句框/测试句。,517,我丢它们到门外了。,False,True,True,False,我丢他们到门外了。,,,我丢它们到门外了,我丢他们到门外了,True,True,False,1,replace:它->他@2:3,这些旧报纸没用了，我把它们丢到门外了。,"这些旧报纸没用了,我把它们丢到门外了",False
T0519,BA_无语境_200,无语境,BA-preferred,2,空间位移,10,BA-SD-010,BA-NOCTX-SD-010,1,BA,preferred,老师,把它擦掉了,老师把它擦掉了。,黑板上的字写错了，老师,老师,无语境版本：删除前文语境，仅保留局部句框/测试句。,518,老师把它擦掉了。,False,True,False,True,老师把她擦掉了。,,,老师把它擦掉了,老师把她擦掉了,True,True,False,1,replace:它->她@3:4,黑板上的字写错了，老师把它擦掉了。,"黑板上的字写错了,老师把它擦掉了",False
T0520,BA_无语境_200,无语境,BA-preferred,2,空间位移,10,BA-SD-010,BA-NOCTX-SD-010,2,SVO,non-preferred,老师,擦掉了它,老师擦掉了它。,黑板上的字写错了，老师,老师,无语境版本：删除前文语境，仅保留局部句框/测试句。,519,老师擦掉了它。,False,True,True,False,老师擦掉了他。,,,老师擦掉了它,老师擦掉了他,True,True,False,1,replace:它->他@5:6,黑板上的字写错了，老师把它擦掉了。,"黑板上的字写错了,老师把它擦掉了",False
T0521,BA_无语境_200,无语境,BA-preferred,2,空间位移,11,BA-SD-011,BA-NOCTX-SD-011,1,BA,preferred,秘书走进经理办公室,把那份重要文件递过去了,秘书走进经理办公室把那份重要文件递过去了。,确认没有拼写错误之后，秘书走进经理办公室,秘书走进经理办公室,无语境版本：删除前文语境，仅保留局部句框/测试句。,520,秘书走进经理办公室把那份重要文件递过去了。,False,True,False,True,秘书走进经理办公室把那份重要文件递过去了。,,,秘书走进经理办公室把那份重要文件递过去了,秘书走进经理办公室把那份重要文件递过去了,False,False,True,0,,确认没有拼写错误之后，秘书走进经理办公室把那份重要文件递过去了。,"确认没有拼写错误之后,秘书走进经理办公室把那份重要文件递过去了",False
T0522,BA_无语境_200,无语境,BA-preferred,2,空间位移,11,BA-SD-011,BA-NOCTX-SD-011,2,SVO,non-preferred,秘书走进经理办公室,递过去了那份重要文件,秘书走进经理办公室递过去了那份重要文件。,确认没有拼写错误之后，秘书走进经理办公室,秘书走进经理办公室,无语境版本：删除前文语境，仅保留局部句框/测试句。,521,秘书走进经理办公室递过去了那份重要文件。,False,True,True,False,秘书走进经理办公室递过去了那份重要文件。,,,秘书走进经理办公室递过去了那份重要文件,秘书走进经理办公室递过去了那份重要文件,False,False,True,0,,确认没有拼写错误之后，秘书走进经理办公室把那份重要文件递过去了。,"确认没有拼写错误之后,秘书走进经理办公室把那份重要文件递过去了",False
T0523,BA_无语境_200,无语境,BA-preferred,2,空间位移,12,BA-SD-012,BA-NOCTX-SD-012,1,BA,preferred,所以妈妈只能,把那只小狗抱出去了,所以妈妈只能把那只小狗抱出去了。,弟弟对动物毛发过敏，所以妈妈只能,所以妈妈只能,无语境版本：删除前文语境，仅保留局部句框/测试句。,522,所以妈妈只能把那只小狗抱出去了。,False,True,False,True,所以妈妈只能把那只小狗抱出去了。,,,所以妈妈只能把那只小狗抱出去了,所以妈妈只能把那只小狗抱出去了,False,False,True,0,,弟弟对动物毛发过敏，所以妈妈只能把那只小狗抱出去了。,"弟弟对动物毛发过敏,所以妈妈只能把那只小狗抱出去了",False
T0524,BA_无语境_200,无语境,BA-preferred,2,空间位移,12,BA-SD-012,BA-NOCTX-SD-012,2,SVO,non-preferred,所以妈妈只能,抱出去了那只小狗,所以妈妈只能抱出去了那只小狗。,弟弟对动物毛发过敏，所以妈妈只能,所以妈妈只能,无语境版本：删除前文语境，仅保留局部句框/测试句。,523,所以妈妈只能抱出去了那只小狗。,False,True,True,False,所以妈妈只能抱出去了那只小狗。,,,所以妈妈只能抱出去了那只小狗,所以妈妈只能抱出去了那只小狗,False,False,True,0,,弟弟对动物毛发过敏，所以妈妈只能把那只小狗抱出去了。,"弟弟对动物毛发过敏,所以妈妈只能把那只小狗抱出去了",False
T0525,BA_无语境_200,无语境,BA-preferred,2,空间位移,13,BA-SD-013,BA-NOCTX-SD-013,1,BA,preferred,他,把那张旧照片收了起来,他把那张旧照片收了起来。,看到桌子上前女友的照片，他叹了一口气，然后,他,无语境版本：删除前文语境，仅保留局部句框/测试句。,524,他把那张旧照片收了起来。,False,True,False,True,他把那张旧照片收了起来。,,,他把那张旧照片收了起来,他把那张旧照片收了起来,False,False,True,0,,看到桌子上前女友的照片，他叹了一口气，然后把那张旧照片收了起来。,"看到桌子上前女友的照片,他叹了一口气,然后把那张旧照片收了起来",False
T0526,BA_无语境_200,无语境,BA-preferred,2,空间位移,13,BA-SD-013,BA-NOCTX-SD-013,2,SVO,non-preferred,他,收起来了那张旧照片,他收起来了那张旧照片。,看到桌子上前女友的照片，他叹了一口气，然后,他,无语境版本：删除前文语境，仅保留局部句框/测试句。,525,他收起来了那张旧照片。,False,True,True,False,她收起来了那张旧照片。,,,他收起来了那张旧照片,她收起来了那张旧照片,True,True,False,1,replace:他->她@0:1,看到桌子上前女友的照片，他叹了一口气，然后把那张旧照片收了起来。,"看到桌子上前女友的照片,他叹了一口气,然后把那张旧照片收了起来",False
T0527,BA_无语境_200,无语境,BA-preferred,2,空间位移,14,BA-SD-014,BA-NOCTX-SD-014,1,BA,preferred,我们,把它移开了,我们把它移开了。,这个沙发挡住了门，我们,我们,无语境版本：删除前文语境，仅保留局部句框/测试句。,526,我们把它移开了。,False,True,False,True,我们把它移开了。,,,我们把它移开了,我们把它移开了,False,False,True,0,,这个沙发挡住了门，我们把它移开了。,"这个沙发挡住了门,我们把它移开了",False
T0528,BA_无语境_200,无语境,BA-preferred,2,空间位移,14,BA-SD-014,BA-NOCTX-SD-014,2,SVO,non-preferred,我们,移开了它,我们移开了它。,这个沙发挡住了门，我们,我们,无语境版本：删除前文语境，仅保留局部句框/测试句。,527,我们移开了它。,False,True,True,False,我们移开了它。,,,我们移开了它,我们移开了它,False,False,True,0,,这个沙发挡住了门，我们把它移开了。,"这个沙发挡住了门,我们把它移开了",False
T0529,BA_无语境_200,无语境,BA-preferred,2,空间位移,15,BA-SD-015,BA-NOCTX-SD-015,1,BA,preferred,我,把它抱回家了,我把它抱回家了。,那只小猫在雨里很冷，我,我,无语境版本：删除前文语境，仅保留局部句框/测试句。,528,我把它抱回家了。,False,True,False,True,我把她抱回家了。,,,我把它抱回家了,我把她抱回家了,True,True,False,1,replace:它->她@2:3,那只小猫在雨里很冷，我把它抱回家了。,"那只小猫在雨里很冷,我把它抱回家了",False
T0530,BA_无语境_200,无语境,BA-preferred,2,空间位移,15,BA-SD-015,BA-NOCTX-SD-015,2,SVO,non-preferred,我,抱它回家了,我抱它回家了。,那只小猫在雨里很冷，我,我,无语境版本：删除前文语境，仅保留局部句框/测试句。,529,我抱它回家了。,False,True,True,False,我抱他回家了。,,,我抱它回家了,我抱他回家了,True,True,False,1,replace:它->他@2:3,那只小猫在雨里很冷，我把它抱回家了。,"那只小猫在雨里很冷,我把它抱回家了",False
T0531,BA_无语境_200,无语境,BA-preferred,2,空间位移,16,BA-SD-016,BA-NOCTX-SD-016,1,BA,preferred,我,把不需要的东西拿出来了,我把不需要的东西拿出来了。,这个抽屉太满了，我,我,无语境版本：删除前文语境，仅保留局部句框/测试句。,530,我把不需要的东西拿出来了。,False,True,False,True,我把不需要的东西拿出来了。,,,我把不需要的东西拿出来了,我把不需要的东西拿出来了,False,False,True,0,,这个抽屉太满了，我把不需要的东西拿出来了。,"这个抽屉太满了,我把不需要的东西拿出来了",False
T0532,BA_无语境_200,无语境,BA-preferred,2,空间位移,16,BA-SD-016,BA-NOCTX-SD-016,2,SVO,non-preferred,我,拿出来不需要的东西了,我拿出来不需要的东西了。,这个抽屉太满了，我,我,无语境版本：删除前文语境，仅保留局部句框/测试句。,531,我拿出来不需要的东西了。,False,True,True,False,我拿出来不需要的东西了。,,,我拿出来不需要的东西了,我拿出来不需要的东西了,False,False,True,0,,这个抽屉太满了，我把不需要的东西拿出来了。,"这个抽屉太满了,我把不需要的东西拿出来了",False
T0533,BA_无语境_200,无语境,BA-preferred,2,空间位移,17,BA-SD-017,BA-NOCTX-SD-017,1,BA,preferred,妈妈小心地,把它放进了篮子里,妈妈小心地把它放进了篮子里。,刚买的鸡蛋怕摔碎，妈妈小心地,妈妈小心地,无语境版本：删除前文语境，仅保留局部句框/测试句。,532,妈妈小心地把它放进了篮子里。,False,True,False,True,妈妈小心地把它放进了篮子里。,,,妈妈小心地把它放进了篮子里,妈妈小心地把它放进了篮子里,False,False,True,0,,刚买的鸡蛋怕摔碎，妈妈小心地把它放进了篮子里。,"刚买的鸡蛋怕摔碎,妈妈小心地把它放进了篮子里",False
T0534,BA_无语境_200,无语境,BA-preferred,2,空间位移,17,BA-SD-017,BA-NOCTX-SD-017,2,SVO,non-preferred,妈妈小心地,放它进了篮子,妈妈小心地放它进了篮子。,刚买的鸡蛋怕摔碎，妈妈小心地,妈妈小心地,无语境版本：删除前文语境，仅保留局部句框/测试句。,533,妈妈小心地放它进了篮子。,False,True,True,False,妈妈小心地放她进了篮子。,,,妈妈小心地放它进了篮子,妈妈小心地放她进了篮子,True,True,False,1,replace:它->她@6:7,刚买的鸡蛋怕摔碎，妈妈小心地把它放进了篮子里。,"刚买的鸡蛋怕摔碎,妈妈小心地把它放进了篮子里",False
T0535,BA_无语境_200,无语境,BA-preferred,2,空间位移,18,BA-SD-018,BA-NOCTX-SD-018,1,BA,preferred,我上车前,把它卷起来了,我上车前把它卷起来了。,地图太大了不好拿，我上车前,我上车前,无语境版本：删除前文语境，仅保留局部句框/测试句。,534,我上车前把它卷起来了。,False,True,False,True,我上车前把它卷起来了。,,,我上车前把它卷起来了,我上车前把它卷起来了,False,False,True,0,,地图太大了不好拿，我上车前把它卷起来了。,"地图太大了不好拿,我上车前把它卷起来了",False
T0536,BA_无语境_200,无语境,BA-preferred,2,空间位移,18,BA-SD-018,BA-NOCTX-SD-018,2,SVO,non-preferred,我上车前,卷起它来了,我上车前卷起它来了。,地图太大了不好拿，我上车前,我上车前,无语境版本：删除前文语境，仅保留局部句框/测试句。,535,我上车前卷起它来了。,False,True,True,False,我上车前卷起他来了。,,,我上车前卷起它来了,我上车前卷起他来了,True,True,False,1,replace:它->他@6:7,地图太大了不好拿，我上车前把它卷起来了。,"地图太大了不好拿,我上车前把它卷起来了",False
T0537,BA_无语境_200,无语境,BA-preferred,2,空间位移,19,BA-SD-019,BA-NOCTX-SD-019,1,BA,preferred,搬家公司今天早上已经,把它运走了,搬家公司今天早上已经把它运走了。,客厅的那个旧沙发，搬家公司今天早上已经,搬家公司今天早上已经,无语境版本：删除前文语境，仅保留局部句框/测试句。,536,搬家公司今天早上已经把它运走了。,False,True,False,True,搬家公司今天早上已经把它运走了。,,,搬家公司今天早上已经把它运走了,搬家公司今天早上已经把它运走了,False,False,True,0,,客厅的那个旧沙发，搬家公司今天早上已经把它运走了。,"客厅的那个旧沙发,搬家公司今天早上已经把它运走了",False
T0538,BA_无语境_200,无语境,BA-preferred,2,空间位移,19,BA-SD-019,BA-NOCTX-SD-019,2,SVO,non-preferred,搬家公司今天早上已经,运走它了,搬家公司今天早上已经运走它了。,客厅的那个旧沙发，搬家公司今天早上已经,搬家公司今天早上已经,无语境版本：删除前文语境，仅保留局部句框/测试句。,537,搬家公司今天早上已经运走它了。,False,True,True,False,搬家公司今天早上已经运走他了。,,,搬家公司今天早上已经运走它了,搬家公司今天早上已经运走他了,True,True,False,1,replace:它->他@12:13,客厅的那个旧沙发，搬家公司今天早上已经把它运走了。,"客厅的那个旧沙发,搬家公司今天早上已经把它运走了",False
T0539,BA_无语境_200,无语境,BA-preferred,2,空间位移,20,BA-SD-020,BA-NOCTX-SD-020,1,BA,preferred,我明天下午,把它送过去,我明天下午把它送过去。,你的身份证落在我这里了，我明天下午,我明天下午,无语境版本：删除前文语境，仅保留局部句框/测试句。,538,我明天下午把它送过去。,False,True,False,True,我明天下午把它送过去。,,,我明天下午把它送过去,我明天下午把它送过去,False,False,True,0,,你的身份证落在我这里了，我明天下午把它送过去。,"你的身份证落在我这里了,我明天下午把它送过去",False
T0540,BA_无语境_200,无语境,BA-preferred,2,空间位移,20,BA-SD-020,BA-NOCTX-SD-020,2,SVO,non-preferred,我明天下午,送它过去,我明天下午送它过去。,你的身份证落在我这里了，我明天下午,我明天下午,无语境版本：删除前文语境，仅保留局部句框/测试句。,539,我明天下午送它过去。,False,True,True,False,我明天下午送他过去。,,,我明天下午送它过去,我明天下午送他过去,True,True,False,1,replace:它->他@6:7,你的身份证落在我这里了，我明天下午把它送过去。,"你的身份证落在我这里了,我明天下午把它送过去",False
T0541,BA_无语境_200,无语境,BA-preferred,2,空间位移,21,BA-SD-021,BA-NOCTX-SD-021,1,BA,preferred,他迅速地,把那台电脑收进去了,他迅速地把那台电脑收进去了。,下班时间到了，他关上电脑，迅速地,他迅速地,无语境版本：删除前文语境，仅保留局部句框/测试句。,540,他迅速地把那台电脑收进去了。,False,True,False,True,她迅速地把那台电脑收进去了。,,,他迅速地把那台电脑收进去了,她迅速地把那台电脑收进去了,True,True,False,1,replace:他->她@0:1,下班时间到了，他关上电脑，迅速地把那台电脑收进去了。,"下班时间到了,他关上电脑,迅速地把那台电脑收进去了",False
T0542,BA_无语境_200,无语境,BA-preferred,2,空间位移,21,BA-SD-021,BA-NOCTX-SD-021,2,SVO,non-preferred,他迅速地,收进去了那台电脑,他迅速地收进去了那台电脑。,下班时间到了，他关上电脑，迅速地,他迅速地,无语境版本：删除前文语境，仅保留局部句框/测试句。,541,他迅速地收进去了那台电脑。,False,True,True,False,她迅速地收进去了那台电脑。,,,他迅速地收进去了那台电脑,她迅速地收进去了那台电脑,True,True,False,1,replace:他->她@0:1,下班时间到了，他关上电脑，迅速地把那台电脑收进去了。,"下班时间到了,他关上电脑,迅速地把那台电脑收进去了",False
T0543,BA_无语境_200,无语境,BA-preferred,2,空间位移,22,BA-SD-022,BA-NOCTX-SD-022,1,BA,preferred,环卫工人,把它拖走了,环卫工人把它拖走了。,那个大纸箱在路边太危险，环卫工人,环卫工人,无语境版本：删除前文语境，仅保留局部句框/测试句。,542,环卫工人把它拖走了。,False,True,False,True,环卫工人把它拖走了。,,,环卫工人把它拖走了,环卫工人把它拖走了,False,False,True,0,,那个大纸箱在路边太危险，环卫工人把它拖走了。,"那个大纸箱在路边太危险,环卫工人把它拖走了",False
T0544,BA_无语境_200,无语境,BA-preferred,2,空间位移,22,BA-SD-022,BA-NOCTX-SD-022,2,SVO,non-preferred,环卫工人,拖走了它,环卫工人拖走了它。,那个大纸箱在路边太危险，环卫工人,环卫工人,无语境版本：删除前文语境，仅保留局部句框/测试句。,543,环卫工人拖走了它。,False,True,True,False,环卫工人拖走了他。,,,环卫工人拖走了它,环卫工人拖走了他,True,True,False,1,replace:它->他@7:8,那个大纸箱在路边太危险，环卫工人把它拖走了。,"那个大纸箱在路边太危险,环卫工人把它拖走了",False
T0545,BA_无语境_200,无语境,BA-preferred,2,空间位移,23,BA-SD-023,BA-NOCTX-SD-023,1,BA,preferred,邮递员准时,把它放进了信箱,邮递员准时把它放进了信箱。,这封挂号信很重要，邮递员准时,邮递员准时,无语境版本：删除前文语境，仅保留局部句框/测试句。,544,邮递员准时把它放进了信箱。,False,True,False,True,邮递员准时把它放进了信箱。,,,邮递员准时把它放进了信箱,邮递员准时把它放进了信箱,False,False,True,0,,这封挂号信很重要，邮递员准时把它放进了信箱。,"这封挂号信很重要,邮递员准时把它放进了信箱",False
T0546,BA_无语境_200,无语境,BA-preferred,2,空间位移,23,BA-SD-023,BA-NOCTX-SD-023,2,SVO,non-preferred,邮递员准时,放它进了信箱,邮递员准时放它进了信箱。,这封挂号信很重要，邮递员准时,邮递员准时,无语境版本：删除前文语境，仅保留局部句框/测试句。,545,邮递员准时放它进了信箱。,False,True,True,False,邮递员准时放他进了信箱。,,,邮递员准时放它进了信箱,邮递员准时放他进了信箱,True,True,False,1,replace:它->他@6:7,这封挂号信很重要，邮递员准时把它放进了信箱。,"这封挂号信很重要,邮递员准时把它放进了信箱",False
T0547,BA_无语境_200,无语境,BA-preferred,2,空间位移,24,BA-SD-024,BA-NOCTX-SD-024,1,BA,preferred,懂事的妹妹主动帮忙,把那几个空碗端进去了,懂事的妹妹主动帮忙把那几个空碗端进去了。,大家吃完晚饭后，懂事的妹妹主动帮忙,懂事的妹妹主动帮忙,无语境版本：删除前文语境，仅保留局部句框/测试句。,546,懂事的妹妹主动帮忙把那几个空碗端进去了。,False,True,False,True,懂事的妹妹主动帮忙把那几个空碗端进去了。,,,懂事的妹妹主动帮忙把那几个空碗端进去了,懂事的妹妹主动帮忙把那几个空碗端进去了,False,False,True,0,,大家吃完晚饭后，懂事的妹妹主动帮忙把那几个空碗端进去了。,"大家吃完晚饭后,懂事的妹妹主动帮忙把那几个空碗端进去了",False
T0548,BA_无语境_200,无语境,BA-preferred,2,空间位移,24,BA-SD-024,BA-NOCTX-SD-024,2,SVO,non-preferred,懂事的妹妹主动帮忙,端进去了那几个空碗,懂事的妹妹主动帮忙端进去了那几个空碗。,大家吃完晚饭后，懂事的妹妹主动帮忙,懂事的妹妹主动帮忙,无语境版本：删除前文语境，仅保留局部句框/测试句。,547,懂事的妹妹主动帮忙端进去了那几个空碗。,False,True,True,False,懂事的妹妹主动帮忙端进去了那几个空碗。,,,懂事的妹妹主动帮忙端进去了那几个空碗,懂事的妹妹主动帮忙端进去了那几个空碗,False,False,True,0,,大家吃完晚饭后，懂事的妹妹主动帮忙把那几个空碗端进去了。,"大家吃完晚饭后,懂事的妹妹主动帮忙把那几个空碗端进去了",False
T0549,BA_无语境_200,无语境,BA-preferred,2,空间位移,25,BA-SD-025,BA-NOCTX-SD-025,1,BA,preferred,我帮你,把它们拿上车吧,我帮你把它们拿上车吧。,那几本书实在太重了，我帮你,我帮你,无语境版本：删除前文语境，仅保留局部句框/测试句。,548,我帮你把它们拿上车吧。,False,True,False,True,我帮你把它们拿上车吧。,,,我帮你把它们拿上车吧,我帮你把它们拿上车吧,False,False,True,0,,那几本书实在太重了，我帮你把它们拿上车吧。,"那几本书实在太重了,我帮你把它们拿上车吧",False
T0550,BA_无语境_200,无语境,BA-preferred,2,空间位移,25,BA-SD-025,BA-NOCTX-SD-025,2,SVO,non-preferred,我帮你,拿它们上车吧,我帮你拿它们上车吧。,那几本书实在太重了，我帮你,我帮你,无语境版本：删除前文语境，仅保留局部句框/测试句。,549,我帮你拿它们上车吧。,False,True,True,False,我帮你拿他们上车吧。,,,我帮你拿它们上车吧,我帮你拿他们上车吧,True,True,False,1,replace:它->他@4:5,那几本书实在太重了，我帮你把它们拿上车吧。,"那几本书实在太重了,我帮你把它们拿上车吧",False
T0551,BA_无语境_200,无语境,BA-preferred,2,空间位移,26,BA-SD-026,BA-NOCTX-SD-026,1,BA,preferred,正在玩游戏的同学赶紧,把那个手机藏起来了,正在玩游戏的同学赶紧把那个手机藏起来了。,听到老师的脚步声，正在玩游戏的同学赶紧,正在玩游戏的同学赶紧,无语境版本：删除前文语境，仅保留局部句框/测试句。,550,正在玩游戏的同学赶紧把那个手机藏起来了。,False,True,False,True,正在玩游戏的同学赶紧把那个手机藏起来了。,,,正在玩游戏的同学赶紧把那个手机藏起来了,正在玩游戏的同学赶紧把那个手机藏起来了,False,False,True,0,,听到老师的脚步声，正在玩游戏的同学赶紧把那个手机藏起来了。,"听到老师的脚步声,正在玩游戏的同学赶紧把那个手机藏起来了",False
T0552,BA_无语境_200,无语境,BA-preferred,2,空间位移,26,BA-SD-026,BA-NOCTX-SD-026,2,SVO,non-preferred,正在玩游戏的同学赶紧,藏起来了那个手机,正在玩游戏的同学赶紧藏起来了那个手机。,听到老师的脚步声，正在玩游戏的同学赶紧,正在玩游戏的同学赶紧,无语境版本：删除前文语境，仅保留局部句框/测试句。,551,正在玩游戏的同学赶紧藏起来了那个手机。,False,True,True,False,正在玩游戏的同学赶紧藏起来了那个手机。,,,正在玩游戏的同学赶紧藏起来了那个手机,正在玩游戏的同学赶紧藏起来了那个手机,False,False,True,0,,听到老师的脚步声，正在玩游戏的同学赶紧把那个手机藏起来了。,"听到老师的脚步声,正在玩游戏的同学赶紧把那个手机藏起来了",False
T0553,BA_无语境_200,无语境,BA-preferred,2,空间位移,27,BA-SD-027,BA-NOCTX-SD-027,1,BA,preferred,刚才管理员,把那台打印机搬走了,刚才管理员把那台打印机搬走了。,办公室里的那台旧打印机坏了，刚才管理员,刚才管理员,无语境版本：删除前文语境，仅保留局部句框/测试句。,552,刚才管理员把那台打印机搬走了。,False,True,False,True,刚才管理员把那台打印机搬走了。,,,刚才管理员把那台打印机搬走了,刚才管理员把那台打印机搬走了,False,False,True,0,,办公室里的那台旧打印机坏了，刚才管理员把那台打印机搬走了。,"办公室里的那台旧打印机坏了,刚才管理员把那台打印机搬走了",False
T0554,BA_无语境_200,无语境,BA-preferred,2,空间位移,27,BA-SD-027,BA-NOCTX-SD-027,2,SVO,non-preferred,刚才管理员,搬走了那台打印机,刚才管理员搬走了那台打印机。,办公室里的那台旧打印机坏了，刚才管理员,刚才管理员,无语境版本：删除前文语境，仅保留局部句框/测试句。,553,刚才管理员搬走了那台打印机。,False,True,True,False,刚才管理员搬走了那台打印机。,,,刚才管理员搬走了那台打印机,刚才管理员搬走了那台打印机,False,False,True,0,,办公室里的那台旧打印机坏了，刚才管理员把那台打印机搬走了。,"办公室里的那台旧打印机坏了,刚才管理员把那台打印机搬走了",False
T0555,BA_无语境_200,无语境,BA-preferred,2,空间位移,28,BA-SD-028,BA-NOCTX-SD-028,1,BA,preferred,我,把那件裙子拿出来了,我把那件裙子拿出来了。,天气突然变热了，我,我,无语境版本：删除前文语境，仅保留局部句框/测试句。,554,我把那件裙子拿出来了。,False,True,False,True,我把那件裙子拿出来了。,,,我把那件裙子拿出来了,我把那件裙子拿出来了,False,False,True,0,,天气突然变热了，我把那件裙子拿出来了。,"天气突然变热了,我把那件裙子拿出来了",False
T0556,BA_无语境_200,无语境,BA-preferred,2,空间位移,28,BA-SD-028,BA-NOCTX-SD-028,2,SVO,non-preferred,我,拿出了那件裙子,我拿出了那件裙子。,天气突然变热了，我,我,无语境版本：删除前文语境，仅保留局部句框/测试句。,555,我拿出了那件裙子。,False,True,True,False,我拿出了那件裙子。,,,我拿出了那件裙子,我拿出了那件裙子,False,False,True,0,,天气突然变热了，我把那件裙子拿出来了。,"天气突然变热了,我把那件裙子拿出来了",False
T0557,BA_无语境_200,无语境,BA-preferred,2,空间位移,29,BA-SD-029,BA-NOCTX-SD-029,1,BA,preferred,我就,把那个包裹收下了,我就把那个包裹收下了。,快递员递给我一个大包裹，我就,我就,无语境版本：删除前文语境，仅保留局部句框/测试句。,556,我就把那个包裹收下了。,False,True,False,True,我就把那个包裹收下了。,,,我就把那个包裹收下了,我就把那个包裹收下了,False,False,True,0,,快递员递给我一个大包裹，我就把那个包裹收下了。,"快递员递给我一个大包裹,我就把那个包裹收下了",False
T0558,BA_无语境_200,无语境,BA-preferred,2,空间位移,29,BA-SD-029,BA-NOCTX-SD-029,2,SVO,non-preferred,我就,收下了那个包裹,我就收下了那个包裹。,快递员递给我一个大包裹，我就,我就,无语境版本：删除前文语境，仅保留局部句框/测试句。,557,我就收下了那个包裹。,False,True,True,False,我就收下了那个包裹。,,,我就收下了那个包裹,我就收下了那个包裹,False,False,True,0,,快递员递给我一个大包裹，我就把那个包裹收下了。,"快递员递给我一个大包裹,我就把那个包裹收下了",False
T0559,BA_无语境_200,无语境,BA-preferred,2,空间位移,30,BA-SD-030,BA-NOCTX-SD-030,1,BA,preferred,他就,把那几本书拿开了,他就把那几本书拿开了。,课桌上堆了很多书，他为了腾出地方写作业，就,他就,无语境版本：删除前文语境，仅保留局部句框/测试句。,558,他就把那几本书拿开了。,False,True,False,True,他就把那几本书拿开了。,,,他就把那几本书拿开了,他就把那几本书拿开了,False,False,True,0,,课桌上堆了很多书，他为了腾出地方写作业，就把那几本书拿开了。,"课桌上堆了很多书,他为了腾出地方写作业,就把那几本书拿开了",False
T0560,BA_无语境_200,无语境,BA-preferred,2,空间位移,30,BA-SD-030,BA-NOCTX-SD-030,2,SVO,non-preferred,他就,拿开了那几本书,他就拿开了那几本书。,课桌上堆了很多书，他为了腾出地方写作业，就,他就,无语境版本：删除前文语境，仅保留局部句框/测试句。,559,他就拿开了那几本书。,False,True,True,False,她就拿开了那几本书。,,,他就拿开了那几本书,她就拿开了那几本书,True,True,False,1,replace:他->她@0:1,课桌上堆了很多书，他为了腾出地方写作业，就把那几本书拿开了。,"课桌上堆了很多书,他为了腾出地方写作业,就把那几本书拿开了",False
T0561,BA_无语境_200,无语境,BA-preferred,2,空间位移,31,BA-SD-031,BA-NOCTX-SD-031,1,BA,preferred,我刚才,把它们收起来了,我刚才把它们收起来了。,桌子上的书太乱了，我刚才,我刚才,无语境版本：删除前文语境，仅保留局部句框/测试句。,560,我刚才把它们收起来了。,False,True,False,True,我刚才把它们收起来了。,,,我刚才把它们收起来了,我刚才把它们收起来了,False,False,True,0,,桌子上的书太乱了，我刚才把它们收起来了。,"桌子上的书太乱了,我刚才把它们收起来了",False
T0562,BA_无语境_200,无语境,BA-preferred,2,空间位移,31,BA-SD-031,BA-NOCTX-SD-031,2,SVO,non-preferred,我刚才,收起它们来了,我刚才收起它们来了。,桌子上的书太乱了，我刚才,我刚才,无语境版本：删除前文语境，仅保留局部句框/测试句。,561,我刚才收起它们来了。,False,True,True,False,我刚才收起他们来了。,,,我刚才收起它们来了,我刚才收起他们来了,True,True,False,1,replace:它->他@5:6,桌子上的书太乱了，我刚才把它们收起来了。,"桌子上的书太乱了,我刚才把它们收起来了",False
T0563,BA_无语境_200,无语境,BA-preferred,2,空间位移,32,BA-SD-032,BA-NOCTX-SD-032,1,BA,preferred,他马上,把那个沉重的书包放下了,他马上把那个沉重的书包放下了。,刚放学回家，他一进门就觉得非常累，马上,他马上,无语境版本：删除前文语境，仅保留局部句框/测试句。,562,他马上把那个沉重的书包放下了。,False,True,False,True,他马上把那个沉重的书包放下了。,,,他马上把那个沉重的书包放下了,他马上把那个沉重的书包放下了,False,False,True,0,,刚放学回家，他一进门就觉得非常累，马上把那个沉重的书包放下了。,"刚放学回家,他一进门就觉得非常累,马上把那个沉重的书包放下了",False
T0564,BA_无语境_200,无语境,BA-preferred,2,空间位移,32,BA-SD-032,BA-NOCTX-SD-032,2,SVO,non-preferred,他马上,放下了那个沉重的书包,他马上放下了那个沉重的书包。,刚放学回家，他一进门就觉得非常累，马上,他马上,无语境版本：删除前文语境，仅保留局部句框/测试句。,563,他马上放下了那个沉重的书包。,False,True,True,False,他马上放下了那个沉重的书包。,,,他马上放下了那个沉重的书包,他马上放下了那个沉重的书包,False,False,True,0,,刚放学回家，他一进门就觉得非常累，马上把那个沉重的书包放下了。,"刚放学回家,他一进门就觉得非常累,马上把那个沉重的书包放下了",False
T0565,BA_无语境_200,无语境,BA-preferred,2,空间位移,33,BA-SD-033,BA-NOCTX-SD-033,1,BA,preferred,爸爸决定明天,把它挂起来,爸爸决定明天把它挂起来。,桌子上的这幅画很漂亮，爸爸决定明天,爸爸决定明天,无语境版本：删除前文语境，仅保留局部句框/测试句。,564,爸爸决定明天把它挂起来。,False,True,False,True,爸爸决定明天把它挂起来。,,,爸爸决定明天把它挂起来,爸爸决定明天把它挂起来,False,False,True,0,,桌子上的这幅画很漂亮，爸爸决定明天把它挂起来。,"桌子上的这幅画很漂亮,爸爸决定明天把它挂起来",False
T0566,BA_无语境_200,无语境,BA-preferred,2,空间位移,33,BA-SD-033,BA-NOCTX-SD-033,2,SVO,non-preferred,爸爸决定明天,挂起它来,爸爸决定明天挂起它来。,桌子上的这幅画很漂亮，爸爸决定明天,爸爸决定明天,无语境版本：删除前文语境，仅保留局部句框/测试句。,565,爸爸决定明天挂起它来。,False,True,True,False,爸爸决定明天挂起他来。,,,爸爸决定明天挂起它来,爸爸决定明天挂起他来,True,True,False,1,replace:它->他@8:9,桌子上的这幅画很漂亮，爸爸决定明天把它挂起来。,"桌子上的这幅画很漂亮,爸爸决定明天把它挂起来",False
T0567,BA_无语境_200,无语境,BA-preferred,2,空间位移,34,BA-SD-034,BA-NOCTX-SD-034,1,BA,preferred,奶奶一大早就打开门,把那床厚被子抱出去了,奶奶一大早就打开门把那床厚被子抱出去了。,昨天天气非常晴朗，奶奶一大早就打开门,奶奶一大早就打开门,无语境版本：删除前文语境，仅保留局部句框/测试句。,566,奶奶一大早就打开门把那床厚被子抱出去了。,False,True,False,True,奶奶一大早就打开门把那床厚被子抱出去了。,,,奶奶一大早就打开门把那床厚被子抱出去了,奶奶一大早就打开门把那床厚被子抱出去了,False,False,True,0,,昨天天气非常晴朗，奶奶一大早就打开门把那床厚被子抱出去了。,"昨天天气非常晴朗,奶奶一大早就打开门把那床厚被子抱出去了",False
T0568,BA_无语境_200,无语境,BA-preferred,2,空间位移,34,BA-SD-034,BA-NOCTX-SD-034,2,SVO,non-preferred,奶奶一大早就打开门,抱出去了那床厚被子,奶奶一大早就打开门抱出去了那床厚被子。,昨天天气非常晴朗，奶奶一大早就打开门,奶奶一大早就打开门,无语境版本：删除前文语境，仅保留局部句框/测试句。,567,奶奶一大早就打开门抱出去了那床厚被子。,False,True,True,False,奶奶一大早就打开门抱出去了那床厚被子。,,,奶奶一大早就打开门抱出去了那床厚被子,奶奶一大早就打开门抱出去了那床厚被子,False,False,True,0,,昨天天气非常晴朗，奶奶一大早就打开门把那床厚被子抱出去了。,"昨天天气非常晴朗,奶奶一大早就打开门把那床厚被子抱出去了",False
T0569,BA_无语境_200,无语境,BA-preferred,2,空间位移,35,BA-SD-035,BA-NOCTX-SD-035,1,BA,preferred,我又,把它装回去了,我又把它装回去了。,口袋里的硬币掉出来了，我捡起来，又,我又,无语境版本：删除前文语境，仅保留局部句框/测试句。,568,我又把它装回去了。,False,True,False,True,我又被他装回去了。,,,我又把它装回去了,我又被他装回去了,True,True,False,2,replace:把它->被他@2:4,口袋里的硬币掉出来了，我捡起来，又把它装回去了。,"口袋里的硬币掉出来了,我捡起来,又把它装回去了",False
T0570,BA_无语境_200,无语境,BA-preferred,2,空间位移,35,BA-SD-035,BA-NOCTX-SD-035,2,SVO,non-preferred,我又,装它回去了,我又装它回去了。,口袋里的硬币掉出来了，我捡起来，又,我又,无语境版本：删除前文语境，仅保留局部句框/测试句。,569,我又装它回去了。,False,True,True,False,我又装他回去了。,,,我又装它回去了,我又装他回去了,True,True,False,1,replace:它->他@3:4,口袋里的硬币掉出来了，我捡起来，又把它装回去了。,"口袋里的硬币掉出来了,我捡起来,又把它装回去了",False
T0571,BA_无语境_200,无语境,BA-preferred,2,空间位移,36,BA-SD-036,BA-NOCTX-SD-036,1,BA,preferred,我赶紧,把那盆花移出来了,我赶紧把那盆花移出来了。,墙角的那盆花因为没有阳光快要枯萎了，我赶紧,我赶紧,无语境版本：删除前文语境，仅保留局部句框/测试句。,570,我赶紧把那盆花移出来了。,False,True,False,True,我赶紧把那盆花移出来了。,,,我赶紧把那盆花移出来了,我赶紧把那盆花移出来了,False,False,True,0,,墙角的那盆花因为没有阳光快要枯萎了，我赶紧把那盆花移出来了。,"墙角的那盆花因为没有阳光快要枯萎了,我赶紧把那盆花移出来了",False
T0572,BA_无语境_200,无语境,BA-preferred,2,空间位移,36,BA-SD-036,BA-NOCTX-SD-036,2,SVO,non-preferred,我赶紧,移出来了那盆花,我赶紧移出来了那盆花。,墙角的那盆花因为没有阳光快要枯萎了，我赶紧,我赶紧,无语境版本：删除前文语境，仅保留局部句框/测试句。,571,我赶紧移出来了那盆花。,False,True,True,False,我赶紧植出来了那盆花。,,,我赶紧移出来了那盆花,我赶紧植出来了那盆花,True,True,False,1,replace:移->植@3:4,墙角的那盆花因为没有阳光快要枯萎了，我赶紧把那盆花移出来了。,"墙角的那盆花因为没有阳光快要枯萎了,我赶紧把那盆花移出来了",False
T0573,BA_无语境_200,无语境,BA-preferred,2,空间位移,37,BA-SD-037,BA-NOCTX-SD-037,1,BA,preferred,今天早上我,把它搬到阳台上了,今天早上我把它搬到阳台上了。,这盆花需要阳光，今天早上我,今天早上我,无语境版本：删除前文语境，仅保留局部句框/测试句。,572,今天早上我把它搬到阳台上了。,False,True,False,True,今天早上我把它搬到阳台上了。,,,今天早上我把它搬到阳台上了,今天早上我把它搬到阳台上了,False,False,True,0,,这盆花需要阳光，今天早上我把它搬到阳台上了。,"这盆花需要阳光,今天早上我把它搬到阳台上了",False
T0574,BA_无语境_200,无语境,BA-preferred,2,空间位移,37,BA-SD-037,BA-NOCTX-SD-037,2,SVO,non-preferred,今天早上我,搬它到阳台上了,今天早上我搬它到阳台上了。,这盆花需要阳光，今天早上我,今天早上我,无语境版本：删除前文语境，仅保留局部句框/测试句。,573,今天早上我搬它到阳台上了。,False,True,True,False,今天早上我搬他到阳台上了。,,,今天早上我搬它到阳台上了,今天早上我搬他到阳台上了,True,True,False,1,replace:它->他@6:7,这盆花需要阳光，今天早上我把它搬到阳台上了。,"这盆花需要阳光,今天早上我把它搬到阳台上了",False
T0575,BA_无语境_200,无语境,BA-preferred,2,空间位移,38,BA-SD-038,BA-NOCTX-SD-038,1,BA,preferred,我终于伸手,把那张银行卡拿出来了,我终于伸手把那张银行卡拿出来了。,银行卡掉在了沙发缝里，我找了半天，终于伸手,我终于伸手,无语境版本：删除前文语境，仅保留局部句框/测试句。,574,我终于伸手把那张银行卡拿出来了。,False,True,False,True,我终于伸手把那张银行卡拿出来了。,,,我终于伸手把那张银行卡拿出来了,我终于伸手把那张银行卡拿出来了,False,False,True,0,,银行卡掉在了沙发缝里，我找了半天，终于伸手把那张银行卡拿出来了。,"银行卡掉在了沙发缝里,我找了半天,终于伸手把那张银行卡拿出来了",False
T0576,BA_无语境_200,无语境,BA-preferred,2,空间位移,38,BA-SD-038,BA-NOCTX-SD-038,2,SVO,non-preferred,我终于伸手,拿出来了那张银行卡,我终于伸手拿出来了那张银行卡。,银行卡掉在了沙发缝里，我找了半天，终于伸手,我终于伸手,无语境版本：删除前文语境，仅保留局部句框/测试句。,575,我终于伸手拿出来了那张银行卡。,False,True,True,False,我终于伸手拿出来了那张银行卡。,,,我终于伸手拿出来了那张银行卡,我终于伸手拿出来了那张银行卡,False,False,True,0,,银行卡掉在了沙发缝里，我找了半天，终于伸手把那张银行卡拿出来了。,"银行卡掉在了沙发缝里,我找了半天,终于伸手把那张银行卡拿出来了",False
T0577,BA_无语境_200,无语境,BA-preferred,2,空间位移,39,BA-SD-039,BA-NOCTX-SD-039,1,BA,preferred,我,把它拿出来了,我把它拿出来了。,抽屉里的那份合同很重要，我,我,无语境版本：删除前文语境，仅保留局部句框/测试句。,576,我把它拿出来了。,False,True,False,True,我把她拿出来了。,,,我把它拿出来了,我把她拿出来了,True,True,False,1,replace:它->她@2:3,抽屉里的那份合同很重要，我把它拿出来了。,"抽屉里的那份合同很重要,我把它拿出来了",False
T0578,BA_无语境_200,无语境,BA-preferred,2,空间位移,39,BA-SD-039,BA-NOCTX-SD-039,2,SVO,non-preferred,我,拿出它来了,我拿出它来了。,抽屉里的那份合同很重要，我,我,无语境版本：删除前文语境，仅保留局部句框/测试句。,577,我拿出它来了。,False,True,True,False,我拿出他来了。,,,我拿出它来了,我拿出他来了,True,True,False,1,replace:它->他@3:4,抽屉里的那份合同很重要，我把它拿出来了。,"抽屉里的那份合同很重要,我把它拿出来了",False
T0579,BA_无语境_200,无语境,BA-preferred,2,空间位移,40,BA-SD-040,BA-NOCTX-SD-040,1,BA,preferred,我早上出门去上班时顺便,把那袋垃圾带出去了,我早上出门去上班时顺便把那袋垃圾带出去了。,厨房里的垃圾味道太大了，我早上出门去上班时顺便,我早上出门去上班时顺便,无语境版本：删除前文语境，仅保留局部句框/测试句。,578,我早上出门去上班时顺便把那袋垃圾带出去了。,False,True,False,True,我早上出门去上班时顺便把那袋垃圾带出去了。,,,我早上出门去上班时顺便把那袋垃圾带出去了,我早上出门去上班时顺便把那袋垃圾带出去了,False,False,True,0,,厨房里的垃圾味道太大了，我早上出门去上班时顺便把那袋垃圾带出去了。,"厨房里的垃圾味道太大了,我早上出门去上班时顺便把那袋垃圾带出去了",False
T0580,BA_无语境_200,无语境,BA-preferred,2,空间位移,40,BA-SD-040,BA-NOCTX-SD-040,2,SVO,non-preferred,我早上出门去上班时顺便,带出去了那袋垃圾,我早上出门去上班时顺便带出去了那袋垃圾。,厨房里的垃圾味道太大了，我早上出门去上班时顺便,我早上出门去上班时顺便,无语境版本：删除前文语境，仅保留局部句框/测试句。,579,我早上出门去上班时顺便带出去了那袋垃圾。,False,True,True,False,我早上出门去上班时顺便带出去了那袋垃圾。,,,我早上出门去上班时顺便带出去了那袋垃圾,我早上出门去上班时顺便带出去了那袋垃圾,False,False,True,0,,厨房里的垃圾味道太大了，我早上出门去上班时顺便把那袋垃圾带出去了。,"厨房里的垃圾味道太大了,我早上出门去上班时顺便把那袋垃圾带出去了",False
T0581,BA_无语境_200,无语境,BA-preferred,2,空间位移,41,BA-SD-041,BA-NOCTX-SD-041,1,BA,preferred,我上班时顺手,把它带下楼了,我上班时顺手把它带下楼了。,门口的那袋垃圾发臭了，我上班时顺手,我上班时顺手,无语境版本：删除前文语境，仅保留局部句框/测试句。,580,我上班时顺手把它带下楼了。,False,True,False,True,我上班时顺手把它带下楼了。,,,我上班时顺手把它带下楼了,我上班时顺手把它带下楼了,False,False,True,0,,门口的那袋垃圾发臭了，我上班时顺手把它带下楼了。,"门口的那袋垃圾发臭了,我上班时顺手把它带下楼了",False
T0582,BA_无语境_200,无语境,BA-preferred,2,空间位移,41,BA-SD-041,BA-NOCTX-SD-041,2,SVO,non-preferred,我上班时顺手,带它下楼了,我上班时顺手带它下楼了。,门口的那袋垃圾发臭了，我上班时顺手,我上班时顺手,无语境版本：删除前文语境，仅保留局部句框/测试句。,581,我上班时顺手带它下楼了。,False,True,True,False,我上班时顺手带他下楼了。,,,我上班时顺手带它下楼了,我上班时顺手带他下楼了,True,True,False,1,replace:它->他@7:8,门口的那袋垃圾发臭了，我上班时顺手把它带下楼了。,"门口的那袋垃圾发臭了,我上班时顺手把它带下楼了",False
T0583,BA_无语境_200,无语境,BA-preferred,2,空间位移,42,BA-SD-042,BA-NOCTX-SD-042,1,BA,preferred,我明天去邮局,把它们寄出去,我明天去邮局把它们寄出去。,这些明信片是给朋友的，我明天去邮局,我明天去邮局,无语境版本：删除前文语境，仅保留局部句框/测试句。,582,我明天去邮局把它们寄出去。,False,True,False,True,我明天去邮局把它们寄出去。,,,我明天去邮局把它们寄出去,我明天去邮局把它们寄出去,False,False,True,0,,这些明信片是给朋友的，我明天去邮局把它们寄出去。,"这些明信片是给朋友的,我明天去邮局把它们寄出去",False
T0584,BA_无语境_200,无语境,BA-preferred,2,空间位移,42,BA-SD-042,BA-NOCTX-SD-042,2,SVO,non-preferred,我明天去邮局,寄出去它们,我明天去邮局寄出去它们。,这些明信片是给朋友的，我明天去邮局,我明天去邮局,无语境版本：删除前文语境，仅保留局部句框/测试句。,583,我明天去邮局寄出去它们。,False,True,True,False,我明天去邮局寄出去它们。,,,我明天去邮局寄出去它们,我明天去邮局寄出去它们,False,False,True,0,,这些明信片是给朋友的，我明天去邮局把它们寄出去。,"这些明信片是给朋友的,我明天去邮局把它们寄出去",False
T0585,BA_无语境_200,无语境,BA-preferred,2,空间位移,43,BA-SD-043,BA-NOCTX-SD-043,1,BA,preferred,爷爷慢慢地,把那把旧椅子搬出去了,爷爷慢慢地把那把旧椅子搬出去了。,今天外面的阳光特别好，爷爷走到客厅，慢慢地,爷爷慢慢地,无语境版本：删除前文语境，仅保留局部句框/测试句。,584,爷爷慢慢地把那把旧椅子搬出去了。,False,True,False,True,爷爷慢慢地把那把旧椅子搬出去了。,,,爷爷慢慢地把那把旧椅子搬出去了,爷爷慢慢地把那把旧椅子搬出去了,False,False,True,0,,今天外面的阳光特别好，爷爷走到客厅，慢慢地把那把旧椅子搬出去了。,"今天外面的阳光特别好,爷爷走到客厅,慢慢地把那把旧椅子搬出去了",False
T0586,BA_无语境_200,无语境,BA-preferred,2,空间位移,43,BA-SD-043,BA-NOCTX-SD-043,2,SVO,non-preferred,爷爷慢慢地,搬出去了那把旧椅子,爷爷慢慢地搬出去了那把旧椅子。,今天外面的阳光特别好，爷爷走到客厅，慢慢地,爷爷慢慢地,无语境版本：删除前文语境，仅保留局部句框/测试句。,585,爷爷慢慢地搬出去了那把旧椅子。,False,True,True,False,爷爷慢慢地搬出去了那把旧椅子。,,,爷爷慢慢地搬出去了那把旧椅子,爷爷慢慢地搬出去了那把旧椅子,False,False,True,0,,今天外面的阳光特别好，爷爷走到客厅，慢慢地把那把旧椅子搬出去了。,"今天外面的阳光特别好,爷爷走到客厅,慢慢地把那把旧椅子搬出去了",False
T0587,BA_无语境_200,无语境,BA-preferred,2,空间位移,44,BA-SD-044,BA-NOCTX-SD-044,1,BA,preferred,你一定要,把它收好,你一定要把它收好。,护照是非常重要的东西，你一定要,你一定要,无语境版本：删除前文语境，仅保留局部句框/测试句。,586,你一定要把它收好。,False,True,False,True,你一定要把它收好。,,,你一定要把它收好,你一定要把它收好,False,False,True,0,,护照是非常重要的东西，你一定要把它收好。,"护照是非常重要的东西,你一定要把它收好",False
T0588,BA_无语境_200,无语境,BA-preferred,2,空间位移,44,BA-SD-044,BA-NOCTX-SD-044,2,SVO,non-preferred,你一定要,收好它,你一定要收好它。,护照是非常重要的东西，你一定要,你一定要,无语境版本：删除前文语境，仅保留局部句框/测试句。,587,你一定要收好它。,False,True,True,False,你一定要收好他。,,,你一定要收好它,你一定要收好他,True,True,False,1,replace:它->他@6:7,护照是非常重要的东西，你一定要把它收好。,"护照是非常重要的东西,你一定要把它收好",False
T0589,BA_无语境_200,无语境,BA-preferred,2,空间位移,45,BA-SD-045,BA-NOCTX-SD-045,1,BA,preferred,原来是有同学下课后,把它拿走了,原来是有同学下课后把它拿走了。,黑板擦不见了，原来是有同学下课后,原来是有同学下课后,无语境版本：删除前文语境，仅保留局部句框/测试句。,588,原来是有同学下课后把它拿走了。,False,True,False,True,原来是有同学下课后把它拿走了。,,,原来是有同学下课后把它拿走了,原来是有同学下课后把它拿走了,False,False,True,0,,黑板擦不见了，原来是有同学下课后把它拿走了。,"黑板擦不见了,原来是有同学下课后把它拿走了",False
T0590,BA_无语境_200,无语境,BA-preferred,2,空间位移,45,BA-SD-045,BA-NOCTX-SD-045,2,SVO,non-preferred,原来是有同学下课后,拿走它了,原来是有同学下课后拿走它了。,黑板擦不见了，原来是有同学下课后,原来是有同学下课后,无语境版本：删除前文语境，仅保留局部句框/测试句。,589,原来是有同学下课后拿走它了。,False,True,True,False,原来是有同学下课后拿走他了。,,,原来是有同学下课后拿走它了,原来是有同学下课后拿走他了,True,True,False,1,replace:它->他@11:12,黑板擦不见了，原来是有同学下课后把它拿走了。,"黑板擦不见了,原来是有同学下课后把它拿走了",False
T0591,BA_无语境_200,无语境,BA-preferred,2,空间位移,46,BA-SD-046,BA-NOCTX-SD-046,1,BA,preferred,我走过去轻轻地,把它推上了,我走过去轻轻地把它推上了。,冰箱门没关紧，我走过去轻轻地,我走过去轻轻地,无语境版本：删除前文语境，仅保留局部句框/测试句。,590,我走过去轻轻地把它推上了。,False,True,False,True,我走过去慢慢地把它推上了。,,,我走过去轻轻地把它推上了,我走过去慢慢地把它推上了,True,True,False,2,replace:轻轻->慢慢@4:6,冰箱门没关紧，我走过去轻轻地把它推上了。,"冰箱门没关紧,我走过去轻轻地把它推上了",False
T0592,BA_无语境_200,无语境,BA-preferred,2,空间位移,46,BA-SD-046,BA-NOCTX-SD-046,2,SVO,non-preferred,我走过去轻轻地,推上了它,我走过去轻轻地推上了它。,冰箱门没关紧，我走过去轻轻地,我走过去轻轻地,无语境版本：删除前文语境，仅保留局部句框/测试句。,591,我走过去轻轻地推上了它。,False,True,True,False,我走过去轻轻地推上了它。,,,我走过去轻轻地推上了它,我走过去轻轻地推上了它,False,False,True,0,,冰箱门没关紧，我走过去轻轻地把它推上了。,"冰箱门没关紧,我走过去轻轻地把它推上了",False
T0593,BA_无语境_200,无语境,BA-preferred,2,空间位移,47,BA-SD-047,BA-NOCTX-SD-047,1,BA,preferred,我叫同事帮忙,把那个大箱子推开了,我叫同事帮忙把那个大箱子推开了。,那个大纸箱挡在走廊中间，非常危险，我叫同事帮忙,我叫同事帮忙,无语境版本：删除前文语境，仅保留局部句框/测试句。,592,我叫同事帮忙把那个大箱子推开了。,False,True,False,True,我叫同事帮忙把那个大箱子推开了。,,,我叫同事帮忙把那个大箱子推开了,我叫同事帮忙把那个大箱子推开了,False,False,True,0,,那个大纸箱挡在走廊中间，非常危险，我叫同事帮忙把那个大箱子推开了。,"那个大纸箱挡在走廊中间,非常危险,我叫同事帮忙把那个大箱子推开了",False
T0594,BA_无语境_200,无语境,BA-preferred,2,空间位移,47,BA-SD-047,BA-NOCTX-SD-047,2,SVO,non-preferred,我叫同事帮忙,推开了那个大箱子,我叫同事帮忙推开了那个大箱子。,那个大纸箱挡在走廊中间，非常危险，我叫同事帮忙,我叫同事帮忙,无语境版本：删除前文语境，仅保留局部句框/测试句。,593,我叫同事帮忙推开了那个大箱子。,False,True,True,False,我叫同事帮忙推开了那个大箱子。,,,我叫同事帮忙推开了那个大箱子,我叫同事帮忙推开了那个大箱子,False,False,True,0,,那个大纸箱挡在走廊中间，非常危险，我叫同事帮忙把那个大箱子推开了。,"那个大纸箱挡在走廊中间,非常危险,我叫同事帮忙把那个大箱子推开了",False
T0595,BA_无语境_200,无语境,BA-preferred,2,空间位移,48,BA-SD-048,BA-NOCTX-SD-048,1,BA,preferred,警察昨天,把它拆下来了,警察昨天把它拆下来了。,这个广告牌在路边很容易挡住视线，警察昨天,警察昨天,无语境版本：删除前文语境，仅保留局部句框/测试句。,594,警察昨天把它拆下来了。,False,True,False,True,警察昨天把它拆下来了。,,,警察昨天把它拆下来了,警察昨天把它拆下来了,False,False,True,0,,这个广告牌在路边很容易挡住视线，警察昨天把它拆下来了。,"这个广告牌在路边很容易挡住视线,警察昨天把它拆下来了",False
T0596,BA_无语境_200,无语境,BA-preferred,2,空间位移,48,BA-SD-048,BA-NOCTX-SD-048,2,SVO,non-preferred,警察昨天,拆下它来了,警察昨天拆下它来了。,这个广告牌在路边很容易挡住视线，警察昨天,警察昨天,无语境版本：删除前文语境，仅保留局部句框/测试句。,595,警察昨天拆下它来了。,False,True,True,False,警察昨天拆下他来了。,,,警察昨天拆下它来了,警察昨天拆下他来了,True,True,False,1,replace:它->他@6:7,这个广告牌在路边很容易挡住视线，警察昨天把它拆下来了。,"这个广告牌在路边很容易挡住视线,警察昨天把它拆下来了",False
T0597,BA_无语境_200,无语境,BA-preferred,2,空间位移,49,BA-SD-049,BA-NOCTX-SD-049,1,BA,preferred,你能帮忙,把它端过来吗,你能帮忙把它端过来吗？,盘子里的那些菜太远了，你能帮忙,你能帮忙,无语境版本：删除前文语境，仅保留局部句框/测试句。,596,你能帮忙把它端过来吗？,False,True,False,True,你能帮忙把它端过来吗?,,,你能帮忙把它端过来吗,你能帮忙把它端过来吗,True,False,True,0,,盘子里的那些菜太远了，你能帮忙把它端过来吗？,"盘子里的那些菜太远了,你能帮忙把它端过来吗",False
T0598,BA_无语境_200,无语境,BA-preferred,2,空间位移,49,BA-SD-049,BA-NOCTX-SD-049,2,SVO,non-preferred,你能帮忙,端它过来吗,你能帮忙端它过来吗？,盘子里的那些菜太远了，你能帮忙,你能帮忙,无语境版本：删除前文语境，仅保留局部句框/测试句。,597,你能帮忙端它过来吗？,False,True,True,False,你能帮忙端他过来吗?,,,你能帮忙端它过来吗,你能帮忙端他过来吗,True,True,False,1,replace:它->他@5:6,盘子里的那些菜太远了，你能帮忙把它端过来吗？,"盘子里的那些菜太远了,你能帮忙把它端过来吗",False
T0599,BA_无语境_200,无语境,BA-preferred,2,空间位移,50,BA-SD-050,BA-NOCTX-SD-050,1,BA,preferred,我顺手,把它挂到门后了,我顺手把它挂到门后了。,你的外套掉在客厅地上了，我顺手,我顺手,无语境版本：删除前文语境，仅保留局部句框/测试句。,598,我顺手把它挂到门后了。,False,True,False,True,我顺手把它挂到门后了。,,,我顺手把它挂到门后了,我顺手把它挂到门后了,False,False,True,0,,你的外套掉在客厅地上了，我顺手把它挂到门后了。,"你的外套掉在客厅地上了,我顺手把它挂到门后了",False
T0600,BA_无语境_200,无语境,BA-preferred,2,空间位移,50,BA-SD-050,BA-NOCTX-SD-050,2,SVO,non-preferred,我顺手,挂到门后了,我顺手挂到门后了。,你的外套掉在客厅地上了，我顺手,我顺手,无语境版本：删除前文语境，仅保留局部句框/测试句。,599,我顺手挂到门后了。,False,True,True,False,我顺手挂到门后了。,,,我顺手挂到门后了,我顺手挂到门后了,False,False,True,0,,你的外套掉在客厅地上了，我顺手把它挂到门后了。,"你的外套掉在客厅地上了,我顺手把它挂到门后了",False
T0601,SVO_无语境_200,无语境,SVO-preferred,1,习惯性动作与泛指,1,SVO-HG-001,SVO-NOCTX-HG-001,1,BA,non-preferred,弟弟每天下午都去操场,把足球踢了,弟弟每天下午都去操场把足球踢了。,弟弟非常喜欢运动，每天下午都去操场,弟弟每天下午都去操场,无语境版本：删除前文语境，仅保留局部句框/测试句。,600,弟弟每天下午都去操场把足球踢了。,False,True,True,False,弟弟每天下午都去操场把足球踢了。,,,弟弟每天下午都去操场把足球踢了,弟弟每天下午都去操场把足球踢了,False,False,True,0,,弟弟非常喜欢运动，每天下午都去操场踢足球。,"弟弟非常喜欢运动,每天下午都去操场踢足球",False
T0602,SVO_无语境_200,无语境,SVO-preferred,1,习惯性动作与泛指,1,SVO-HG-001,SVO-NOCTX-HG-001,2,SVO,preferred,弟弟每天下午都去操场,踢足球,弟弟每天下午都去操场踢足球。,弟弟非常喜欢运动，每天下午都去操场,弟弟每天下午都去操场,无语境版本：删除前文语境，仅保留局部句框/测试句。,601,弟弟每天下午都去操场踢足球。,False,True,False,True,而且每天下午都去操场踢足球。,,,弟弟每天下午都去操场踢足球,而且每天下午都去操场踢足球,True,True,False,2,replace:弟弟->而且@0:2,弟弟非常喜欢运动，每天下午都去操场踢足球。,"弟弟非常喜欢运动,每天下午都去操场踢足球",False
T0603,SVO_无语境_200,无语境,SVO-preferred,1,习惯性动作与泛指,2,SVO-HG-002,SVO-NOCTX-HG-002,1,BA,non-preferred,老板每天到办公室以后都会先在桌子前,把咖啡喝了,老板每天到办公室以后都会先在桌子前把咖啡喝了。,老板每天到办公室以后，都会先在桌子前,老板每天到办公室以后都会先在桌子前,无语境版本：删除前文语境，仅保留局部句框/测试句。,602,老板每天到办公室以后都会先在桌子前把咖啡喝了。,False,True,True,False,老板每天到办公室以后都会先在桌子前把咖啡喝了。,,,老板每天到办公室以后都会先在桌子前把咖啡喝了,老板每天到办公室以后都会先在桌子前把咖啡喝了,False,False,True,0,,老板每天到办公室以后，都会先在桌子前喝咖啡。,"老板每天到办公室以后,都会先在桌子前喝咖啡",False
T0604,SVO_无语境_200,无语境,SVO-preferred,1,习惯性动作与泛指,2,SVO-HG-002,SVO-NOCTX-HG-002,2,SVO,preferred,老板每天到办公室以后都会先在桌子前,喝咖啡,老板每天到办公室以后都会先在桌子前喝咖啡。,老板每天到办公室以后，都会先在桌子前,老板每天到办公室以后都会先在桌子前,无语境版本：删除前文语境，仅保留局部句框/测试句。,603,老板每天到办公室以后都会先在桌子前喝咖啡。,False,True,False,True,老板每天到办公室以后都会先在桌子前喝咖啡。,,,老板每天到办公室以后都会先在桌子前喝咖啡,老板每天到办公室以后都会先在桌子前喝咖啡,False,False,True,0,,老板每天到办公室以后，都会先在桌子前喝咖啡。,"老板每天到办公室以后,都会先在桌子前喝咖啡",False
T0605,SVO_无语境_200,无语境,SVO-preferred,1,习惯性动作与泛指,3,SVO-HG-003,SVO-NOCTX-HG-003,1,BA,non-preferred,她回家的第一件事就是坐在沙发上,把书看了,她回家的第一件事就是坐在沙发上把书看了。,她很喜欢阅读，她回家的第一件事就是坐在沙发上,她回家的第一件事就是坐在沙发上,无语境版本：删除前文语境，仅保留局部句框/测试句。,604,她回家的第一件事就是坐在沙发上把书看了。,False,True,True,False,她回家的第一件事就是坐在沙发上把书看了。,,,她回家的第一件事就是坐在沙发上把书看了,她回家的第一件事就是坐在沙发上把书看了,False,False,True,0,,她很喜欢阅读，她回家的第一件事就是坐在沙发上看书。,"她很喜欢阅读,她回家的第一件事就是坐在沙发上看书",False
T0606,SVO_无语境_200,无语境,SVO-preferred,1,习惯性动作与泛指,3,SVO-HG-003,SVO-NOCTX-HG-003,2,SVO,preferred,她回家的第一件事就是坐在沙发上,看书,她回家的第一件事就是坐在沙发上看书。,她很喜欢阅读，她回家的第一件事就是坐在沙发上,她回家的第一件事就是坐在沙发上,无语境版本：删除前文语境，仅保留局部句框/测试句。,605,她回家的第一件事就是坐在沙发上看书。,False,True,False,True,他回家的第一件事就是坐在沙发上看书。,,,她回家的第一件事就是坐在沙发上看书,他回家的第一件事就是坐在沙发上看书,True,True,False,1,replace:她->他@0:1,她很喜欢阅读，她回家的第一件事就是坐在沙发上看书。,"她很喜欢阅读,她回家的第一件事就是坐在沙发上看书",False
T0607,SVO_无语境_200,无语境,SVO-preferred,1,习惯性动作与泛指,4,SVO-HG-004,SVO-NOCTX-HG-004,1,BA,non-preferred,工人们每天中午十二点都会准时去食堂,把午饭吃了,工人们每天中午十二点都会准时去食堂把午饭吃了。,每天中午十二点，工厂的工人们都会准时去食堂,工人们每天中午十二点都会准时去食堂,无语境版本：删除前文语境，仅保留局部句框/测试句。,606,工人们每天中午十二点都会准时去食堂把午饭吃了。,False,True,True,False,工人们每天中午十二点都会准时去食堂把午饭吃了。,,,工人们每天中午十二点都会准时去食堂把午饭吃了,工人们每天中午十二点都会准时去食堂把午饭吃了,False,False,True,0,,每天中午十二点，工厂的工人们都会准时去食堂吃午饭。,"每天中午十二点,工厂的工人们都会准时去食堂吃午饭",False
T0608,SVO_无语境_200,无语境,SVO-preferred,1,习惯性动作与泛指,4,SVO-HG-004,SVO-NOCTX-HG-004,2,SVO,preferred,工人们每天中午十二点都会准时去食堂,吃午饭,工人们每天中午十二点都会准时去食堂吃午饭。,每天中午十二点，工厂的工人们都会准时去食堂,工人们每天中午十二点都会准时去食堂,无语境版本：删除前文语境，仅保留局部句框/测试句。,607,工人们每天中午十二点都会准时去食堂吃午饭。,False,True,False,True,工人们每天中午十二点都会准时去食堂吃晚饭。,,,工人们每天中午十二点都会准时去食堂吃午饭,工人们每天中午十二点都会准时去食堂吃晚饭,True,True,False,1,replace:午->晚@18:19,每天中午十二点，工厂的工人们都会准时去食堂吃午饭。,"每天中午十二点,工厂的工人们都会准时去食堂吃午饭",False
T0609,SVO_无语境_200,无语境,SVO-preferred,1,习惯性动作与泛指,5,SVO-HG-005,SVO-NOCTX-HG-005,1,BA,non-preferred,学生们要大声地,把课文读了,学生们要大声地把课文读了。,这所学校的管理很严格，老师要求学生们要大声地,学生们要大声地,无语境版本：删除前文语境，仅保留局部句框/测试句。,608,学生们要大声地把课文读了。,False,True,True,False,学生们要大声地把课文读了。,,,学生们要大声地把课文读了,学生们要大声地把课文读了,False,False,True,0,,这所学校的管理很严格，老师要求学生们要大声地读课文。,"这所学校的管理很严格,老师要求学生们要大声地读课文",False
T0610,SVO_无语境_200,无语境,SVO-preferred,1,习惯性动作与泛指,5,SVO-HG-005,SVO-NOCTX-HG-005,2,SVO,preferred,学生们要大声地,读课文,学生们要大声地读课文。,这所学校的管理很严格，老师要求学生们要大声地,学生们要大声地,无语境版本：删除前文语境，仅保留局部句框/测试句。,609,学生们要大声地读课文。,False,True,False,True,学生们要大声地读课文。,,,学生们要大声地读课文,学生们要大声地读课文,False,False,True,0,,这所学校的管理很严格，老师要求学生们要大声地读课文。,"这所学校的管理很严格,老师要求学生们要大声地读课文",False
T0611,SVO_无语境_200,无语境,SVO-preferred,1,习惯性动作与泛指,6,SVO-HG-006,SVO-NOCTX-HG-006,1,BA,non-preferred,我只,把白开水喝了,我只把白开水喝了。,我平时不爱喝饮料，只,我只,无语境版本：删除前文语境，仅保留局部句框/测试句。,610,我只把白开水喝了。,False,True,True,False,我只把矿泉水喝了。,,,我只把白开水喝了,我只把矿泉水喝了,True,True,False,2,replace:白开->矿泉@3:5,我平时不爱喝饮料，只喝白开水。,"我平时不爱喝饮料,只喝白开水",False
T0612,SVO_无语境_200,无语境,SVO-preferred,1,习惯性动作与泛指,6,SVO-HG-006,SVO-NOCTX-HG-006,2,SVO,preferred,我只,喝白开水,我只喝白开水。,我平时不爱喝饮料，只,我只,无语境版本：删除前文语境，仅保留局部句框/测试句。,611,我只喝白开水。,False,True,False,True,我只喝开水。,,,我只喝白开水,我只喝开水,True,True,False,1,delete:白->@3:4,我平时不爱喝饮料，只喝白开水。,"我平时不爱喝饮料,只喝白开水",False
T0613,SVO_无语境_200,无语境,SVO-preferred,1,习惯性动作与泛指,7,SVO-HG-007,SVO-NOCTX-HG-007,1,BA,non-preferred,他每天在图书馆,把单词背了,他每天在图书馆把单词背了。,为了准备下个月的考试，他每天在图书馆,他每天在图书馆,无语境版本：删除前文语境，仅保留局部句框/测试句。,612,他每天在图书馆把单词背了。,False,True,True,False,他每天在图书馆把单词背了。,,,他每天在图书馆把单词背了,他每天在图书馆把单词背了,False,False,True,0,,为了准备下个月的考试，他每天在图书馆背单词。,"为了准备下个月的考试,他每天在图书馆背单词",False
T0614,SVO_无语境_200,无语境,SVO-preferred,1,习惯性动作与泛指,7,SVO-HG-007,SVO-NOCTX-HG-007,2,SVO,preferred,他每天在图书馆,背单词,他每天在图书馆背单词。,为了准备下个月的考试，他每天在图书馆,他每天在图书馆,无语境版本：删除前文语境，仅保留局部句框/测试句。,613,他每天在图书馆背单词。,False,True,False,True,他每天在图书馆学英语。,,,他每天在图书馆背单词,他每天在图书馆学英语,True,True,False,3,replace:背单词->学英语@7:10,为了准备下个月的考试，他每天在图书馆背单词。,"为了准备下个月的考试,他每天在图书馆背单词",False
T0615,SVO_无语境_200,无语境,SVO-preferred,1,习惯性动作与泛指,8,SVO-HG-008,SVO-NOCTX-HG-008,1,BA,non-preferred,我每天晚上睡觉以前都去卫生间,把牙刷了,我每天晚上睡觉以前都去卫生间把牙刷了。,每天晚上睡觉以前，我都去卫生间,我每天晚上睡觉以前都去卫生间,无语境版本：删除前文语境，仅保留局部句框/测试句。,614,我每天晚上睡觉以前都去卫生间把牙刷了。,False,True,True,False,我每天晚上睡觉以前都去卫生间把牙刷了。,,,我每天晚上睡觉以前都去卫生间把牙刷了,我每天晚上睡觉以前都去卫生间把牙刷了,False,False,True,0,,每天晚上睡觉以前，我都去卫生间刷牙。,"每天晚上睡觉以前,我都去卫生间刷牙",False
T0616,SVO_无语境_200,无语境,SVO-preferred,1,习惯性动作与泛指,8,SVO-HG-008,SVO-NOCTX-HG-008,2,SVO,preferred,我每天晚上睡觉以前都去卫生间,刷牙,我每天晚上睡觉以前都去卫生间刷牙。,每天晚上睡觉以前，我都去卫生间,我每天晚上睡觉以前都去卫生间,无语境版本：删除前文语境，仅保留局部句框/测试句。,615,我每天晚上睡觉以前都去卫生间刷牙。,False,True,False,True,我每天晚上睡觉以前都去卫生间刷牙。,,,我每天晚上睡觉以前都去卫生间刷牙,我每天晚上睡觉以前都去卫生间刷牙,False,False,True,0,,每天晚上睡觉以前，我都去卫生间刷牙。,"每天晚上睡觉以前,我都去卫生间刷牙",False
T0617,SVO_无语境_200,无语境,SVO-preferred,1,习惯性动作与泛指,9,SVO-HG-009,SVO-NOCTX-HG-009,1,BA,non-preferred,奶奶每个周末去公园的时候总在湖边,把歌听了,奶奶每个周末去公园的时候总在湖边把歌听了。,每个周末去公园的时候，奶奶总在湖边,奶奶每个周末去公园的时候总在湖边,无语境版本：删除前文语境，仅保留局部句框/测试句。,616,奶奶每个周末去公园的时候总在湖边把歌听了。,False,True,True,False,奶奶每个周末去公园的时候总在湖边把歌听了。,,,奶奶每个周末去公园的时候总在湖边把歌听了,奶奶每个周末去公园的时候总在湖边把歌听了,False,False,True,0,,每个周末去公园的时候，奶奶总在湖边听歌。,"每个周末去公园的时候,奶奶总在湖边听歌",False
T0618,SVO_无语境_200,无语境,SVO-preferred,1,习惯性动作与泛指,9,SVO-HG-009,SVO-NOCTX-HG-009,2,SVO,preferred,奶奶每个周末去公园的时候总在湖边,听歌,奶奶每个周末去公园的时候总在湖边听歌。,每个周末去公园的时候，奶奶总在湖边,奶奶每个周末去公园的时候总在湖边,无语境版本：删除前文语境，仅保留局部句框/测试句。,617,奶奶每个周末去公园的时候总在湖边听歌。,False,True,False,True,奶奶每个周末去公园的时候总在湖边听歌。,,,奶奶每个周末去公园的时候总在湖边听歌,奶奶每个周末去公园的时候总在湖边听歌,False,False,True,0,,每个周末去公园的时候，奶奶总在湖边听歌。,"每个周末去公园的时候,奶奶总在湖边听歌",False
T0619,SVO_无语境_200,无语境,SVO-preferred,1,习惯性动作与泛指,10,SVO-HG-010,SVO-NOCTX-HG-010,1,BA,non-preferred,弟弟喜欢在房间里,把吉他弹了,弟弟喜欢在房间里把吉他弹了。,弟弟不开心的时候，喜欢在房间里,弟弟喜欢在房间里,无语境版本：删除前文语境，仅保留局部句框/测试句。,618,弟弟喜欢在房间里把吉他弹了。,False,True,True,False,弟弟喜欢在房间里把吉他弹了。,,,弟弟喜欢在房间里把吉他弹了,弟弟喜欢在房间里把吉他弹了,False,False,True,0,,弟弟不开心的时候，喜欢在房间里弹吉他。,"弟弟不开心的时候,喜欢在房间里弹吉他",False
T0620,SVO_无语境_200,无语境,SVO-preferred,1,习惯性动作与泛指,10,SVO-HG-010,SVO-NOCTX-HG-010,2,SVO,preferred,弟弟喜欢在房间里,弹吉他,弟弟喜欢在房间里弹吉他。,弟弟不开心的时候，喜欢在房间里,弟弟喜欢在房间里,无语境版本：删除前文语境，仅保留局部句框/测试句。,619,弟弟喜欢在房间里弹吉他。,False,True,False,True,弟弟喜欢在房间里弹吉他。,,,弟弟喜欢在房间里弹吉他,弟弟喜欢在房间里弹吉他,False,False,True,0,,弟弟不开心的时候，喜欢在房间里弹吉他。,"弟弟不开心的时候,喜欢在房间里弹吉他",False
T0621,SVO_无语境_200,无语境,SVO-preferred,1,习惯性动作与泛指,11,SVO-HG-011,SVO-NOCTX-HG-011,1,BA,non-preferred,弟弟每天早上吃早饭的时候都会,把牛奶喝了,弟弟每天早上吃早饭的时候都会把牛奶喝了。,每天早上吃早饭的时候，弟弟都会,弟弟每天早上吃早饭的时候都会,无语境版本：删除前文语境，仅保留局部句框/测试句。,620,弟弟每天早上吃早饭的时候都会把牛奶喝了。,False,True,True,False,弟弟每天早上吃早饭的时候都会把牛奶喝了。,,,弟弟每天早上吃早饭的时候都会把牛奶喝了,弟弟每天早上吃早饭的时候都会把牛奶喝了,False,False,True,0,,每天早上吃早饭的时候，弟弟都会喝牛奶。,"每天早上吃早饭的时候,弟弟都会喝牛奶",False
T0622,SVO_无语境_200,无语境,SVO-preferred,1,习惯性动作与泛指,11,SVO-HG-011,SVO-NOCTX-HG-011,2,SVO,preferred,弟弟每天早上吃早饭的时候都会,喝牛奶,弟弟每天早上吃早饭的时候都会喝牛奶。,每天早上吃早饭的时候，弟弟都会,弟弟每天早上吃早饭的时候都会,无语境版本：删除前文语境，仅保留局部句框/测试句。,621,弟弟每天早上吃早饭的时候都会喝牛奶。,False,True,False,True,弟弟每天早上吃早饭的时候都会喝牛奶。,,,弟弟每天早上吃早饭的时候都会喝牛奶,弟弟每天早上吃早饭的时候都会喝牛奶,False,False,True,0,,每天早上吃早饭的时候，弟弟都会喝牛奶。,"每天早上吃早饭的时候,弟弟都会喝牛奶",False
T0623,SVO_无语境_200,无语境,SVO-preferred,1,习惯性动作与泛指,12,SVO-HG-012,SVO-NOCTX-HG-012,1,BA,non-preferred,爷爷每天早上六点起床后常常坐在院子里,把广播听了,爷爷每天早上六点起床后常常坐在院子里把广播听了。,每天早上六点起床后，爷爷常常坐在院子里,爷爷每天早上六点起床后常常坐在院子里,无语境版本：删除前文语境，仅保留局部句框/测试句。,622,爷爷每天早上六点起床后常常坐在院子里把广播听了。,False,True,True,False,爷爷每天早上六点起床后常常坐在院子里把广播听了。,,,爷爷每天早上六点起床后常常坐在院子里把广播听了,爷爷每天早上六点起床后常常坐在院子里把广播听了,False,False,True,0,,每天早上六点起床后，爷爷常常坐在院子里听广播。,"每天早上六点起床后,爷爷常常坐在院子里听广播",False
T0624,SVO_无语境_200,无语境,SVO-preferred,1,习惯性动作与泛指,12,SVO-HG-012,SVO-NOCTX-HG-012,2,SVO,preferred,爷爷每天早上六点起床后常常坐在院子里,听广播,爷爷每天早上六点起床后常常坐在院子里听广播。,每天早上六点起床后，爷爷常常坐在院子里,爷爷每天早上六点起床后常常坐在院子里,无语境版本：删除前文语境，仅保留局部句框/测试句。,623,爷爷每天早上六点起床后常常坐在院子里听广播。,False,True,False,True,爷爷每天早上六点起床后常常坐在院子里听广播。,,,爷爷每天早上六点起床后常常坐在院子里听广播,爷爷每天早上六点起床后常常坐在院子里听广播,False,False,True,0,,每天早上六点起床后，爷爷常常坐在院子里听广播。,"每天早上六点起床后,爷爷常常坐在院子里听广播",False
T0625,SVO_无语境_200,无语境,SVO-preferred,1,习惯性动作与泛指,13,SVO-HG-013,SVO-NOCTX-HG-013,1,BA,non-preferred,爸爸每天下班回家后总是习惯坐在沙发上打开手机,把新闻看了,爸爸每天下班回家后总是习惯坐在沙发上打开手机把新闻看了。,每天下班回家后，爸爸总是习惯坐在沙发上打开手机,爸爸每天下班回家后总是习惯坐在沙发上打开手机,无语境版本：删除前文语境，仅保留局部句框/测试句。,624,爸爸每天下班回家后总是习惯坐在沙发上打开手机把新闻看了。,False,True,True,False,爸爸每天下班回家后总是习惯坐在沙发上打开手机把新闻看了。,,,爸爸每天下班回家后总是习惯坐在沙发上打开手机把新闻看了,爸爸每天下班回家后总是习惯坐在沙发上打开手机把新闻看了,False,False,True,0,,每天下班回家后，爸爸总是习惯坐在沙发上打开手机看新闻。,"每天下班回家后,爸爸总是习惯坐在沙发上打开手机看新闻",False
T0626,SVO_无语境_200,无语境,SVO-preferred,1,习惯性动作与泛指,13,SVO-HG-013,SVO-NOCTX-HG-013,2,SVO,preferred,爸爸每天下班回家后总是习惯坐在沙发上打开手机,看新闻,爸爸每天下班回家后总是习惯坐在沙发上打开手机看新闻。,每天下班回家后，爸爸总是习惯坐在沙发上打开手机,爸爸每天下班回家后总是习惯坐在沙发上打开手机,无语境版本：删除前文语境，仅保留局部句框/测试句。,625,爸爸每天下班回家后总是习惯坐在沙发上打开手机看新闻。,False,True,False,True,爸爸每天下班回家后总是习惯坐在沙发上打开手机看新闻。,,,爸爸每天下班回家后总是习惯坐在沙发上打开手机看新闻,爸爸每天下班回家后总是习惯坐在沙发上打开手机看新闻,False,False,True,0,,每天下班回家后，爸爸总是习惯坐在沙发上打开手机看新闻。,"每天下班回家后,爸爸总是习惯坐在沙发上打开手机看新闻",False
T0627,SVO_无语境_200,无语境,SVO-preferred,1,习惯性动作与泛指,14,SVO-HG-014,SVO-NOCTX-HG-014,1,BA,non-preferred,妹妹每天晚上睡觉前都会坐在书桌前安静地,把日记写了,妹妹每天晚上睡觉前都会坐在书桌前安静地把日记写了。,每天晚上睡觉前，妹妹都会坐在书桌前安静地,妹妹每天晚上睡觉前都会坐在书桌前安静地,无语境版本：删除前文语境，仅保留局部句框/测试句。,626,妹妹每天晚上睡觉前都会坐在书桌前安静地把日记写了。,False,True,True,False,妹妹每天晚上睡觉前都会坐在书桌前安静地把日记写了。,,,妹妹每天晚上睡觉前都会坐在书桌前安静地把日记写了,妹妹每天晚上睡觉前都会坐在书桌前安静地把日记写了,False,False,True,0,,每天晚上睡觉前，妹妹都会坐在书桌前安静地写日记。,"每天晚上睡觉前,妹妹都会坐在书桌前安静地写日记",False
T0628,SVO_无语境_200,无语境,SVO-preferred,1,习惯性动作与泛指,14,SVO-HG-014,SVO-NOCTX-HG-014,2,SVO,preferred,妹妹每天晚上睡觉前都会坐在书桌前安静地,写日记,妹妹每天晚上睡觉前都会坐在书桌前安静地写日记。,每天晚上睡觉前，妹妹都会坐在书桌前安静地,妹妹每天晚上睡觉前都会坐在书桌前安静地,无语境版本：删除前文语境，仅保留局部句框/测试句。,627,妹妹每天晚上睡觉前都会坐在书桌前安静地写日记。,False,True,False,True,妹妹每天晚上睡觉前都会坐在书桌前安静地写日记。,,,妹妹每天晚上睡觉前都会坐在书桌前安静地写日记,妹妹每天晚上睡觉前都会坐在书桌前安静地写日记,False,False,True,0,,每天晚上睡觉前，妹妹都会坐在书桌前安静地写日记。,"每天晚上睡觉前,妹妹都会坐在书桌前安静地写日记",False
T0629,SVO_无语境_200,无语境,SVO-preferred,1,习惯性动作与泛指,15,SVO-HG-015,SVO-NOCTX-HG-015,1,BA,non-preferred,邻居家的女儿每个周末下午五点都会在自己的房间里,把钢琴弹了,邻居家的女儿每个周末下午五点都会在自己的房间里把钢琴弹了。,每个周末下午五点，邻居家的女儿都会在自己的房间里,邻居家的女儿每个周末下午五点都会在自己的房间里,无语境版本：删除前文语境，仅保留局部句框/测试句。,628,邻居家的女儿每个周末下午五点都会在自己的房间里把钢琴弹了。,False,True,True,False,邻居家的女儿每个周末下午五点都会在自己的房间里把钢琴弹了。,,,邻居家的女儿每个周末下午五点都会在自己的房间里把钢琴弹了,邻居家的女儿每个周末下午五点都会在自己的房间里把钢琴弹了,False,False,True,0,,每个周末下午五点，邻居家的女儿都会在自己的房间里弹钢琴。,"每个周末下午五点,邻居家的女儿都会在自己的房间里弹钢琴",False
T0630,SVO_无语境_200,无语境,SVO-preferred,1,习惯性动作与泛指,15,SVO-HG-015,SVO-NOCTX-HG-015,2,SVO,preferred,邻居家的女儿每个周末下午五点都会在自己的房间里,弹钢琴,邻居家的女儿每个周末下午五点都会在自己的房间里弹钢琴。,每个周末下午五点，邻居家的女儿都会在自己的房间里,邻居家的女儿每个周末下午五点都会在自己的房间里,无语境版本：删除前文语境，仅保留局部句框/测试句。,629,邻居家的女儿每个周末下午五点都会在自己的房间里弹钢琴。,False,True,False,True,邻居家的女儿每个周末下午五点都会在自己的房间里弹钢琴。,,,邻居家的女儿每个周末下午五点都会在自己的房间里弹钢琴,邻居家的女儿每个周末下午五点都会在自己的房间里弹钢琴,False,False,True,0,,每个周末下午五点，邻居家的女儿都会在自己的房间里弹钢琴。,"每个周末下午五点,邻居家的女儿都会在自己的房间里弹钢琴",False
T0631,SVO_无语境_200,无语境,SVO-preferred,1,习惯性动作与泛指,16,SVO-HG-016,SVO-NOCTX-HG-016,1,BA,non-preferred,她每次去超市都习惯推着车子,把零食买了,她每次去超市都习惯推着车子把零食买了。,每次去超市，她习惯推着车子,她每次去超市都习惯推着车子,无语境版本：删除前文语境，仅保留局部句框/测试句。,630,她每次去超市都习惯推着车子把零食买了。,False,True,True,False,她每次去超市都习惯推着车子把零食买了。,,,她每次去超市都习惯推着车子把零食买了,她每次去超市都习惯推着车子把零食买了,False,False,True,0,,每次去超市，她习惯推着车子买零食。,"每次去超市,她习惯推着车子买零食",False
T0632,SVO_无语境_200,无语境,SVO-preferred,1,习惯性动作与泛指,16,SVO-HG-016,SVO-NOCTX-HG-016,2,SVO,preferred,她每次去超市都习惯推着车子,买零食,她每次去超市都习惯推着车子买零食。,每次去超市，她习惯推着车子,她每次去超市都习惯推着车子,无语境版本：删除前文语境，仅保留局部句框/测试句。,631,她每次去超市都习惯推着车子买零食。,False,True,False,True,他每次去超市都习惯推着车子买零食。,,,她每次去超市都习惯推着车子买零食,他每次去超市都习惯推着车子买零食,True,True,False,1,replace:她->他@0:1,每次去超市，她习惯推着车子买零食。,"每次去超市,她习惯推着车子买零食",False
T0633,SVO_无语境_200,无语境,SVO-preferred,1,习惯性动作与泛指,17,SVO-HG-017,SVO-NOCTX-HG-017,1,BA,non-preferred,妈妈每次去超市的时候都会顺便,把鲜花买了,妈妈每次去超市的时候都会顺便把鲜花买了。,妈妈非常喜欢植物，每次去超市的时候，她都会顺便,妈妈每次去超市的时候都会顺便,无语境版本：删除前文语境，仅保留局部句框/测试句。,632,妈妈每次去超市的时候都会顺便把鲜花买了。,False,True,True,False,妈妈每次去超市的时候都会顺便把鲜花买了。,,,妈妈每次去超市的时候都会顺便把鲜花买了,妈妈每次去超市的时候都会顺便把鲜花买了,False,False,True,0,,妈妈非常喜欢植物，每次去超市的时候，她都会顺便买鲜花。,"妈妈非常喜欢植物,每次去超市的时候,她都会顺便买鲜花",False
T0634,SVO_无语境_200,无语境,SVO-preferred,1,习惯性动作与泛指,17,SVO-HG-017,SVO-NOCTX-HG-017,2,SVO,preferred,妈妈每次去超市的时候都会顺便,买鲜花,妈妈每次去超市的时候都会顺便买鲜花。,妈妈非常喜欢植物，每次去超市的时候，她都会顺便,妈妈每次去超市的时候都会顺便,无语境版本：删除前文语境，仅保留局部句框/测试句。,633,妈妈每次去超市的时候都会顺便买鲜花。,False,True,False,True,妈妈每次去超市的时候都会顺便买鲜花。,,,妈妈每次去超市的时候都会顺便买鲜花,妈妈每次去超市的时候都会顺便买鲜花,False,False,True,0,,妈妈非常喜欢植物，每次去超市的时候，她都会顺便买鲜花。,"妈妈非常喜欢植物,每次去超市的时候,她都会顺便买鲜花",False
T0635,SVO_无语境_200,无语境,SVO-preferred,1,习惯性动作与泛指,18,SVO-HG-018,SVO-NOCTX-HG-018,1,BA,non-preferred,王老师每天在办公室只,把绿茶喝了,王老师每天在办公室只把绿茶喝了。,王老师平时不爱喝咖啡，他每天在办公室只,王老师每天在办公室只,无语境版本：删除前文语境，仅保留局部句框/测试句。,634,王老师每天在办公室只把绿茶喝了。,False,True,True,False,王老师每天在办公室只把绿茶喝了。,,,王老师每天在办公室只把绿茶喝了,王老师每天在办公室只把绿茶喝了,False,False,True,0,,王老师平时不爱喝咖啡，他每天在办公室只喝绿茶。,"王老师平时不爱喝咖啡,他每天在办公室只喝绿茶",False
T0636,SVO_无语境_200,无语境,SVO-preferred,1,习惯性动作与泛指,18,SVO-HG-018,SVO-NOCTX-HG-018,2,SVO,preferred,王老师每天在办公室只,喝绿茶,王老师每天在办公室只喝绿茶。,王老师平时不爱喝咖啡，他每天在办公室只,王老师每天在办公室只,无语境版本：删除前文语境，仅保留局部句框/测试句。,635,王老师每天在办公室只喝绿茶。,False,True,False,True,王老师每天在办公室只喝绿茶。,,,王老师每天在办公室只喝绿茶,王老师每天在办公室只喝绿茶,False,False,True,0,,王老师平时不爱喝咖啡，他每天在办公室只喝绿茶。,"王老师平时不爱喝咖啡,他每天在办公室只喝绿茶",False
T0637,SVO_无语境_200,无语境,SVO-preferred,1,习惯性动作与泛指,19,SVO-HG-019,SVO-NOCTX-HG-019,1,BA,non-preferred,他每天都坚持在练习本上,把汉字写了,他每天都坚持在练习本上把汉字写了。,为了学好汉语，他每天都坚持在练习本上,他每天都坚持在练习本上,无语境版本：删除前文语境，仅保留局部句框/测试句。,636,他每天都坚持在练习本上把汉字写了。,False,True,True,False,他每天都坚持在练习本上把汉字写了。,,,他每天都坚持在练习本上把汉字写了,他每天都坚持在练习本上把汉字写了,False,False,True,0,,为了学好汉语，他每天都坚持在练习本上写汉字。,"为了学好汉语,他每天都坚持在练习本上写汉字",False
T0638,SVO_无语境_200,无语境,SVO-preferred,1,习惯性动作与泛指,19,SVO-HG-019,SVO-NOCTX-HG-019,2,SVO,preferred,他每天都坚持在练习本上,写汉字,他每天都坚持在练习本上写汉字。,为了学好汉语，他每天都坚持在练习本上,他每天都坚持在练习本上,无语境版本：删除前文语境，仅保留局部句框/测试句。,637,他每天都坚持在练习本上写汉字。,False,True,False,True,他每天都坚持在练习本上写汉字。,,,他每天都坚持在练习本上写汉字,他每天都坚持在练习本上写汉字,False,False,True,0,,为了学好汉语，他每天都坚持在练习本上写汉字。,"为了学好汉语,他每天都坚持在练习本上写汉字",False
T0639,SVO_无语境_200,无语境,SVO-preferred,1,习惯性动作与泛指,20,SVO-HG-020,SVO-NOCTX-HG-020,1,BA,non-preferred,经理每天早上到了公司第一件事就是打开电脑,把邮件查了,经理每天早上到了公司第一件事就是打开电脑把邮件查了。,经理每天早上到了公司，第一件事就是打开电脑,经理每天早上到了公司第一件事就是打开电脑,无语境版本：删除前文语境，仅保留局部句框/测试句。,638,经理每天早上到了公司第一件事就是打开电脑把邮件查了。,False,True,True,False,经理每天早上到了公司第一件事就是打开电脑把邮件查了。,,,经理每天早上到了公司第一件事就是打开电脑把邮件查了,经理每天早上到了公司第一件事就是打开电脑把邮件查了,False,False,True,0,,经理每天早上到了公司，第一件事就是打开电脑查邮件。,"经理每天早上到了公司,第一件事就是打开电脑查邮件",False
T0640,SVO_无语境_200,无语境,SVO-preferred,1,习惯性动作与泛指,20,SVO-HG-020,SVO-NOCTX-HG-020,2,SVO,preferred,经理每天早上到了公司第一件事就是打开电脑,查邮件,经理每天早上到了公司第一件事就是打开电脑查邮件。,经理每天早上到了公司，第一件事就是打开电脑,经理每天早上到了公司第一件事就是打开电脑,无语境版本：删除前文语境，仅保留局部句框/测试句。,639,经理每天早上到了公司第一件事就是打开电脑查邮件。,False,True,False,True,经理每天早上到了公司第一件事就是打开电脑查邮件。,,,经理每天早上到了公司第一件事就是打开电脑查邮件,经理每天早上到了公司第一件事就是打开电脑查邮件,False,False,True,0,,经理每天早上到了公司，第一件事就是打开电脑查邮件。,"经理每天早上到了公司,第一件事就是打开电脑查邮件",False
T0641,SVO_无语境_200,无语境,SVO-preferred,1,习惯性动作与泛指,21,SVO-HG-021,SVO-NOCTX-HG-021,1,BA,non-preferred,我每次坐地铁的时候都会戴上耳机,把音乐听了,我每次坐地铁的时候都会戴上耳机把音乐听了。,每次坐地铁的时候，为了打发时间，我都会戴上耳机,我每次坐地铁的时候都会戴上耳机,无语境版本：删除前文语境，仅保留局部句框/测试句。,640,我每次坐地铁的时候都会戴上耳机把音乐听了。,False,True,True,False,我每次坐地铁的时候都会戴上耳机把音乐听了。,,,我每次坐地铁的时候都会戴上耳机把音乐听了,我每次坐地铁的时候都会戴上耳机把音乐听了,False,False,True,0,,每次坐地铁的时候，为了打发时间，我都会戴上耳机听音乐。,"每次坐地铁的时候,为了打发时间,我都会戴上耳机听音乐",False
T0642,SVO_无语境_200,无语境,SVO-preferred,1,习惯性动作与泛指,21,SVO-HG-021,SVO-NOCTX-HG-021,2,SVO,preferred,我每次坐地铁的时候都会戴上耳机,听音乐,我每次坐地铁的时候都会戴上耳机听音乐。,每次坐地铁的时候，为了打发时间，我都会戴上耳机,我每次坐地铁的时候都会戴上耳机,无语境版本：删除前文语境，仅保留局部句框/测试句。,641,我每次坐地铁的时候都会戴上耳机听音乐。,False,True,False,True,我每次坐地铁的时候都会戴上耳机听音乐。,,,我每次坐地铁的时候都会戴上耳机听音乐,我每次坐地铁的时候都会戴上耳机听音乐,False,False,True,0,,每次坐地铁的时候，为了打发时间，我都会戴上耳机听音乐。,"每次坐地铁的时候,为了打发时间,我都会戴上耳机听音乐",False
T0643,SVO_无语境_200,无语境,SVO-preferred,1,习惯性动作与泛指,22,SVO-HG-022,SVO-NOCTX-HG-022,1,BA,non-preferred,那位阿姨每天傍晚都会去花园,把流浪猫喂了,那位阿姨每天傍晚都会去花园把流浪猫喂了。,小区里有一位好心的阿姨，每天傍晚都会去花园,那位阿姨每天傍晚都会去花园,无语境版本：删除前文语境，仅保留局部句框/测试句。,642,那位阿姨每天傍晚都会去花园把流浪猫喂了。,False,True,True,False,那位阿姨每天傍晚都会去花园把流浪猫喂了。,,,那位阿姨每天傍晚都会去花园把流浪猫喂了,那位阿姨每天傍晚都会去花园把流浪猫喂了,False,False,True,0,,小区里有一位好心的阿姨，每天傍晚都会去花园喂流浪猫。,"小区里有一位好心的阿姨,每天傍晚都会去花园喂流浪猫",False
T0644,SVO_无语境_200,无语境,SVO-preferred,1,习惯性动作与泛指,22,SVO-HG-022,SVO-NOCTX-HG-022,2,SVO,preferred,那位阿姨每天傍晚都会去花园,喂流浪猫,那位阿姨每天傍晚都会去花园喂流浪猫。,小区里有一位好心的阿姨，每天傍晚都会去花园,那位阿姨每天傍晚都会去花园,无语境版本：删除前文语境，仅保留局部句框/测试句。,643,那位阿姨每天傍晚都会去花园喂流浪猫。,False,True,False,True,那位阿姨每天傍晚都会去花园喂流浪猫。,,,那位阿姨每天傍晚都会去花园喂流浪猫,那位阿姨每天傍晚都会去花园喂流浪猫,False,False,True,0,,小区里有一位好心的阿姨，每天傍晚都会去花园喂流浪猫。,"小区里有一位好心的阿姨,每天傍晚都会去花园喂流浪猫",False
T0645,SVO_无语境_200,无语境,SVO-preferred,1,习惯性动作与泛指,23,SVO-HG-023,SVO-NOCTX-HG-023,1,BA,non-preferred,这位护士每天都会按时给每个病人,把体温量了,这位护士每天都会按时给每个病人把体温量了。,这位护士很细心，每天都会按时给每个病人,这位护士每天都会按时给每个病人,无语境版本：删除前文语境，仅保留局部句框/测试句。,644,这位护士每天都会按时给每个病人把体温量了。,False,True,True,False,这位护士每天都会按时给每个病人把体温量了。,,,这位护士每天都会按时给每个病人把体温量了,这位护士每天都会按时给每个病人把体温量了,False,False,True,0,,这位护士很细心，每天都会按时给每个病人量体温。,"这位护士很细心,每天都会按时给每个病人量体温",False
T0646,SVO_无语境_200,无语境,SVO-preferred,1,习惯性动作与泛指,23,SVO-HG-023,SVO-NOCTX-HG-023,2,SVO,preferred,这位护士每天都会按时给每个病人,量体温,这位护士每天都会按时给每个病人量体温。,这位护士很细心，每天都会按时给每个病人,这位护士每天都会按时给每个病人,无语境版本：删除前文语境，仅保留局部句框/测试句。,645,这位护士每天都会按时给每个病人量体温。,False,True,False,True,这位护士每天都会按时给每个病人量体温。,,,这位护士每天都会按时给每个病人量体温,这位护士每天都会按时给每个病人量体温,False,False,True,0,,这位护士很细心，每天都会按时给每个病人量体温。,"这位护士很细心,每天都会按时给每个病人量体温",False
T0647,SVO_无语境_200,无语境,SVO-preferred,1,习惯性动作与泛指,24,SVO-HG-024,SVO-NOCTX-HG-024,1,BA,non-preferred,他看书或者看电脑时一定会,把眼镜戴上,他看书或者看电脑时一定会把眼镜戴上。,他的视力不太好，只要是看书或者看电脑，就一定会,他看书或者看电脑时一定会,无语境版本：删除前文语境，仅保留局部句框/测试句。,646,他看书或者看电脑时一定会把眼镜戴上。,False,True,True,False,他看书或者看电脑时一定会把眼镜戴上。,,,他看书或者看电脑时一定会把眼镜戴上,他看书或者看电脑时一定会把眼镜戴上,False,False,True,0,,他的视力不太好，只要是看书或者看电脑，就一定会戴上眼镜。,"他的视力不太好,只要是看书或者看电脑,就一定会戴上眼镜",False
T0648,SVO_无语境_200,无语境,SVO-preferred,1,习惯性动作与泛指,24,SVO-HG-024,SVO-NOCTX-HG-024,2,SVO,preferred,他看书或者看电脑时一定会,戴上眼镜,他看书或者看电脑时一定会戴上眼镜。,他的视力不太好，只要是看书或者看电脑，就一定会,他看书或者看电脑时一定会,无语境版本：删除前文语境，仅保留局部句框/测试句。,647,他看书或者看电脑时一定会戴上眼镜。,False,True,False,True,他看书或者看电脑时一定会戴上眼镜。,,,他看书或者看电脑时一定会戴上眼镜,他看书或者看电脑时一定会戴上眼镜,False,False,True,0,,他的视力不太好，只要是看书或者看电脑，就一定会戴上眼镜。,"他的视力不太好,只要是看书或者看电脑,就一定会戴上眼镜",False
T0649,SVO_无语境_200,无语境,SVO-preferred,1,习惯性动作与泛指,25,SVO-HG-025,SVO-NOCTX-HG-025,1,BA,non-preferred,那位经理每天上班第一件事就是在电脑前,把邮件回了,那位经理每天上班第一件事就是在电脑前把邮件回了。,那位经理很有责任心，每天上班第一件事就是在电脑前,那位经理每天上班第一件事就是在电脑前,无语境版本：删除前文语境，仅保留局部句框/测试句。,648,那位经理每天上班第一件事就是在电脑前把邮件回了。,False,True,True,False,那位经理每天上班第一件事就是在电脑前把邮件回了。,,,那位经理每天上班第一件事就是在电脑前把邮件回了,那位经理每天上班第一件事就是在电脑前把邮件回了,False,False,True,0,,那位经理很有责任心，每天上班第一件事就是在电脑前回邮件。,"那位经理很有责任心,每天上班第一件事就是在电脑前回邮件",False
T0650,SVO_无语境_200,无语境,SVO-preferred,1,习惯性动作与泛指,25,SVO-HG-025,SVO-NOCTX-HG-025,2,SVO,preferred,那位经理每天上班第一件事就是在电脑前,回邮件,那位经理每天上班第一件事就是在电脑前回邮件。,那位经理很有责任心，每天上班第一件事就是在电脑前,那位经理每天上班第一件事就是在电脑前,无语境版本：删除前文语境，仅保留局部句框/测试句。,649,那位经理每天上班第一件事就是在电脑前回邮件。,False,True,False,True,那位经理每天上班第一件事就是在电脑前回邮件。,,,那位经理每天上班第一件事就是在电脑前回邮件,那位经理每天上班第一件事就是在电脑前回邮件,False,False,True,0,,那位经理很有责任心，每天上班第一件事就是在电脑前回邮件。,"那位经理很有责任心,每天上班第一件事就是在电脑前回邮件",False
T0651,SVO_无语境_200,无语境,SVO-preferred,1,习惯性动作与泛指,26,SVO-HG-026,SVO-NOCTX-HG-026,1,BA,non-preferred,农民伯伯每天天亮就会去地里,把农活干了,农民伯伯每天天亮就会去地里把农活干了。,农民伯伯很辛苦，每天天亮就会去地里,农民伯伯每天天亮就会去地里,无语境版本：删除前文语境，仅保留局部句框/测试句。,650,农民伯伯每天天亮就会去地里把农活干了。,False,True,True,False,农民伯伯每天天亮就会去地里把农活干了。,,,农民伯伯每天天亮就会去地里把农活干了,农民伯伯每天天亮就会去地里把农活干了,False,False,True,0,,农民伯伯很辛苦，每天天亮就会去地里干农活。,"农民伯伯很辛苦,每天天亮就会去地里干农活",False
T0652,SVO_无语境_200,无语境,SVO-preferred,1,习惯性动作与泛指,26,SVO-HG-026,SVO-NOCTX-HG-026,2,SVO,preferred,农民伯伯每天天亮就会去地里,干农活,农民伯伯每天天亮就会去地里干农活。,农民伯伯很辛苦，每天天亮就会去地里,农民伯伯每天天亮就会去地里,无语境版本：删除前文语境，仅保留局部句框/测试句。,651,农民伯伯每天天亮就会去地里干农活。,False,True,False,True,农民伯伯每天天亮就会去地里干农活。,,,农民伯伯每天天亮就会去地里干农活,农民伯伯每天天亮就会去地里干农活,False,False,True,0,,农民伯伯很辛苦，每天天亮就会去地里干农活。,"农民伯伯很辛苦,每天天亮就会去地里干农活",False
T0653,SVO_无语境_200,无语境,SVO-preferred,1,习惯性动作与泛指,27,SVO-HG-027,SVO-NOCTX-HG-027,1,BA,non-preferred,弟弟每天下午做完作业后都会用平板电脑,把游戏玩了,弟弟每天下午做完作业后都会用平板电脑把游戏玩了。,弟弟放暑假了，每天下午做完作业后，他都会用平板电脑,弟弟每天下午做完作业后都会用平板电脑,无语境版本：删除前文语境，仅保留局部句框/测试句。,652,弟弟每天下午做完作业后都会用平板电脑把游戏玩了。,False,True,True,False,弟弟每天下午做完作业后都会用平板电脑把游戏完了。,,,弟弟每天下午做完作业后都会用平板电脑把游戏玩了,弟弟每天下午做完作业后都会用平板电脑把游戏完了,True,True,False,1,replace:玩->完@21:22,弟弟放暑假了，每天下午做完作业后，他都会用平板电脑玩游戏。,"弟弟放暑假了,每天下午做完作业后,他都会用平板电脑玩游戏",False
T0654,SVO_无语境_200,无语境,SVO-preferred,1,习惯性动作与泛指,27,SVO-HG-027,SVO-NOCTX-HG-027,2,SVO,preferred,弟弟每天下午做完作业后都会用平板电脑,玩游戏,弟弟每天下午做完作业后都会用平板电脑玩游戏。,弟弟放暑假了，每天下午做完作业后，他都会用平板电脑,弟弟每天下午做完作业后都会用平板电脑,无语境版本：删除前文语境，仅保留局部句框/测试句。,653,弟弟每天下午做完作业后都会用平板电脑玩游戏。,False,True,False,True,而她每天下午做完作业后都会用平板电脑玩游戏。,,,弟弟每天下午做完作业后都会用平板电脑玩游戏,而她每天下午做完作业后都会用平板电脑玩游戏,True,True,False,2,replace:弟弟->而她@0:2,弟弟放暑假了，每天下午做完作业后，他都会用平板电脑玩游戏。,"弟弟放暑假了,每天下午做完作业后,他都会用平板电脑玩游戏",False
T0655,SVO_无语境_200,无语境,SVO-preferred,1,习惯性动作与泛指,28,SVO-HG-028,SVO-NOCTX-HG-028,1,BA,non-preferred,孩子们每天幼儿园放学后都会坐在电视机前,把动画片看了,孩子们每天幼儿园放学后都会坐在电视机前把动画片看了。,每天幼儿园放学后，孩子们最期待的事情就是坐在电视机前,孩子们每天幼儿园放学后都会坐在电视机前,无语境版本：删除前文语境，仅保留局部句框/测试句。,654,孩子们每天幼儿园放学后都会坐在电视机前把动画片看了。,False,True,True,False,孩子们每天幼儿园放学后都会坐在电视机前把动画片看了。,,,孩子们每天幼儿园放学后都会坐在电视机前把动画片看了,孩子们每天幼儿园放学后都会坐在电视机前把动画片看了,False,False,True,0,,每天幼儿园放学后，孩子们最期待的事情就是坐在电视机前看动画片。,"每天幼儿园放学后,孩子们最期待的事情就是坐在电视机前看动画片",False
T0656,SVO_无语境_200,无语境,SVO-preferred,1,习惯性动作与泛指,28,SVO-HG-028,SVO-NOCTX-HG-028,2,SVO,preferred,孩子们每天幼儿园放学后都会坐在电视机前,看动画片,孩子们每天幼儿园放学后都会坐在电视机前看动画片。,每天幼儿园放学后，孩子们最期待的事情就是坐在电视机前,孩子们每天幼儿园放学后都会坐在电视机前,无语境版本：删除前文语境，仅保留局部句框/测试句。,655,孩子们每天幼儿园放学后都会坐在电视机前看动画片。,False,True,False,True,孩子们每天幼儿园放学后都会坐在电视机前看动画片。,,,孩子们每天幼儿园放学后都会坐在电视机前看动画片,孩子们每天幼儿园放学后都会坐在电视机前看动画片,False,False,True,0,,每天幼儿园放学后，孩子们最期待的事情就是坐在电视机前看动画片。,"每天幼儿园放学后,孩子们最期待的事情就是坐在电视机前看动画片",False
T0657,SVO_无语境_200,无语境,SVO-preferred,1,习惯性动作与泛指,29,SVO-HG-029,SVO-NOCTX-HG-029,1,BA,non-preferred,她每天吃完午饭半小时后都会,把酸奶喝了,她每天吃完午饭半小时后都会把酸奶喝了。,为了促进消化，她每天吃完午饭半小时后，都会,她每天吃完午饭半小时后都会,无语境版本：删除前文语境，仅保留局部句框/测试句。,656,她每天吃完午饭半小时后都会把酸奶喝了。,False,True,True,False,她每天吃完午饭半小时后都会把酸奶喝了。,,,她每天吃完午饭半小时后都会把酸奶喝了,她每天吃完午饭半小时后都会把酸奶喝了,False,False,True,0,,为了促进消化，她每天吃完午饭半小时后，都会喝酸奶。,"为了促进消化,她每天吃完午饭半小时后,都会喝酸奶",False
T0658,SVO_无语境_200,无语境,SVO-preferred,1,习惯性动作与泛指,29,SVO-HG-029,SVO-NOCTX-HG-029,2,SVO,preferred,她每天吃完午饭半小时后都会,喝酸奶,她每天吃完午饭半小时后都会喝酸奶。,为了促进消化，她每天吃完午饭半小时后，都会,她每天吃完午饭半小时后都会,无语境版本：删除前文语境，仅保留局部句框/测试句。,657,她每天吃完午饭半小时后都会喝酸奶。,False,True,False,True,她每天吃完午饭半小时后都会喝酸奶。,,,她每天吃完午饭半小时后都会喝酸奶,她每天吃完午饭半小时后都会喝酸奶,False,False,True,0,,为了促进消化，她每天吃完午饭半小时后，都会喝酸奶。,"为了促进消化,她每天吃完午饭半小时后,都会喝酸奶",False
T0659,SVO_无语境_200,无语境,SVO-preferred,1,习惯性动作与泛指,30,SVO-HG-030,SVO-NOCTX-HG-030,1,BA,non-preferred,妈妈每个周末的早上都会在厨房里,把面包烤了,妈妈每个周末的早上都会在厨房里把面包烤了。,妈妈对烘焙很感兴趣。每个周末的早上，她都会在厨房里,妈妈每个周末的早上都会在厨房里,无语境版本：删除前文语境，仅保留局部句框/测试句。,658,妈妈每个周末的早上都会在厨房里把面包烤了。,False,True,True,False,妈妈每个周末的早上都会在厨房里把面包烤了。,,,妈妈每个周末的早上都会在厨房里把面包烤了,妈妈每个周末的早上都会在厨房里把面包烤了,False,False,True,0,,妈妈对烘焙很感兴趣。每个周末的早上，她都会在厨房里烤面包。,"妈妈对烘焙很感兴趣。每个周末的早上,她都会在厨房里烤面包",False
T0660,SVO_无语境_200,无语境,SVO-preferred,1,习惯性动作与泛指,30,SVO-HG-030,SVO-NOCTX-HG-030,2,SVO,preferred,妈妈每个周末的早上都会在厨房里,烤面包,妈妈每个周末的早上都会在厨房里烤面包。,妈妈对烘焙很感兴趣。每个周末的早上，她都会在厨房里,妈妈每个周末的早上都会在厨房里,无语境版本：删除前文语境，仅保留局部句框/测试句。,659,妈妈每个周末的早上都会在厨房里烤面包。,False,True,False,True,妈妈每个周末的早上都会在厨房里烤面包。,,,妈妈每个周末的早上都会在厨房里烤面包,妈妈每个周末的早上都会在厨房里烤面包,False,False,True,0,,妈妈对烘焙很感兴趣。每个周末的早上，她都会在厨房里烤面包。,"妈妈对烘焙很感兴趣。每个周末的早上,她都会在厨房里烤面包",False
T0661,SVO_无语境_200,无语境,SVO-preferred,1,习惯性动作与泛指,31,SVO-HG-031,SVO-NOCTX-HG-031,1,BA,non-preferred,那位年轻作家每个深夜都在电脑前,把小说写了,那位年轻作家每个深夜都在电脑前把小说写了。,每个深夜，我都看见那位年轻作家在电脑前,那位年轻作家每个深夜都在电脑前,无语境版本：删除前文语境，仅保留局部句框/测试句。,660,那位年轻作家每个深夜都在电脑前把小说写了。,False,True,True,False,那位年轻作家每个深夜都在电脑前把小说写了。,,,那位年轻作家每个深夜都在电脑前把小说写了,那位年轻作家每个深夜都在电脑前把小说写了,False,False,True,0,,每个深夜，我都看见那位年轻作家在电脑前写小说。,"每个深夜,我都看见那位年轻作家在电脑前写小说",False
T0662,SVO_无语境_200,无语境,SVO-preferred,1,习惯性动作与泛指,31,SVO-HG-031,SVO-NOCTX-HG-031,2,SVO,preferred,那位年轻作家每个深夜都在电脑前,写小说,那位年轻作家每个深夜都在电脑前写小说。,每个深夜，我都看见那位年轻作家在电脑前,那位年轻作家每个深夜都在电脑前,无语境版本：删除前文语境，仅保留局部句框/测试句。,661,那位年轻作家每个深夜都在电脑前写小说。,False,True,False,True,那位年轻作家每个深夜都在电脑前写小说。,,,那位年轻作家每个深夜都在电脑前写小说,那位年轻作家每个深夜都在电脑前写小说,False,False,True,0,,每个深夜，我都看见那位年轻作家在电脑前写小说。,"每个深夜,我都看见那位年轻作家在电脑前写小说",False
T0663,SVO_无语境_200,无语境,SVO-preferred,1,习惯性动作与泛指,32,SVO-HG-032,SVO-NOCTX-HG-032,1,BA,non-preferred,她每个星期五晚上都会去电影院,把新电影看了,她每个星期五晚上都会去电影院把新电影看了。,每个星期五晚上，她都会去电影院,她每个星期五晚上都会去电影院,无语境版本：删除前文语境，仅保留局部句框/测试句。,662,她每个星期五晚上都会去电影院把新电影看了。,False,True,True,False,她每个星期五晚上都会去电影院把新电影看了。,,,她每个星期五晚上都会去电影院把新电影看了,她每个星期五晚上都会去电影院把新电影看了,False,False,True,0,,每个星期五晚上，她都会去电影院看新电影。,"每个星期五晚上,她都会去电影院看新电影",False
T0664,SVO_无语境_200,无语境,SVO-preferred,1,习惯性动作与泛指,32,SVO-HG-032,SVO-NOCTX-HG-032,2,SVO,preferred,她每个星期五晚上都会去电影院,看新电影,她每个星期五晚上都会去电影院看新电影。,每个星期五晚上，她都会去电影院,她每个星期五晚上都会去电影院,无语境版本：删除前文语境，仅保留局部句框/测试句。,663,她每个星期五晚上都会去电影院看新电影。,False,True,False,True,他每个星期五晚上都会去电影院看新电影。,,,她每个星期五晚上都会去电影院看新电影,他每个星期五晚上都会去电影院看新电影,True,True,False,1,replace:她->他@0:1,每个星期五晚上，她都会去电影院看新电影。,"每个星期五晚上,她都会去电影院看新电影",False
T0665,SVO_无语境_200,无语境,SVO-preferred,1,习惯性动作与泛指,33,SVO-HG-033,SVO-NOCTX-HG-033,1,BA,non-preferred,她每天都要,把防晒霜涂了,她每天都要把防晒霜涂了。,为了保持皮肤健康，她每天都要,她每天都要,无语境版本：删除前文语境，仅保留局部句框/测试句。,664,她每天都要把防晒霜涂了。,False,True,True,False,他每天都要把防晒涂了。,,,她每天都要把防晒霜涂了,他每天都要把防晒涂了,True,True,False,2,replace:她->他@0:1 | delete:霜->@8:9,为了保持皮肤健康，她每天都要涂防晒霜。,"为了保持皮肤健康,她每天都要涂防晒霜",False
T0666,SVO_无语境_200,无语境,SVO-preferred,1,习惯性动作与泛指,33,SVO-HG-033,SVO-NOCTX-HG-033,2,SVO,preferred,她每天都要,涂防晒霜,她每天都要涂防晒霜。,为了保持皮肤健康，她每天都要,她每天都要,无语境版本：删除前文语境，仅保留局部句框/测试句。,665,她每天都要涂防晒霜。,False,True,False,True,他每天都要涂防晒。,,,她每天都要涂防晒霜,他每天都要涂防晒,True,True,False,2,replace:她->他@0:1 | delete:霜->@8:9,为了保持皮肤健康，她每天都要涂防晒霜。,"为了保持皮肤健康,她每天都要涂防晒霜",False
T0667,SVO_无语境_200,无语境,SVO-preferred,1,习惯性动作与泛指,34,SVO-HG-034,SVO-NOCTX-HG-034,1,BA,non-preferred,很多学生临近考试的时候都会去图书馆,把功课复习了,很多学生临近考试的时候都会去图书馆把功课复习了。,临近考试的时候，很多学生都会去图书馆,很多学生临近考试的时候都会去图书馆,无语境版本：删除前文语境，仅保留局部句框/测试句。,666,很多学生临近考试的时候都会去图书馆把功课复习了。,False,True,True,False,很多学生临近考试的时候都会去图书馆把功课复习了。,,,很多学生临近考试的时候都会去图书馆把功课复习了,很多学生临近考试的时候都会去图书馆把功课复习了,False,False,True,0,,临近考试的时候，很多学生都会去图书馆复习功课。,"临近考试的时候,很多学生都会去图书馆复习功课",False
T0668,SVO_无语境_200,无语境,SVO-preferred,1,习惯性动作与泛指,34,SVO-HG-034,SVO-NOCTX-HG-034,2,SVO,preferred,很多学生临近考试的时候都会去图书馆,复习功课,很多学生临近考试的时候都会去图书馆复习功课。,临近考试的时候，很多学生都会去图书馆,很多学生临近考试的时候都会去图书馆,无语境版本：删除前文语境，仅保留局部句框/测试句。,667,很多学生临近考试的时候都会去图书馆复习功课。,False,True,False,True,很多学生临近考试的时候都会去图书馆复习功课。,,,很多学生临近考试的时候都会去图书馆复习功课,很多学生临近考试的时候都会去图书馆复习功课,False,False,True,0,,临近考试的时候，很多学生都会去图书馆复习功课。,"临近考试的时候,很多学生都会去图书馆复习功课",False
T0669,SVO_无语境_200,无语境,SVO-preferred,1,习惯性动作与泛指,35,SVO-HG-035,SVO-NOCTX-HG-035,1,BA,non-preferred,他每次去北京出差都会抽空去,把北京烤鸭吃了,他每次去北京出差都会抽空去把北京烤鸭吃了。,每次去北京出差，他都会抽空去,他每次去北京出差都会抽空去,无语境版本：删除前文语境，仅保留局部句框/测试句。,668,他每次去北京出差都会抽空去把北京烤鸭吃了。,False,True,True,False,他每次去北京出差都会抽空去把北京烤鸭吃了。,,,他每次去北京出差都会抽空去把北京烤鸭吃了,他每次去北京出差都会抽空去把北京烤鸭吃了,False,False,True,0,,每次去北京出差，他都会抽空去吃北京烤鸭。,"每次去北京出差,他都会抽空去吃北京烤鸭",False
T0670,SVO_无语境_200,无语境,SVO-preferred,1,习惯性动作与泛指,35,SVO-HG-035,SVO-NOCTX-HG-035,2,SVO,preferred,他每次去北京出差都会抽空去,吃北京烤鸭,他每次去北京出差都会抽空去吃北京烤鸭。,每次去北京出差，他都会抽空去,他每次去北京出差都会抽空去,无语境版本：删除前文语境，仅保留局部句框/测试句。,669,他每次去北京出差都会抽空去吃北京烤鸭。,False,True,False,True,她每次去北京出差都会抽空去吃北京烤鸭。,,,他每次去北京出差都会抽空去吃北京烤鸭,她每次去北京出差都会抽空去吃北京烤鸭,True,True,False,1,replace:他->她@0:1,每次去北京出差，他都会抽空去吃北京烤鸭。,"每次去北京出差,他都会抽空去吃北京烤鸭",False
T0671,SVO_无语境_200,无语境,SVO-preferred,1,习惯性动作与泛指,36,SVO-HG-036,SVO-NOCTX-HG-036,1,BA,non-preferred,他每天早上起床后都会在厨房,把早饭做了,他每天早上起床后都会在厨房把早饭做了。,每天早上起床后，他都会在厨房,他每天早上起床后都会在厨房,无语境版本：删除前文语境，仅保留局部句框/测试句。,670,他每天早上起床后都会在厨房把早饭做了。,False,True,True,False,她每天早上起床后都会在厨房把早饭做了。,,,他每天早上起床后都会在厨房把早饭做了,她每天早上起床后都会在厨房把早饭做了,True,True,False,1,replace:他->她@0:1,每天早上起床后，他都会在厨房做早饭。,"每天早上起床后,他都会在厨房做早饭",False
T0672,SVO_无语境_200,无语境,SVO-preferred,1,习惯性动作与泛指,36,SVO-HG-036,SVO-NOCTX-HG-036,2,SVO,preferred,他每天早上起床后都会在厨房,做早饭,他每天早上起床后都会在厨房做早饭。,每天早上起床后，他都会在厨房,他每天早上起床后都会在厨房,无语境版本：删除前文语境，仅保留局部句框/测试句。,671,他每天早上起床后都会在厨房做早饭。,False,True,False,True,她每天早上起床后都会在厨房做早饭。,,,他每天早上起床后都会在厨房做早饭,她每天早上起床后都会在厨房做早饭,True,True,False,1,replace:他->她@0:1,每天早上起床后，他都会在厨房做早饭。,"每天早上起床后,他都会在厨房做早饭",False
T0673,SVO_无语境_200,无语境,SVO-preferred,1,习惯性动作与泛指,37,SVO-HG-037,SVO-NOCTX-HG-037,1,BA,non-preferred,孩子们天气热的时候总是喜欢去海边,把冰淇淋吃了,孩子们天气热的时候总是喜欢去海边把冰淇淋吃了。,天气热的时候，孩子们总是喜欢去海边,孩子们天气热的时候总是喜欢去海边,无语境版本：删除前文语境，仅保留局部句框/测试句。,672,孩子们天气热的时候总是喜欢去海边把冰淇淋吃了。,False,True,True,False,孩子们天气热的时候总是喜欢去海边把冰淇淋吃了。,,,孩子们天气热的时候总是喜欢去海边把冰淇淋吃了,孩子们天气热的时候总是喜欢去海边把冰淇淋吃了,False,False,True,0,,天气热的时候，孩子们总是喜欢去海边吃冰淇淋。,"天气热的时候,孩子们总是喜欢去海边吃冰淇淋",False
T0674,SVO_无语境_200,无语境,SVO-preferred,1,习惯性动作与泛指,37,SVO-HG-037,SVO-NOCTX-HG-037,2,SVO,preferred,孩子们天气热的时候总是喜欢去海边,吃冰淇淋,孩子们天气热的时候总是喜欢去海边吃冰淇淋。,天气热的时候，孩子们总是喜欢去海边,孩子们天气热的时候总是喜欢去海边,无语境版本：删除前文语境，仅保留局部句框/测试句。,673,孩子们天气热的时候总是喜欢去海边吃冰淇淋。,False,True,False,True,孩子们天气热的时候总是喜欢去海边吃冰淇淋。,,,孩子们天气热的时候总是喜欢去海边吃冰淇淋,孩子们天气热的时候总是喜欢去海边吃冰淇淋,False,False,True,0,,天气热的时候，孩子们总是喜欢去海边吃冰淇淋。,"天气热的时候,孩子们总是喜欢去海边吃冰淇淋",False
T0675,SVO_无语境_200,无语境,SVO-preferred,1,习惯性动作与泛指,38,SVO-HG-038,SVO-NOCTX-HG-038,1,BA,non-preferred,他每次遇到不会的汉字都习惯用手机,把字典查了,他每次遇到不会的汉字都习惯用手机把字典查了。,每次遇到不会的汉字，他都习惯用手机,他每次遇到不会的汉字都习惯用手机,无语境版本：删除前文语境，仅保留局部句框/测试句。,674,他每次遇到不会的汉字都习惯用手机把字典查了。,False,True,True,False,她每次遇到不会的汉字都习惯用手机把字典查了。,,,他每次遇到不会的汉字都习惯用手机把字典查了,她每次遇到不会的汉字都习惯用手机把字典查了,True,True,False,1,replace:他->她@0:1,每次遇到不会的汉字，他都习惯用手机查字典。,"每次遇到不会的汉字,他都习惯用手机查字典",False
T0676,SVO_无语境_200,无语境,SVO-preferred,1,习惯性动作与泛指,38,SVO-HG-038,SVO-NOCTX-HG-038,2,SVO,preferred,他每次遇到不会的汉字都习惯用手机,查字典,他每次遇到不会的汉字都习惯用手机查字典。,每次遇到不会的汉字，他都习惯用手机,他每次遇到不会的汉字都习惯用手机,无语境版本：删除前文语境，仅保留局部句框/测试句。,675,他每次遇到不会的汉字都习惯用手机查字典。,False,True,False,True,她每次遇到不会的汉字都习惯用手机查字典。,,,他每次遇到不会的汉字都习惯用手机查字典,她每次遇到不会的汉字都习惯用手机查字典,True,True,False,1,replace:他->她@0:1,每次遇到不会的汉字，他都习惯用手机查字典。,"每次遇到不会的汉字,他都习惯用手机查字典",False
T0677,SVO_无语境_200,无语境,SVO-preferred,1,习惯性动作与泛指,39,SVO-HG-039,SVO-NOCTX-HG-039,1,BA,non-preferred,爸爸周末都会坐在沙发上,把报纸看了,爸爸周末都会坐在沙发上把报纸看了。,只要是周末，爸爸都会坐在沙发上,爸爸周末都会坐在沙发上,无语境版本：删除前文语境，仅保留局部句框/测试句。,676,爸爸周末都会坐在沙发上把报纸看了。,False,True,True,False,爸爸周末都会坐在沙发上把报纸看了。,,,爸爸周末都会坐在沙发上把报纸看了,爸爸周末都会坐在沙发上把报纸看了,False,False,True,0,,只要是周末，爸爸都会坐在沙发上看报纸。,"只要是周末,爸爸都会坐在沙发上看报纸",False
T0678,SVO_无语境_200,无语境,SVO-preferred,1,习惯性动作与泛指,39,SVO-HG-039,SVO-NOCTX-HG-039,2,SVO,preferred,爸爸周末都会坐在沙发上,看报纸,爸爸周末都会坐在沙发上看报纸。,只要是周末，爸爸都会坐在沙发上,爸爸周末都会坐在沙发上,无语境版本：删除前文语境，仅保留局部句框/测试句。,677,爸爸周末都会坐在沙发上看报纸。,False,True,False,True,爸爸周末都会坐在沙发上看电视。,,,爸爸周末都会坐在沙发上看报纸,爸爸周末都会坐在沙发上看电视,True,True,False,2,replace:报纸->电视@12:14,只要是周末，爸爸都会坐在沙发上看报纸。,"只要是周末,爸爸都会坐在沙发上看报纸",False
T0679,SVO_无语境_200,无语境,SVO-preferred,1,习惯性动作与泛指,40,SVO-HG-040,SVO-NOCTX-HG-040,1,BA,non-preferred,妈妈每天下班回家路上都会去菜市场,把菜买了,妈妈每天下班回家路上都会去菜市场把菜买了。,每天下班回家路上，妈妈都会去菜市场,妈妈每天下班回家路上都会去菜市场,无语境版本：删除前文语境，仅保留局部句框/测试句。,678,妈妈每天下班回家路上都会去菜市场把菜买了。,False,True,True,False,妈妈每天下班回家路上都会去菜市场把菜买了。,,,妈妈每天下班回家路上都会去菜市场把菜买了,妈妈每天下班回家路上都会去菜市场把菜买了,False,False,True,0,,每天下班回家路上，妈妈都会去菜市场买菜。,"每天下班回家路上,妈妈都会去菜市场买菜",False
T0680,SVO_无语境_200,无语境,SVO-preferred,1,习惯性动作与泛指,40,SVO-HG-040,SVO-NOCTX-HG-040,2,SVO,preferred,妈妈每天下班回家路上都会去菜市场,买菜,妈妈每天下班回家路上都会去菜市场买菜。,每天下班回家路上，妈妈都会去菜市场,妈妈每天下班回家路上都会去菜市场,无语境版本：删除前文语境，仅保留局部句框/测试句。,679,妈妈每天下班回家路上都会去菜市场买菜。,False,True,False,True,妈妈每天下班回家路上都会去菜市场买菜。,,,妈妈每天下班回家路上都会去菜市场买菜,妈妈每天下班回家路上都会去菜市场买菜,False,False,True,0,,每天下班回家路上，妈妈都会去菜市场买菜。,"每天下班回家路上,妈妈都会去菜市场买菜",False
T0681,SVO_无语境_200,无语境,SVO-preferred,1,习惯性动作与泛指,41,SVO-HG-041,SVO-NOCTX-HG-041,1,BA,non-preferred,全家人每天吃完晚饭都会坐在客厅里,把电视剧看了,全家人每天吃完晚饭都会坐在客厅里把电视剧看了。,每天吃完晚饭，全家人都会坐在客厅里,全家人每天吃完晚饭都会坐在客厅里,无语境版本：删除前文语境，仅保留局部句框/测试句。,680,全家人每天吃完晚饭都会坐在客厅里把电视剧看了。,False,True,True,False,全家人每天吃完晚饭都会坐在客厅里把电视剧看了。,,,全家人每天吃完晚饭都会坐在客厅里把电视剧看了,全家人每天吃完晚饭都会坐在客厅里把电视剧看了,False,False,True,0,,每天吃完晚饭，全家人都会坐在客厅里看电视剧。,"每天吃完晚饭,全家人都会坐在客厅里看电视剧",False
T0682,SVO_无语境_200,无语境,SVO-preferred,1,习惯性动作与泛指,41,SVO-HG-041,SVO-NOCTX-HG-041,2,SVO,preferred,全家人每天吃完晚饭都会坐在客厅里,看电视剧,全家人每天吃完晚饭都会坐在客厅里看电视剧。,每天吃完晚饭，全家人都会坐在客厅里,全家人每天吃完晚饭都会坐在客厅里,无语境版本：删除前文语境，仅保留局部句框/测试句。,681,全家人每天吃完晚饭都会坐在客厅里看电视剧。,False,True,False,True,全家人每天吃完晚饭都会坐在客厅里看电视剧。,,,全家人每天吃完晚饭都会坐在客厅里看电视剧,全家人每天吃完晚饭都会坐在客厅里看电视剧,False,False,True,0,,每天吃完晚饭，全家人都会坐在客厅里看电视剧。,"每天吃完晚饭,全家人都会坐在客厅里看电视剧",False
T0683,SVO_无语境_200,无语境,SVO-preferred,1,习惯性动作与泛指,42,SVO-HG-042,SVO-NOCTX-HG-042,1,BA,non-preferred,哥哥每天下班后都会去健身房,把身体锻炼一下,哥哥每天下班后都会去健身房把身体锻炼一下。,每天下班后，哥哥都会去健身房,哥哥每天下班后都会去健身房,无语境版本：删除前文语境，仅保留局部句框/测试句。,682,哥哥每天下班后都会去健身房把身体锻炼一下。,False,True,True,False,哥哥每天下班后都会去健身房把身体锻炼一下。,,,哥哥每天下班后都会去健身房把身体锻炼一下,哥哥每天下班后都会去健身房把身体锻炼一下,False,False,True,0,,每天下班后，哥哥都会去健身房锻炼身体。,"每天下班后,哥哥都会去健身房锻炼身体",False
T0684,SVO_无语境_200,无语境,SVO-preferred,1,习惯性动作与泛指,42,SVO-HG-042,SVO-NOCTX-HG-042,2,SVO,preferred,哥哥每天下班后都会去健身房,锻炼身体,哥哥每天下班后都会去健身房锻炼身体。,每天下班后，哥哥都会去健身房,哥哥每天下班后都会去健身房,无语境版本：删除前文语境，仅保留局部句框/测试句。,683,哥哥每天下班后都会去健身房锻炼身体。,False,True,False,True,哥哥每天下班后都会去健身房锻炼身体。,,,哥哥每天下班后都会去健身房锻炼身体,哥哥每天下班后都会去健身房锻炼身体,False,False,True,0,,每天下班后，哥哥都会去健身房锻炼身体。,"每天下班后,哥哥都会去健身房锻炼身体",False
T0685,SVO_无语境_200,无语境,SVO-preferred,1,习惯性动作与泛指,43,SVO-HG-043,SVO-NOCTX-HG-043,1,BA,non-preferred,妹妹每个月这个时候都会去理发店,把头发剪了,妹妹每个月这个时候都会去理发店把头发剪了。,每个月这个时候，妹妹都会去理发店,妹妹每个月这个时候都会去理发店,无语境版本：删除前文语境，仅保留局部句框/测试句。,684,妹妹每个月这个时候都会去理发店把头发剪了。,False,True,True,False,妹妹每个月这个时候都会去理发店把头发剪了。,,,妹妹每个月这个时候都会去理发店把头发剪了,妹妹每个月这个时候都会去理发店把头发剪了,False,False,True,0,,每个月这个时候，妹妹都会去理发店剪头发。,"每个月这个时候,妹妹都会去理发店剪头发",False
T0686,SVO_无语境_200,无语境,SVO-preferred,1,习惯性动作与泛指,43,SVO-HG-043,SVO-NOCTX-HG-043,2,SVO,preferred,妹妹每个月这个时候都会去理发店,剪头发,妹妹每个月这个时候都会去理发店剪头发。,每个月这个时候，妹妹都会去理发店,妹妹每个月这个时候都会去理发店,无语境版本：删除前文语境，仅保留局部句框/测试句。,685,妹妹每个月这个时候都会去理发店剪头发。,False,True,False,True,妹妹每个月这个时候都会去理发店剪头发。,,,妹妹每个月这个时候都会去理发店剪头发,妹妹每个月这个时候都会去理发店剪头发,False,False,True,0,,每个月这个时候，妹妹都会去理发店剪头发。,"每个月这个时候,妹妹都会去理发店剪头发",False
T0687,SVO_无语境_200,无语境,SVO-preferred,1,习惯性动作与泛指,44,SVO-HG-044,SVO-NOCTX-HG-044,1,BA,non-preferred,他们一家人每次放假都会去海边,把鱼抓了,他们一家人每次放假都会去海边把鱼抓了。,每次放假，他们一家人都会去海边,他们一家人每次放假都会去海边,无语境版本：删除前文语境，仅保留局部句框/测试句。,686,他们一家人每次放假都会去海边把鱼抓了。,False,True,True,False,他们一家人每次放假都会去海边把鱼抓了。,,,他们一家人每次放假都会去海边把鱼抓了,他们一家人每次放假都会去海边把鱼抓了,False,False,True,0,,每次放假，他们一家人都会去海边抓鱼。,"每次放假,他们一家人都会去海边抓鱼",False
T0688,SVO_无语境_200,无语境,SVO-preferred,1,习惯性动作与泛指,44,SVO-HG-044,SVO-NOCTX-HG-044,2,SVO,preferred,他们一家人每次放假都会去海边,抓鱼,他们一家人每次放假都会去海边抓鱼。,每次放假，他们一家人都会去海边,他们一家人每次放假都会去海边,无语境版本：删除前文语境，仅保留局部句框/测试句。,687,他们一家人每次放假都会去海边抓鱼。,False,True,False,True,他们一家人每次放假都会去海边抓鱼。,,,他们一家人每次放假都会去海边抓鱼,他们一家人每次放假都会去海边抓鱼,False,False,True,0,,每次放假，他们一家人都会去海边抓鱼。,"每次放假,他们一家人都会去海边抓鱼",False
T0689,SVO_无语境_200,无语境,SVO-preferred,1,习惯性动作与泛指,45,SVO-HG-045,SVO-NOCTX-HG-045,1,BA,non-preferred,姐姐每当有空的时候总喜欢在阳台上,把鸽子喂了,姐姐每当有空的时候总喜欢在阳台上把鸽子喂了。,每当有空的时候，姐姐总喜欢在阳台上,姐姐每当有空的时候总喜欢在阳台上,无语境版本：删除前文语境，仅保留局部句框/测试句。,688,姐姐每当有空的时候总喜欢在阳台上把鸽子喂了。,False,True,True,False,姐姐每当有空的时候总喜欢在阳台上把鸽子喂了。,,,姐姐每当有空的时候总喜欢在阳台上把鸽子喂了,姐姐每当有空的时候总喜欢在阳台上把鸽子喂了,False,False,True,0,,每当有空的时候，姐姐总喜欢在阳台上喂鸽子。,"每当有空的时候,姐姐总喜欢在阳台上喂鸽子",False
T0690,SVO_无语境_200,无语境,SVO-preferred,1,习惯性动作与泛指,45,SVO-HG-045,SVO-NOCTX-HG-045,2,SVO,preferred,姐姐每当有空的时候总喜欢在阳台上,喂鸽子,姐姐每当有空的时候总喜欢在阳台上喂鸽子。,每当有空的时候，姐姐总喜欢在阳台上,姐姐每当有空的时候总喜欢在阳台上,无语境版本：删除前文语境，仅保留局部句框/测试句。,689,姐姐每当有空的时候总喜欢在阳台上喂鸽子。,False,True,False,True,姐姐每当有空的时候总喜欢在阳台上喂鸽子。,,,姐姐每当有空的时候总喜欢在阳台上喂鸽子,姐姐每当有空的时候总喜欢在阳台上喂鸽子,False,False,True,0,,每当有空的时候，姐姐总喜欢在阳台上喂鸽子。,"每当有空的时候,姐姐总喜欢在阳台上喂鸽子",False
T0691,SVO_无语境_200,无语境,SVO-preferred,1,习惯性动作与泛指,46,SVO-HG-046,SVO-NOCTX-HG-046,1,BA,non-preferred,妈妈每天睡觉前都会给孩子,把故事讲了,妈妈每天睡觉前都会给孩子把故事讲了。,每天睡觉前，妈妈都会给孩子,妈妈每天睡觉前都会给孩子,无语境版本：删除前文语境，仅保留局部句框/测试句。,690,妈妈每天睡觉前都会给孩子把故事讲了。,False,True,True,False,妈妈每天睡觉前都会给孩子把故事讲了。,,,妈妈每天睡觉前都会给孩子把故事讲了,妈妈每天睡觉前都会给孩子把故事讲了,False,False,True,0,,每天睡觉前，妈妈都会给孩子讲故事。,"每天睡觉前,妈妈都会给孩子讲故事",False
T0692,SVO_无语境_200,无语境,SVO-preferred,1,习惯性动作与泛指,46,SVO-HG-046,SVO-NOCTX-HG-046,2,SVO,preferred,妈妈每天睡觉前都会给孩子,讲故事,妈妈每天睡觉前都会给孩子讲故事。,每天睡觉前，妈妈都会给孩子,妈妈每天睡觉前都会给孩子,无语境版本：删除前文语境，仅保留局部句框/测试句。,691,妈妈每天睡觉前都会给孩子讲故事。,False,True,False,True,妈妈每天睡觉前都会给孩子讲故事。,,,妈妈每天睡觉前都会给孩子讲故事,妈妈每天睡觉前都会给孩子讲故事,False,False,True,0,,每天睡觉前，妈妈都会给孩子讲故事。,"每天睡觉前,妈妈都会给孩子讲故事",False
T0693,SVO_无语境_200,无语境,SVO-preferred,1,习惯性动作与泛指,47,SVO-HG-047,SVO-NOCTX-HG-047,1,BA,non-preferred,老师每天上课前都会仔细地给学生,把作业批改了,老师每天上课前都会仔细地给学生把作业批改了。,每天上课前，老师都会仔细地给学生,老师每天上课前都会仔细地给学生,无语境版本：删除前文语境，仅保留局部句框/测试句。,692,老师每天上课前都会仔细地给学生把作业批改了。,False,True,True,False,老师每天上课前都会仔细地给学生把作业批改了。,,,老师每天上课前都会仔细地给学生把作业批改了,老师每天上课前都会仔细地给学生把作业批改了,False,False,True,0,,每天上课前，老师都会仔细地给学生批改作业。,"每天上课前,老师都会仔细地给学生批改作业",False
T0694,SVO_无语境_200,无语境,SVO-preferred,1,习惯性动作与泛指,47,SVO-HG-047,SVO-NOCTX-HG-047,2,SVO,preferred,老师每天上课前都会仔细地给学生,批改作业,老师每天上课前都会仔细地给学生批改作业。,每天上课前，老师都会仔细地给学生,老师每天上课前都会仔细地给学生,无语境版本：删除前文语境，仅保留局部句框/测试句。,693,老师每天上课前都会仔细地给学生批改作业。,False,True,False,True,老师每天上课前都会仔细地给学生批改作业。,,,老师每天上课前都会仔细地给学生批改作业,老师每天上课前都会仔细地给学生批改作业,False,False,True,0,,每天上课前，老师都会仔细地给学生批改作业。,"每天上课前,老师都会仔细地给学生批改作业",False
T0695,SVO_无语境_200,无语境,SVO-preferred,1,习惯性动作与泛指,48,SVO-HG-048,SVO-NOCTX-HG-048,1,BA,non-preferred,司机每天开车前都会认真地,把汽车检查了,司机每天开车前都会认真地把汽车检查了。,每天开车前，司机都会认真地,司机每天开车前都会认真地,无语境版本：删除前文语境，仅保留局部句框/测试句。,694,司机每天开车前都会认真地把汽车检查了。,False,True,True,False,司机每天开车前都会认真地把汽车检查了。,,,司机每天开车前都会认真地把汽车检查了,司机每天开车前都会认真地把汽车检查了,False,False,True,0,,每天开车前，司机都会认真地检查汽车。,"每天开车前,司机都会认真地检查汽车",False
T0696,SVO_无语境_200,无语境,SVO-preferred,1,习惯性动作与泛指,48,SVO-HG-048,SVO-NOCTX-HG-048,2,SVO,preferred,司机每天开车前都会认真地,检查汽车,司机每天开车前都会认真地检查汽车。,每天开车前，司机都会认真地,司机每天开车前都会认真地,无语境版本：删除前文语境，仅保留局部句框/测试句。,695,司机每天开车前都会认真地检查汽车。,False,True,False,True,司机每天开车前都会认真地检查汽车。,,,司机每天开车前都会认真地检查汽车,司机每天开车前都会认真地检查汽车,False,False,True,0,,每天开车前，司机都会认真地检查汽车。,"每天开车前,司机都会认真地检查汽车",False
T0697,SVO_无语境_200,无语境,SVO-preferred,1,习惯性动作与泛指,49,SVO-HG-049,SVO-NOCTX-HG-049,1,BA,non-preferred,北方人每到冬天常常一起,把火锅吃了,北方人每到冬天常常一起把火锅吃了。,每到冬天，北方人常常一起,北方人每到冬天常常一起,无语境版本：删除前文语境，仅保留局部句框/测试句。,696,北方人每到冬天常常一起把火锅吃了。,False,True,True,False,北方人每到冬天常常一起把火锅吃了。,,,北方人每到冬天常常一起把火锅吃了,北方人每到冬天常常一起把火锅吃了,False,False,True,0,,每到冬天，北方人常常一起吃火锅。,"每到冬天,北方人常常一起吃火锅",False
T0698,SVO_无语境_200,无语境,SVO-preferred,1,习惯性动作与泛指,49,SVO-HG-049,SVO-NOCTX-HG-049,2,SVO,preferred,北方人每到冬天常常一起,吃火锅,北方人每到冬天常常一起吃火锅。,每到冬天，北方人常常一起,北方人每到冬天常常一起,无语境版本：删除前文语境，仅保留局部句框/测试句。,697,北方人每到冬天常常一起吃火锅。,False,True,False,True,北方人每到冬天常常一起吃火锅。,,,北方人每到冬天常常一起吃火锅,北方人每到冬天常常一起吃火锅,False,False,True,0,,每到冬天，北方人常常一起吃火锅。,"每到冬天,北方人常常一起吃火锅",False
T0699,SVO_无语境_200,无语境,SVO-preferred,1,习惯性动作与泛指,50,SVO-HG-050,SVO-NOCTX-HG-050,1,BA,non-preferred,很多年轻人遇到周末都喜欢去酒吧,把酒喝了,很多年轻人遇到周末都喜欢去酒吧把酒喝了。,遇到周末，很多年轻人都喜欢去酒吧,很多年轻人遇到周末都喜欢去酒吧,无语境版本：删除前文语境，仅保留局部句框/测试句。,698,很多年轻人遇到周末都喜欢去酒吧把酒喝了。,False,True,True,False,很多年轻人遇到周末都喜欢去酒吧把酒喝了。,,,很多年轻人遇到周末都喜欢去酒吧把酒喝了,很多年轻人遇到周末都喜欢去酒吧把酒喝了,False,False,True,0,,遇到周末，很多年轻人都喜欢去酒吧喝酒。,"遇到周末,很多年轻人都喜欢去酒吧喝酒",False
T0700,SVO_无语境_200,无语境,SVO-preferred,1,习惯性动作与泛指,50,SVO-HG-050,SVO-NOCTX-HG-050,2,SVO,preferred,很多年轻人遇到周末都喜欢去酒吧,喝酒,很多年轻人遇到周末都喜欢去酒吧喝酒。,遇到周末，很多年轻人都喜欢去酒吧,很多年轻人遇到周末都喜欢去酒吧,无语境版本：删除前文语境，仅保留局部句框/测试句。,699,很多年轻人遇到周末都喜欢去酒吧喝酒。,False,True,False,True,很多年轻人遇到周末都喜欢去酒吧喝酒。,,,很多年轻人遇到周末都喜欢去酒吧喝酒,很多年轻人遇到周末都喜欢去酒吧喝酒,False,False,True,0,,遇到周末，很多年轻人都喜欢去酒吧喝酒。,"遇到周末,很多年轻人都喜欢去酒吧喝酒",False
T0701,SVO_无语境_200,无语境,SVO-preferred,2,叙述经历和日程,1,SVO-NS-001,SVO-NOCTX-NS-001,1,BA,non-preferred,我去厨房,把那根蜡烛点了,我去厨房把那根蜡烛点了。,昨晚停电了，我在黑暗中坐了一会儿，然后去厨房,我去厨房,无语境版本：删除前文语境，仅保留局部句框/测试句。,700,我去厨房把那根蜡烛点了。,False,True,True,False,我去厨房把那根蜡烛点了。,,,我去厨房把那根蜡烛点了,我去厨房把那根蜡烛点了,False,False,True,0,,昨晚停电了，我在黑暗中坐了一会儿，然后去厨房点了那根蜡烛。,"昨晚停电了,我在黑暗中坐了一会儿,然后去厨房点了那根蜡烛",False
T0702,SVO_无语境_200,无语境,SVO-preferred,2,叙述经历和日程,1,SVO-NS-001,SVO-NOCTX-NS-001,2,SVO,preferred,我去厨房,点了那根蜡烛,我去厨房点了那根蜡烛。,昨晚停电了，我在黑暗中坐了一会儿，然后去厨房,我去厨房,无语境版本：删除前文语境，仅保留局部句框/测试句。,701,我去厨房点了那根蜡烛。,False,True,False,True,我去厨房点了那根蜡烛。,,,我去厨房点了那根蜡烛,我去厨房点了那根蜡烛,False,False,True,0,,昨晚停电了，我在黑暗中坐了一会儿，然后去厨房点了那根蜡烛。,"昨晚停电了,我在黑暗中坐了一会儿,然后去厨房点了那根蜡烛",False
T0703,SVO_无语境_200,无语境,SVO-preferred,2,叙述经历和日程,2,SVO-NS-002,SVO-NOCTX-NS-002,1,BA,non-preferred,我,把那张练习卷做完了,我把那张练习卷做完了。,我昨天复习得很认真，先看了书上的笔记，又默写了单词，然后,我,无语境版本：删除前文语境，仅保留局部句框/测试句。,702,我把那张练习卷做完了。,False,True,True,False,我把那张练习卷做完了。,,,我把那张练习卷做完了,我把那张练习卷做完了,False,False,True,0,,我昨天复习得很认真，先看了书上的笔记，又默写了单词，然后做完了那张练习卷。,"我昨天复习得很认真,先看了书上的笔记,又默写了单词,然后做完了那张练习卷",False
T0704,SVO_无语境_200,无语境,SVO-preferred,2,叙述经历和日程,2,SVO-NS-002,SVO-NOCTX-NS-002,2,SVO,preferred,我,做完了那张练习卷,我做完了那张练习卷。,我昨天复习得很认真，先看了书上的笔记，又默写了单词，然后,我,无语境版本：删除前文语境，仅保留局部句框/测试句。,703,我做完了那张练习卷。,False,True,False,True,我做完了那张练习卷。,,,我做完了那张练习卷,我做完了那张练习卷,False,False,True,0,,我昨天复习得很认真，先看了书上的笔记，又默写了单词，然后做完了那张练习卷。,"我昨天复习得很认真,先看了书上的笔记,又默写了单词,然后做完了那张练习卷",False
T0705,SVO_无语境_200,无语境,SVO-preferred,2,叙述经历和日程,3,SVO-NS-003,SVO-NOCTX-NS-003,1,BA,non-preferred,我晚上还,把那场电影看了,我晚上还把那场电影看了。,周末我去逛商场，买了一双鞋，晚上还,我晚上还,无语境版本：删除前文语境，仅保留局部句框/测试句。,704,我晚上还把那场电影看了。,False,True,True,False,我晚上还把那场电影看了。,,,我晚上还把那场电影看了,我晚上还把那场电影看了,False,False,True,0,,周末我去逛商场，买了一双鞋，晚上还看了一场电影。,"周末我去逛商场,买了一双鞋,晚上还看了一场电影",False
T0706,SVO_无语境_200,无语境,SVO-preferred,2,叙述经历和日程,3,SVO-NS-003,SVO-NOCTX-NS-003,2,SVO,preferred,我晚上还,看了一场电影,我晚上还看了一场电影。,周末我去逛商场，买了一双鞋，晚上还,我晚上还,无语境版本：删除前文语境，仅保留局部句框/测试句。,705,我晚上还看了一场电影。,False,True,False,True,我晚上还看了一场电影。,,,我晚上还看了一场电影,我晚上还看了一场电影,False,False,True,0,,周末我去逛商场，买了一双鞋，晚上还看了一场电影。,"周末我去逛商场,买了一双鞋,晚上还看了一场电影",False
T0707,SVO_无语境_200,无语境,SVO-preferred,2,叙述经历和日程,4,SVO-NS-004,SVO-NOCTX-NS-004,1,BA,non-preferred,我,把鞋子穿上了,我把鞋子穿上了。,早上时间太紧了，我匆匆忙忙刷了牙，洗了脸，然后,我,无语境版本：删除前文语境，仅保留局部句框/测试句。,706,我把鞋子穿上了。,False,True,True,False,我把鞋子穿上了。,,,我把鞋子穿上了,我把鞋子穿上了,False,False,True,0,,早上时间太紧了，我匆匆忙忙刷了牙，洗了脸，然后穿上了鞋子。,"早上时间太紧了,我匆匆忙忙刷了牙,洗了脸,然后穿上了鞋子",False
T0708,SVO_无语境_200,无语境,SVO-preferred,2,叙述经历和日程,4,SVO-NS-004,SVO-NOCTX-NS-004,2,SVO,preferred,我,穿上了鞋子,我穿上了鞋子。,早上时间太紧了，我匆匆忙忙刷了牙，洗了脸，然后,我,无语境版本：删除前文语境，仅保留局部句框/测试句。,707,我穿上了鞋子。,False,True,False,True,我穿上了鞋子。,,,我穿上了鞋子,我穿上了鞋子,False,False,True,0,,早上时间太紧了，我匆匆忙忙刷了牙，洗了脸，然后穿上了鞋子。,"早上时间太紧了,我匆匆忙忙刷了牙,洗了脸,然后穿上了鞋子",False
T0709,SVO_无语境_200,无语境,SVO-preferred,2,叙述经历和日程,5,SVO-NS-005,SVO-NOCTX-NS-005,1,BA,non-preferred,大家一起,把蛋糕切了,大家一起把蛋糕切了。,昨天生日派对上，大家先唱了生日歌，又许了愿望，然后一起,大家一起,无语境版本：删除前文语境，仅保留局部句框/测试句。,708,大家一起把蛋糕切了。,False,True,True,False,大家一起把蛋糕切了。,,,大家一起把蛋糕切了,大家一起把蛋糕切了,False,False,True,0,,昨天生日派对上，大家先唱了生日歌，又许了愿望，然后一起切了蛋糕。,"昨天生日派对上,大家先唱了生日歌,又许了愿望,然后一起切了蛋糕",False
T0710,SVO_无语境_200,无语境,SVO-preferred,2,叙述经历和日程,5,SVO-NS-005,SVO-NOCTX-NS-005,2,SVO,preferred,大家一起,切了蛋糕,大家一起切了蛋糕。,昨天生日派对上，大家先唱了生日歌，又许了愿望，然后一起,大家一起,无语境版本：删除前文语境，仅保留局部句框/测试句。,709,大家一起切了蛋糕。,False,True,False,True,大家一起切了蛋糕。,,,大家一起切了蛋糕,大家一起切了蛋糕,False,False,True,0,,昨天生日派对上，大家先唱了生日歌，又许了愿望，然后一起切了蛋糕。,"昨天生日派对上,大家先唱了生日歌,又许了愿望,然后一起切了蛋糕",False
T0711,SVO_无语境_200,无语境,SVO-preferred,2,叙述经历和日程,6,SVO-NS-006,SVO-NOCTX-NS-006,1,BA,non-preferred,他默默地,把那支烟点了,他默默地把那支烟点了。,他走进房间，脱下外套，然后走到窗前默默地,他默默地,无语境版本：删除前文语境，仅保留局部句框/测试句。,710,他默默地把那支烟点了。,False,True,True,False,他默默地把那支烟点了。,,,他默默地把那支烟点了,他默默地把那支烟点了,False,False,True,0,,他走进房间，脱下外套，然后走到窗前默默地点了一支烟。,"他走进房间,脱下外套,然后走到窗前默默地点了一支烟",False
T0712,SVO_无语境_200,无语境,SVO-preferred,2,叙述经历和日程,6,SVO-NS-006,SVO-NOCTX-NS-006,2,SVO,preferred,他默默地,点了一支烟,他默默地点了一支烟。,他走进房间，脱下外套，然后走到窗前默默地,他默默地,无语境版本：删除前文语境，仅保留局部句框/测试句。,711,他默默地点了一支烟。,False,True,False,True,他默默地点了一支烟。,,,他默默地点了一支烟,他默默地点了一支烟,False,False,True,0,,他走进房间，脱下外套，然后走到窗前默默地点了一支烟。,"他走进房间,脱下外套,然后走到窗前默默地点了一支烟",False
T0713,SVO_无语境_200,无语境,SVO-preferred,2,叙述经历和日程,7,SVO-NS-007,SVO-NOCTX-NS-007,1,BA,non-preferred,我们,把烤鸭吃了,我们把烤鸭吃了。,去北京旅行的时候，我们去了故宫，看了天安门，爬了长城，最后还,我们,无语境版本：删除前文语境，仅保留局部句框/测试句。,712,我们把烤鸭吃了。,False,True,True,False,我们把烤鸭吃了。,,,我们把烤鸭吃了,我们把烤鸭吃了,False,False,True,0,,去北京旅行的时候，我们去了故宫，看了天安门，爬了长城，最后还吃了烤鸭。,"去北京旅行的时候,我们去了故宫,看了天安门,爬了长城,最后还吃了烤鸭",False
T0714,SVO_无语境_200,无语境,SVO-preferred,2,叙述经历和日程,7,SVO-NS-007,SVO-NOCTX-NS-007,2,SVO,preferred,我们,吃了烤鸭,我们吃了烤鸭。,去北京旅行的时候，我们去了故宫，看了天安门，爬了长城，最后还,我们,无语境版本：删除前文语境，仅保留局部句框/测试句。,713,我们吃了烤鸭。,False,True,False,True,我们吃了烤鸭。,,,我们吃了烤鸭,我们吃了烤鸭,False,False,True,0,,去北京旅行的时候，我们去了故宫，看了天安门，爬了长城，最后还吃了烤鸭。,"去北京旅行的时候,我们去了故宫,看了天安门,爬了长城,最后还吃了烤鸭",False
T0715,SVO_无语境_200,无语境,SVO-preferred,2,叙述经历和日程,8,SVO-NS-008,SVO-NOCTX-NS-008,1,BA,non-preferred,经理开始,把那份年终报告写了,经理开始把那份年终报告写了。,经理先开了一个早会，然后回到办公室，开始,经理开始,无语境版本：删除前文语境，仅保留局部句框/测试句。,714,经理开始把那份年终报告写了。,False,True,True,False,经理开始把那份年中报告写了。,,,经理开始把那份年终报告写了,经理开始把那份年中报告写了,True,True,False,1,replace:终->中@8:9,经理先开了一个早会，然后回到办公室，开始写那份年终报告。,"经理先开了一个早会,然后回到办公室,开始写那份年终报告",False
T0716,SVO_无语境_200,无语境,SVO-preferred,2,叙述经历和日程,8,SVO-NS-008,SVO-NOCTX-NS-008,2,SVO,preferred,经理开始,写那份年终报告,经理开始写那份年终报告。,经理先开了一个早会，然后回到办公室，开始,经理开始,无语境版本：删除前文语境，仅保留局部句框/测试句。,715,经理开始写那份年终报告。,False,True,False,True,经理开始写那份年中报告。,,,经理开始写那份年终报告,经理开始写那份年中报告,True,True,False,1,replace:终->中@8:9,经理先开了一个早会，然后回到办公室，开始写那份年终报告。,"经理先开了一个早会,然后回到办公室,开始写那份年终报告",False
T0717,SVO_无语境_200,无语境,SVO-preferred,2,叙述经历和日程,9,SVO-NS-009,SVO-NOCTX-NS-009,1,BA,non-preferred,大家认真地,把那首钢琴曲听了,大家认真地把那首钢琴曲听了。,在音乐会上，大家都很安静，认真地,大家认真地,无语境版本：删除前文语境，仅保留局部句框/测试句。,716,大家认真地把那首钢琴曲听了。,False,True,True,False,大家认真地把那首钢琴曲听了。,,,大家认真地把那首钢琴曲听了,大家认真地把那首钢琴曲听了,False,False,True,0,,在音乐会上，大家都很安静，认真地听那首钢琴曲。,"在音乐会上,大家都很安静,认真地听那首钢琴曲",False
T0718,SVO_无语境_200,无语境,SVO-preferred,2,叙述经历和日程,9,SVO-NS-009,SVO-NOCTX-NS-009,2,SVO,preferred,大家认真地,听那首钢琴曲,大家认真地听那首钢琴曲。,在音乐会上，大家都很安静，认真地,大家认真地,无语境版本：删除前文语境，仅保留局部句框/测试句。,717,大家认真地听那首钢琴曲。,False,True,False,True,大家认真地听那首钢琴曲。,,,大家认真地听那首钢琴曲,大家认真地听那首钢琴曲,False,False,True,0,,在音乐会上，大家都很安静，认真地听那首钢琴曲。,"在音乐会上,大家都很安静,认真地听那首钢琴曲",False
T0719,SVO_无语境_200,无语境,SVO-preferred,2,叙述经历和日程,10,SVO-NS-010,SVO-NOCTX-NS-010,1,BA,non-preferred,孩子们马上跑过去,把那些沙子踩了,孩子们马上跑过去把那些沙子踩了。,到了海边，孩子们兴奋地脱掉鞋子，马上跑过去,孩子们马上跑过去,无语境版本：删除前文语境，仅保留局部句框/测试句。,718,孩子们马上跑过去把那些沙子踩了。,False,True,True,False,孩子们马上跑过去把那些沙子踩了。,,,孩子们马上跑过去把那些沙子踩了,孩子们马上跑过去把那些沙子踩了,False,False,True,0,,到了海边，孩子们兴奋地脱掉鞋子，马上跑过去踩那些沙子。,"到了海边,孩子们兴奋地脱掉鞋子,马上跑过去踩那些沙子",False
T0720,SVO_无语境_200,无语境,SVO-preferred,2,叙述经历和日程,10,SVO-NS-010,SVO-NOCTX-NS-010,2,SVO,preferred,孩子们马上跑过去,踩那些沙子,孩子们马上跑过去踩那些沙子。,到了海边，孩子们兴奋地脱掉鞋子，马上跑过去,孩子们马上跑过去,无语境版本：删除前文语境，仅保留局部句框/测试句。,719,孩子们马上跑过去踩那些沙子。,False,True,False,True,孩子们马上跑过去踩那些杀字。,,,孩子们马上跑过去踩那些沙子,孩子们马上跑过去踩那些杀字,True,True,False,2,replace:沙子->杀字@11:13,到了海边，孩子们兴奋地脱掉鞋子，马上跑过去踩那些沙子。,"到了海边,孩子们兴奋地脱掉鞋子,马上跑过去踩那些沙子",False
T0721,SVO_无语境_200,无语境,SVO-preferred,2,叙述经历和日程,11,SVO-NS-011,SVO-NOCTX-NS-011,1,BA,non-preferred,我回到自己房间里,把作业写了,我回到自己房间里把作业写了。,饭后，我帮妈妈洗了碗，然后看了一会儿电视，就回到自己房间里,我回到自己房间里,无语境版本：删除前文语境，仅保留局部句框/测试句。,720,我回到自己房间里把作业写了。,False,True,True,False,我回到自己房间里把作业写了。,,,我回到自己房间里把作业写了,我回到自己房间里把作业写了,False,False,True,0,,饭后，我帮妈妈洗了碗，然后看了一会儿电视，就回到自己房间里写作业了。,"饭后,我帮妈妈洗了碗,然后看了一会儿电视,就回到自己房间里写作业了",False
T0722,SVO_无语境_200,无语境,SVO-preferred,2,叙述经历和日程,11,SVO-NS-011,SVO-NOCTX-NS-011,2,SVO,preferred,我回到自己房间里,写作业了,我回到自己房间里写作业了。,饭后，我帮妈妈洗了碗，然后看了一会儿电视，就回到自己房间里,我回到自己房间里,无语境版本：删除前文语境，仅保留局部句框/测试句。,721,我回到自己房间里写作业了。,False,True,False,True,我回到自己房间里写作业了。,,,我回到自己房间里写作业了,我回到自己房间里写作业了,False,False,True,0,,饭后，我帮妈妈洗了碗，然后看了一会儿电视，就回到自己房间里写作业了。,"饭后,我帮妈妈洗了碗,然后看了一会儿电视,就回到自己房间里写作业了",False
T0723,SVO_无语境_200,无语境,SVO-preferred,2,叙述经历和日程,12,SVO-NS-012,SVO-NOCTX-NS-012,1,BA,non-preferred,我去二楼,把那本画册买了,我去二楼把那本画册买了。,昨天我去书店，先买了一本字典，然后去二楼,我去二楼,无语境版本：删除前文语境，仅保留局部句框/测试句。,722,我去二楼把那本画册买了。,False,True,True,False,我去二楼把那本画册买了。,,,我去二楼把那本画册买了,我去二楼把那本画册买了,False,False,True,0,,昨天我去书店，先买了一本字典，然后去二楼买了一本画册。,"昨天我去书店,先买了一本字典,然后去二楼买了一本画册",False
T0724,SVO_无语境_200,无语境,SVO-preferred,2,叙述经历和日程,12,SVO-NS-012,SVO-NOCTX-NS-012,2,SVO,preferred,我去二楼,买了一本画册,我去二楼买了一本画册。,昨天我去书店，先买了一本字典，然后去二楼,我去二楼,无语境版本：删除前文语境，仅保留局部句框/测试句。,723,我去二楼买了一本画册。,False,True,False,True,我去二楼买了一本画册。,,,我去二楼买了一本画册,我去二楼买了一本画册,False,False,True,0,,昨天我去书店，先买了一本字典，然后去二楼买了一本画册。,"昨天我去书店,先买了一本字典,然后去二楼买了一本画册",False
T0725,SVO_无语境_200,无语境,SVO-preferred,2,叙述经历和日程,13,SVO-NS-013,SVO-NOCTX-NS-013,1,BA,non-preferred,我去厨房,把那块面包吃了,我去厨房把那块面包吃了。,早上我起床后，先喝了一杯温水，然后去厨房,我去厨房,无语境版本：删除前文语境，仅保留局部句框/测试句。,724,我去厨房把那块面包吃了。,False,True,True,False,我去厨房把那块面包吃了。,,,我去厨房把那块面包吃了,我去厨房把那块面包吃了,False,False,True,0,,早上我起床后，先喝了一杯温水，然后去厨房吃了一块面包。,"早上我起床后,先喝了一杯温水,然后去厨房吃了一块面包",False
T0726,SVO_无语境_200,无语境,SVO-preferred,2,叙述经历和日程,13,SVO-NS-013,SVO-NOCTX-NS-013,2,SVO,preferred,我去厨房,吃了一块面包,我去厨房吃了一块面包。,早上我起床后，先喝了一杯温水，然后去厨房,我去厨房,无语境版本：删除前文语境，仅保留局部句框/测试句。,725,我去厨房吃了一块面包。,False,True,False,True,我去厨房吃了一块面包。,,,我去厨房吃了一块面包,我去厨房吃了一块面包,False,False,True,0,,早上我起床后，先喝了一杯温水，然后去厨房吃了一块面包。,"早上我起床后,先喝了一杯温水,然后去厨房吃了一块面包",False
T0727,SVO_无语境_200,无语境,SVO-preferred,2,叙述经历和日程,14,SVO-NS-014,SVO-NOCTX-NS-014,1,BA,non-preferred,我们在长椅上坐着,把那首中文歌听了,我们在长椅上坐着把那首中文歌听了。,我们去公园玩，先散了步，看了花，然后在长椅上坐着,我们在长椅上坐着,无语境版本：删除前文语境，仅保留局部句框/测试句。,726,我们在长椅上坐着把那首中文歌听了。,False,True,True,False,我们在长椅上坐着把那首中文歌听了。,,,我们在长椅上坐着把那首中文歌听了,我们在长椅上坐着把那首中文歌听了,False,False,True,0,,我们去公园玩，先散了步，看了花，然后在长椅上坐着听了一首中文歌。,"我们去公园玩,先散了步,看了花,然后在长椅上坐着听了一首中文歌",False
T0728,SVO_无语境_200,无语境,SVO-preferred,2,叙述经历和日程,14,SVO-NS-014,SVO-NOCTX-NS-014,2,SVO,preferred,我们在长椅上坐着,听了一首中文歌,我们在长椅上坐着听了一首中文歌。,我们去公园玩，先散了步，看了花，然后在长椅上坐着,我们在长椅上坐着,无语境版本：删除前文语境，仅保留局部句框/测试句。,727,我们在长椅上坐着听了一首中文歌。,False,True,False,True,我们在长椅上坐着听了一首中文歌。,,,我们在长椅上坐着听了一首中文歌,我们在长椅上坐着听了一首中文歌,False,False,True,0,,我们去公园玩，先散了步，看了花，然后在长椅上坐着听了一首中文歌。,"我们去公园玩,先散了步,看了花,然后在长椅上坐着听了一首中文歌",False
T0729,SVO_无语境_200,无语境,SVO-preferred,2,叙述经历和日程,15,SVO-NS-015,SVO-NOCTX-NS-015,1,BA,non-preferred,他坐下来,把那份总结写了,他坐下来把那份总结写了。,他走进办公室，先开了空调，然后坐下来,他坐下来,无语境版本：删除前文语境，仅保留局部句框/测试句。,728,他坐下来把那份总结写了。,False,True,True,False,他坐下来把那份总结写了。,,,他坐下来把那份总结写了,他坐下来把那份总结写了,False,False,True,0,,他走进办公室，先开了空调，然后坐下来写了一份总结。,"他走进办公室,先开了空调,然后坐下来写了一份总结",False
T0730,SVO_无语境_200,无语境,SVO-preferred,2,叙述经历和日程,15,SVO-NS-015,SVO-NOCTX-NS-015,2,SVO,preferred,他坐下来,写了一份总结,他坐下来写了一份总结。,他走进办公室，先开了空调，然后坐下来,他坐下来,无语境版本：删除前文语境，仅保留局部句框/测试句。,729,他坐下来写了一份总结。,False,True,False,True,他坐下来写了一份总结。,,,他坐下来写了一份总结,他坐下来写了一份总结,False,False,True,0,,他走进办公室，先开了空调，然后坐下来写了一份总结。,"他走进办公室,先开了空调,然后坐下来写了一份总结",False
T0731,SVO_无语境_200,无语境,SVO-preferred,2,叙述经历和日程,16,SVO-NS-016,SVO-NOCTX-NS-016,1,BA,non-preferred,我又去五楼,把那双凉鞋买了,我又去五楼把那双凉鞋买了。,去商场购物时，我先买了一件衬衫，后来又去五楼,我又去五楼,无语境版本：删除前文语境，仅保留局部句框/测试句。,730,我又去五楼把那双凉鞋买了。,False,True,True,False,我又去五楼把那双凉鞋买了。,,,我又去五楼把那双凉鞋买了,我又去五楼把那双凉鞋买了,False,False,True,0,,去商场购物时，我先买了一件衬衫，后来又去五楼买了一双凉鞋。,"去商场购物时,我先买了一件衬衫,后来又去五楼买了一双凉鞋",False
T0732,SVO_无语境_200,无语境,SVO-preferred,2,叙述经历和日程,16,SVO-NS-016,SVO-NOCTX-NS-016,2,SVO,preferred,我又去五楼,买了一双凉鞋,我又去五楼买了一双凉鞋。,去商场购物时，我先买了一件衬衫，后来又去五楼,我又去五楼,无语境版本：删除前文语境，仅保留局部句框/测试句。,731,我又去五楼买了一双凉鞋。,False,True,False,True,我又去五楼买了一双凉鞋。,,,我又去五楼买了一双凉鞋,我又去五楼买了一双凉鞋,False,False,True,0,,去商场购物时，我先买了一件衬衫，后来又去五楼买了一双凉鞋。,"去商场购物时,我先买了一件衬衫,后来又去五楼买了一双凉鞋",False
T0733,SVO_无语境_200,无语境,SVO-preferred,2,叙述经历和日程,17,SVO-NS-017,SVO-NOCTX-NS-017,1,BA,non-preferred,大家最后一起,把那瓶红酒喝了,大家最后一起把那瓶红酒喝了。,大家聚餐时，先喝了果汁，又聊了天，最后一起,大家最后一起,无语境版本：删除前文语境，仅保留局部句框/测试句。,732,大家最后一起把那瓶红酒喝了。,False,True,True,False,大家最后一起把那瓶红酒喝了。,,,大家最后一起把那瓶红酒喝了,大家最后一起把那瓶红酒喝了,False,False,True,0,,大家聚餐时，先喝了果汁，又聊了天，最后一起喝了一瓶红酒。,"大家聚餐时,先喝了果汁,又聊了天,最后一起喝了一瓶红酒",False
T0734,SVO_无语境_200,无语境,SVO-preferred,2,叙述经历和日程,17,SVO-NS-017,SVO-NOCTX-NS-017,2,SVO,preferred,大家最后一起,喝了一瓶红酒,大家最后一起喝了一瓶红酒。,大家聚餐时，先喝了果汁，又聊了天，最后一起,大家最后一起,无语境版本：删除前文语境，仅保留局部句框/测试句。,733,大家最后一起喝了一瓶红酒。,False,True,False,True,大家最后一起喝了一瓶红酒。,,,大家最后一起喝了一瓶红酒,大家最后一起喝了一瓶红酒,False,False,True,0,,大家聚餐时，先喝了果汁，又聊了天，最后一起喝了一瓶红酒。,"大家聚餐时,先喝了果汁,又聊了天,最后一起喝了一瓶红酒",False
T0735,SVO_无语境_200,无语境,SVO-preferred,2,叙述经历和日程,18,SVO-NS-018,SVO-NOCTX-NS-018,1,BA,non-preferred,我去书报亭,把那张地图买了,我去书报亭把那张地图买了。,在火车站候车时，我先查了时刻表，然后去书报亭,我去书报亭,无语境版本：删除前文语境，仅保留局部句框/测试句。,734,我去书报亭把那张地图买了。,False,True,True,False,我去书报亭把那张地图买了。,,,我去书报亭把那张地图买了,我去书报亭把那张地图买了,False,False,True,0,,在火车站候车时，我先查了时刻表，然后去书报亭买了一张地图。,"在火车站候车时,我先查了时刻表,然后去书报亭买了一张地图",False
T0736,SVO_无语境_200,无语境,SVO-preferred,2,叙述经历和日程,18,SVO-NS-018,SVO-NOCTX-NS-018,2,SVO,preferred,我去书报亭,买了一张地图,我去书报亭买了一张地图。,在火车站候车时，我先查了时刻表，然后去书报亭,我去书报亭,无语境版本：删除前文语境，仅保留局部句框/测试句。,735,我去书报亭买了一张地图。,False,True,False,True,我去书报亭买了一张地图。,,,我去书报亭买了一张地图,我去书报亭买了一张地图,False,False,True,0,,在火车站候车时，我先查了时刻表，然后去书报亭买了一张地图。,"在火车站候车时,我先查了时刻表,然后去书报亭买了一张地图",False
T0737,SVO_无语境_200,无语境,SVO-preferred,2,叙述经历和日程,19,SVO-NS-019,SVO-NOCTX-NS-019,1,BA,non-preferred,他去厨房,把那碗面条煮了,他去厨房把那碗面条煮了。,回到家后，他先放下书包，脱了外套，然后去厨房,他去厨房,无语境版本：删除前文语境，仅保留局部句框/测试句。,736,他去厨房把那碗面条煮了。,False,True,True,False,他去厨房把那碗面条煮了。,,,他去厨房把那碗面条煮了,他去厨房把那碗面条煮了,False,False,True,0,,回到家后，他先放下书包，脱了外套，然后去厨房煮了一碗面条。,"回到家后,他先放下书包,脱了外套,然后去厨房煮了一碗面条",False
T0738,SVO_无语境_200,无语境,SVO-preferred,2,叙述经历和日程,19,SVO-NS-019,SVO-NOCTX-NS-019,2,SVO,preferred,他去厨房,煮了一碗面条,他去厨房煮了一碗面条。,回到家后，他先放下书包，脱了外套，然后去厨房,他去厨房,无语境版本：删除前文语境，仅保留局部句框/测试句。,737,他去厨房煮了一碗面条。,False,True,False,True,她去厨房煮了一碗面条。,,,他去厨房煮了一碗面条,她去厨房煮了一碗面条,True,True,False,1,replace:他->她@0:1,回到家后，他先放下书包，脱了外套，然后去厨房煮了一碗面条。,"回到家后,他先放下书包,脱了外套,然后去厨房煮了一碗面条",False
T0739,SVO_无语境_200,无语境,SVO-preferred,2,叙述经历和日程,20,SVO-NS-020,SVO-NOCTX-NS-020,1,BA,non-preferred,我去休息间,把那壶热茶泡了,我去休息间把那壶热茶泡了。,准备开会前，我先打印了材料，然后去休息间,我去休息间,无语境版本：删除前文语境，仅保留局部句框/测试句。,738,我去休息间把那壶热茶泡了。,False,True,True,False,我去休息间把那壶热茶泡了。,,,我去休息间把那壶热茶泡了,我去休息间把那壶热茶泡了,False,False,True,0,,准备开会前，我先打印了材料，然后去休息间泡了一壶热茶。,"准备开会前,我先打印了材料,然后去休息间泡了一壶热茶",False
T0740,SVO_无语境_200,无语境,SVO-preferred,2,叙述经历和日程,20,SVO-NS-020,SVO-NOCTX-NS-020,2,SVO,preferred,我去休息间,泡了一壶热茶,我去休息间泡了一壶热茶。,准备开会前，我先打印了材料，然后去休息间,我去休息间,无语境版本：删除前文语境，仅保留局部句框/测试句。,739,我去休息间泡了一壶热茶。,False,True,False,True,我去休息间泡了一壶热茶。,,,我去休息间泡了一壶热茶,我去休息间泡了一壶热茶,False,False,True,0,,准备开会前，我先打印了材料，然后去休息间泡了一壶热茶。,"准备开会前,我先打印了材料,然后去休息间泡了一壶热茶",False
T0741,SVO_无语境_200,无语境,SVO-preferred,2,叙述经历和日程,21,SVO-NS-021,SVO-NOCTX-NS-021,1,BA,non-preferred,我去厨房,把那个西瓜切了,我去厨房把那个西瓜切了。,回到家后，我先洗了手，然后去厨房,我去厨房,无语境版本：删除前文语境，仅保留局部句框/测试句。,740,我去厨房把那个西瓜切了。,False,True,True,False,我去厨房把那个西瓜切了。,,,我去厨房把那个西瓜切了,我去厨房把那个西瓜切了,False,False,True,0,,回到家后，我先洗了手，然后去厨房切了一个西瓜。,"回到家后,我先洗了手,然后去厨房切了一个西瓜",False
T0742,SVO_无语境_200,无语境,SVO-preferred,2,叙述经历和日程,21,SVO-NS-021,SVO-NOCTX-NS-021,2,SVO,preferred,我去厨房,切了一个西瓜,我去厨房切了一个西瓜。,回到家后，我先洗了手，然后去厨房,我去厨房,无语境版本：删除前文语境，仅保留局部句框/测试句。,741,我去厨房切了一个西瓜。,False,True,False,True,我去厨房切了一个西瓜。,,,我去厨房切了一个西瓜,我去厨房切了一个西瓜,False,False,True,0,,回到家后，我先洗了手，然后去厨房切了一个西瓜。,"回到家后,我先洗了手,然后去厨房切了一个西瓜",False
T0743,SVO_无语境_200,无语境,SVO-preferred,2,叙述经历和日程,22,SVO-NS-022,SVO-NOCTX-NS-022,1,BA,non-preferred,我们在门口的纪念品店,把那张明信片买了,我们在门口的纪念品店把那张明信片买了。,昨天去参观博物馆，我们先听了导游的讲解，最后在门口的纪念品店,我们在门口的纪念品店,无语境版本：删除前文语境，仅保留局部句框/测试句。,742,我们在门口的纪念品店把那张明信片买了。,False,True,True,False,我们在门口的纪念品店把那张明信片买了。,,,我们在门口的纪念品店把那张明信片买了,我们在门口的纪念品店把那张明信片买了,False,False,True,0,,昨天去参观博物馆，我们先听了导游的讲解，最后在门口的纪念品店买了一张明信片。,"昨天去参观博物馆,我们先听了导游的讲解,最后在门口的纪念品店买了一张明信片",False
T0744,SVO_无语境_200,无语境,SVO-preferred,2,叙述经历和日程,22,SVO-NS-022,SVO-NOCTX-NS-022,2,SVO,preferred,我们在门口的纪念品店,买了一张明信片,我们在门口的纪念品店买了一张明信片。,昨天去参观博物馆，我们先听了导游的讲解，最后在门口的纪念品店,我们在门口的纪念品店,无语境版本：删除前文语境，仅保留局部句框/测试句。,743,我们在门口的纪念品店买了一张明信片。,False,True,False,True,我们在门口的纪念品店买了一张明信片。,,,我们在门口的纪念品店买了一张明信片,我们在门口的纪念品店买了一张明信片,False,False,True,0,,昨天去参观博物馆，我们先听了导游的讲解，最后在门口的纪念品店买了一张明信片。,"昨天去参观博物馆,我们先听了导游的讲解,最后在门口的纪念品店买了一张明信片",False
T0745,SVO_无语境_200,无语境,SVO-preferred,2,叙述经历和日程,23,SVO-NS-023,SVO-NOCTX-NS-023,1,BA,non-preferred,医生给我,把那些药开了,医生给我把那些药开了。,昨天我去医院看病，医生先问了情况，然后给我,医生给我,无语境版本：删除前文语境，仅保留局部句框/测试句。,744,医生给我把那些药开了。,False,True,True,False,医生给我把那些药开了。,,,医生给我把那些药开了,医生给我把那些药开了,False,False,True,0,,昨天我去医院看病，医生先问了情况，然后给我开了一些药。,"昨天我去医院看病,医生先问了情况,然后给我开了一些药",False
T0746,SVO_无语境_200,无语境,SVO-preferred,2,叙述经历和日程,23,SVO-NS-023,SVO-NOCTX-NS-023,2,SVO,preferred,医生给我,开了一些药,医生给我开了一些药。,昨天我去医院看病，医生先问了情况，然后给我,医生给我,无语境版本：删除前文语境，仅保留局部句框/测试句。,745,医生给我开了一些药。,False,True,False,True,医生给我开了一些药。,,,医生给我开了一些药,医生给我开了一些药,False,False,True,0,,昨天我去医院看病，医生先问了情况，然后给我开了一些药。,"昨天我去医院看病,医生先问了情况,然后给我开了一些药",False
T0747,SVO_无语境_200,无语境,SVO-preferred,2,叙述经历和日程,24,SVO-NS-024,SVO-NOCTX-NS-024,1,BA,non-preferred,他安静地,把那杯温水喝了,他安静地把那杯温水喝了。,他今天起得很早，洗漱完以后走到阳台，看着外面的风景安静地,他安静地,无语境版本：删除前文语境，仅保留局部句框/测试句。,746,他安静地把那杯温水喝了。,False,True,True,False,她安静地把那杯温水喝了。,,,他安静地把那杯温水喝了,她安静地把那杯温水喝了,True,True,False,1,replace:他->她@0:1,他今天起得很早，洗漱完以后走到阳台，看着外面的风景安静地喝了一杯温水。,"他今天起得很早,洗漱完以后走到阳台,看着外面的风景安静地喝了一杯温水",False
T0748,SVO_无语境_200,无语境,SVO-preferred,2,叙述经历和日程,24,SVO-NS-024,SVO-NOCTX-NS-024,2,SVO,preferred,他安静地,喝了一杯温水,他安静地喝了一杯温水。,他今天起得很早，洗漱完以后走到阳台，看着外面的风景安静地,他安静地,无语境版本：删除前文语境，仅保留局部句框/测试句。,747,他安静地喝了一杯温水。,False,True,False,True,她安静地喝了一杯温水。,,,他安静地喝了一杯温水,她安静地喝了一杯温水,True,True,False,1,replace:他->她@0:1,他今天起得很早，洗漱完以后走到阳台，看着外面的风景安静地喝了一杯温水。,"他今天起得很早,洗漱完以后走到阳台,看着外面的风景安静地喝了一杯温水",False
T0749,SVO_无语境_200,无语境,SVO-preferred,2,叙述经历和日程,25,SVO-NS-025,SVO-NOCTX-NS-025,1,BA,non-preferred,我们去候车室,把那个座位找到了,我们去候车室把那个座位找到了。,到了火车站，我们先取了票，然后去候车室,我们去候车室,无语境版本：删除前文语境，仅保留局部句框/测试句。,748,我们去候车室把那个座位找到了。,False,True,True,False,我们去候车室把那个座位找到了。,,,我们去候车室把那个座位找到了,我们去候车室把那个座位找到了,False,False,True,0,,到了火车站，我们先取了票，然后去候车室找到了一个座位。,"到了火车站,我们先取了票,然后去候车室找到了一个座位",False
T0750,SVO_无语境_200,无语境,SVO-preferred,2,叙述经历和日程,25,SVO-NS-025,SVO-NOCTX-NS-025,2,SVO,preferred,我们去候车室,找到了一个座位,我们去候车室找到了一个座位。,到了火车站，我们先取了票，然后去候车室,我们去候车室,无语境版本：删除前文语境，仅保留局部句框/测试句。,749,我们去候车室找到了一个座位。,False,True,False,True,我们去候车室找到了一个座位。,,,我们去候车室找到了一个座位,我们去候车室找到了一个座位,False,False,True,0,,到了火车站，我们先取了票，然后去候车室找到了一个座位。,"到了火车站,我们先取了票,然后去候车室找到了一个座位",False
T0751,SVO_无语境_200,无语境,SVO-preferred,2,叙述经历和日程,26,SVO-NS-026,SVO-NOCTX-NS-026,1,BA,non-preferred,秘书走到台前,把那台投影仪打开了,秘书走到台前把那台投影仪打开了。,会议开始前，秘书先给大家发了材料，然后走到台前,秘书走到台前,无语境版本：删除前文语境，仅保留局部句框/测试句。,750,秘书走到台前把那台投影仪打开了。,False,True,True,False,秘书走到台前把那台投影仪打开了。,,,秘书走到台前把那台投影仪打开了,秘书走到台前把那台投影仪打开了,False,False,True,0,,会议开始前，秘书先给大家发了材料，然后走到台前打开了投影仪。,"会议开始前,秘书先给大家发了材料,然后走到台前打开了投影仪",False
T0752,SVO_无语境_200,无语境,SVO-preferred,2,叙述经历和日程,26,SVO-NS-026,SVO-NOCTX-NS-026,2,SVO,preferred,秘书走到台前,打开了投影仪,秘书走到台前打开了投影仪。,会议开始前，秘书先给大家发了材料，然后走到台前,秘书走到台前,无语境版本：删除前文语境，仅保留局部句框/测试句。,751,秘书走到台前打开了投影仪。,False,True,False,True,秘书走到台前打开了投影仪。,,,秘书走到台前打开了投影仪,秘书走到台前打开了投影仪,False,False,True,0,,会议开始前，秘书先给大家发了材料，然后走到台前打开了投影仪。,"会议开始前,秘书先给大家发了材料,然后走到台前打开了投影仪",False
T0753,SVO_无语境_200,无语境,SVO-preferred,2,叙述经历和日程,27,SVO-NS-027,SVO-NOCTX-NS-027,1,BA,non-preferred,他慢慢地,把汽车发动了,他慢慢地把汽车发动了。,上车以后，他先系好了安全带，然后慢慢地,他慢慢地,无语境版本：删除前文语境，仅保留局部句框/测试句。,752,他慢慢地把汽车发动了。,False,True,True,False,他慢慢地把汽车发动了。,,,他慢慢地把汽车发动了,他慢慢地把汽车发动了,False,False,True,0,,上车以后，他先系好了安全带，然后慢慢地发动了汽车。,"上车以后,他先系好了安全带,然后慢慢地发动了汽车",False
T0754,SVO_无语境_200,无语境,SVO-preferred,2,叙述经历和日程,27,SVO-NS-027,SVO-NOCTX-NS-027,2,SVO,preferred,他慢慢地,发动了汽车,他慢慢地发动了汽车。,上车以后，他先系好了安全带，然后慢慢地,他慢慢地,无语境版本：删除前文语境，仅保留局部句框/测试句。,753,他慢慢地发动了汽车。,False,True,False,True,他慢慢地发动了汽车。,,,他慢慢地发动了汽车,他慢慢地发动了汽车,False,False,True,0,,上车以后，他先系好了安全带，然后慢慢地发动了汽车。,"上车以后,他先系好了安全带,然后慢慢地发动了汽车",False
T0755,SVO_无语境_200,无语境,SVO-preferred,2,叙述经历和日程,28,SVO-NS-028,SVO-NOCTX-NS-028,1,BA,non-preferred,经理坐下来打开电脑,把那份文件看了,经理坐下来打开电脑把那份文件看了。,经理上午到了公司，先给自己倒了水，然后坐下来打开电脑,经理坐下来打开电脑,无语境版本：删除前文语境，仅保留局部句框/测试句。,754,经理坐下来打开电脑把那份文件看了。,False,True,True,False,经理坐下来打开电脑把那份文件看了。,,,经理坐下来打开电脑把那份文件看了,经理坐下来打开电脑把那份文件看了,False,False,True,0,,经理上午到了公司，先给自己倒了水，然后坐下来打开电脑看了一份文件。,"经理上午到了公司,先给自己倒了水,然后坐下来打开电脑看了一份文件",False
T0756,SVO_无语境_200,无语境,SVO-preferred,2,叙述经历和日程,28,SVO-NS-028,SVO-NOCTX-NS-028,2,SVO,preferred,经理坐下来打开电脑,看了一份文件,经理坐下来打开电脑看了一份文件。,经理上午到了公司，先给自己倒了水，然后坐下来打开电脑,经理坐下来打开电脑,无语境版本：删除前文语境，仅保留局部句框/测试句。,755,经理坐下来打开电脑看了一份文件。,False,True,False,True,经理坐下来打开电脑看了一一份文件。,,,经理坐下来打开电脑看了一份文件,经理坐下来打开电脑看了一一份文件,True,True,False,1,insert:->一@12:12,经理上午到了公司，先给自己倒了水，然后坐下来打开电脑看了一份文件。,"经理上午到了公司,先给自己倒了水,然后坐下来打开电脑看了一份文件",False
T0757,SVO_无语境_200,无语境,SVO-preferred,2,叙述经历和日程,29,SVO-NS-029,SVO-NOCTX-NS-029,1,BA,non-preferred,我在三楼,把那两本小说借了,我在三楼把那两本小说借了。,下午的汉语课结束以后，我去了一趟图书馆，在三楼,我在三楼,无语境版本：删除前文语境，仅保留局部句框/测试句。,756,我在三楼把那两本小说借了。,False,True,True,False,我在三楼把那两本小说借了。,,,我在三楼把那两本小说借了,我在三楼把那两本小说借了,False,False,True,0,,下午的汉语课结束以后，我去了一趟图书馆，在三楼借了两本小说。,"下午的汉语课结束以后,我去了一趟图书馆,在三楼借了两本小说",False
T0758,SVO_无语境_200,无语境,SVO-preferred,2,叙述经历和日程,29,SVO-NS-029,SVO-NOCTX-NS-029,2,SVO,preferred,我在三楼,借了两本小说,我在三楼借了两本小说。,下午的汉语课结束以后，我去了一趟图书馆，在三楼,我在三楼,无语境版本：删除前文语境，仅保留局部句框/测试句。,757,我在三楼借了两本小说。,False,True,False,True,我在三楼借了两本小说。,,,我在三楼借了两本小说,我在三楼借了两本小说,False,False,True,0,,下午的汉语课结束以后，我去了一趟图书馆，在三楼借了两本小说。,"下午的汉语课结束以后,我去了一趟图书馆,在三楼借了两本小说",False
T0759,SVO_无语境_200,无语境,SVO-preferred,2,叙述经历和日程,30,SVO-NS-030,SVO-NOCTX-NS-030,1,BA,non-preferred,我们在停车场,把我的车开走了,我们在停车场把我的车开走了。,下了飞机，我们先取了行李，然后在停车场,我们在停车场,无语境版本：删除前文语境，仅保留局部句框/测试句。,758,我们在停车场把我的车开走了。,False,True,True,False,我们在停车场把我的车开走了。,,,我们在停车场把我的车开走了,我们在停车场把我的车开走了,False,False,True,0,,下了飞机，我们先取了行李，然后在停车场开走了我的车。,"下了飞机,我们先取了行李,然后在停车场开走了我的车",False
T0760,SVO_无语境_200,无语境,SVO-preferred,2,叙述经历和日程,30,SVO-NS-030,SVO-NOCTX-NS-030,2,SVO,preferred,我们在停车场,开走了我的车,我们在停车场开走了我的车。,下了飞机，我们先取了行李，然后在停车场,我们在停车场,无语境版本：删除前文语境，仅保留局部句框/测试句。,759,我们在停车场开走了我的车。,False,True,False,True,我们在停车场开走了我的车。,,,我们在停车场开走了我的车,我们在停车场开走了我的车,False,False,True,0,,下了飞机，我们先取了行李，然后在停车场开走了我的车。,"下了飞机,我们先取了行李,然后在停车场开走了我的车",False
T0761,SVO_无语境_200,无语境,SVO-preferred,2,叙述经历和日程,31,SVO-NS-031,SVO-NOCTX-NS-031,1,BA,non-preferred,他又给自己,把那杯热水接好了,他又给自己把那杯热水接好了。,进门后，他先脱了鞋，然后把包放下，又给自己,他又给自己,无语境版本：删除前文语境，仅保留局部句框/测试句。,760,他又给自己把那杯热水接好了。,False,True,True,False,她又给自己把那杯热水接好了。,,,他又给自己把那杯热水接好了,她又给自己把那杯热水接好了,True,True,False,1,replace:他->她@0:1,进门后，他先脱了鞋，然后把包放下，又给自己接好了一杯热水。,"进门后,他先脱了鞋,然后把包放下,又给自己接好了一杯热水",False
T0762,SVO_无语境_200,无语境,SVO-preferred,2,叙述经历和日程,31,SVO-NS-031,SVO-NOCTX-NS-031,2,SVO,preferred,他又给自己,接好了一杯热水,他又给自己接好了一杯热水。,进门后，他先脱了鞋，然后把包放下，又给自己,他又给自己,无语境版本：删除前文语境，仅保留局部句框/测试句。,761,他又给自己接好了一杯热水。,False,True,False,True,她又给自己浇好了一杯热水。,,,他又给自己接好了一杯热水,她又给自己浇好了一杯热水,True,True,False,2,replace:他->她@0:1 | replace:接->浇@5:6,进门后，他先脱了鞋，然后把包放下，又给自己接好了一杯热水。,"进门后,他先脱了鞋,然后把包放下,又给自己接好了一杯热水",False
T0763,SVO_无语境_200,无语境,SVO-preferred,2,叙述经历和日程,32,SVO-NS-032,SVO-NOCTX-NS-032,1,BA,non-preferred,我们在街角,把那杯奶茶喝了,我们在街角把那杯奶茶喝了。,我们先去了博物馆，然后去了公园，最后在街角,我们在街角,无语境版本：删除前文语境，仅保留局部句框/测试句。,762,我们在街角把那杯奶茶喝了。,False,True,True,False,我们在街角把那杯奶茶喝了。,,,我们在街角把那杯奶茶喝了,我们在街角把那杯奶茶喝了,False,False,True,0,,我们先去了博物馆，然后去了公园，最后在街角喝了一杯奶茶。,"我们先去了博物馆,然后去了公园,最后在街角喝了一杯奶茶",False
T0764,SVO_无语境_200,无语境,SVO-preferred,2,叙述经历和日程,32,SVO-NS-032,SVO-NOCTX-NS-032,2,SVO,preferred,我们在街角,喝了一杯奶茶,我们在街角喝了一杯奶茶。,我们先去了博物馆，然后去了公园，最后在街角,我们在街角,无语境版本：删除前文语境，仅保留局部句框/测试句。,763,我们在街角喝了一杯奶茶。,False,True,False,True,我们在街角喝了一杯奶茶。,,,我们在街角喝了一杯奶茶,我们在街角喝了一杯奶茶,False,False,True,0,,我们先去了博物馆，然后去了公园，最后在街角喝了一杯奶茶。,"我们先去了博物馆,然后去了公园,最后在街角喝了一杯奶茶",False
T0765,SVO_无语境_200,无语境,SVO-preferred,2,叙述经历和日程,33,SVO-NS-033,SVO-NOCTX-NS-033,1,BA,non-preferred,老师转身在黑板上,把那个生词写了,老师转身在黑板上把那个生词写了。,老师走进教室，把书本放在讲台上，然后转身在黑板上,老师转身在黑板上,无语境版本：删除前文语境，仅保留局部句框/测试句。,764,老师转身在黑板上把那个生词写了。,False,True,True,False,老师转身在黑板上把那个生词写了。,,,老师转身在黑板上把那个生词写了,老师转身在黑板上把那个生词写了,False,False,True,0,,老师走进教室，把书本放在讲台上，然后转身在黑板上写了一个生词。,"老师走进教室,把书本放在讲台上,然后转身在黑板上写了一个生词",False
T0766,SVO_无语境_200,无语境,SVO-preferred,2,叙述经历和日程,33,SVO-NS-033,SVO-NOCTX-NS-033,2,SVO,preferred,老师转身在黑板上,写了一个生词,老师转身在黑板上写了一个生词。,老师走进教室，把书本放在讲台上，然后转身在黑板上,老师转身在黑板上,无语境版本：删除前文语境，仅保留局部句框/测试句。,765,老师转身在黑板上写了一个生词。,False,True,False,True,老师转身在黑板上写了一个生词。,,,老师转身在黑板上写了一个生词,老师转身在黑板上写了一个生词,False,False,True,0,,老师走进教室，把书本放在讲台上，然后转身在黑板上写了一个生词。,"老师走进教室,把书本放在讲台上,然后转身在黑板上写了一个生词",False
T0767,SVO_无语境_200,无语境,SVO-preferred,2,叙述经历和日程,34,SVO-NS-034,SVO-NOCTX-NS-034,1,BA,non-preferred,大家在客厅里一边聊天一边,把水果吃了,大家在客厅里一边聊天一边把水果吃了。,晚饭做好了，大家先去洗了手，然后在客厅里一边聊天一边,大家在客厅里一边聊天一边,无语境版本：删除前文语境，仅保留局部句框/测试句。,766,大家在客厅里一边聊天一边把水果吃了。,False,True,True,False,大家在客厅里一边聊天一边把水果吃了。,,,大家在客厅里一边聊天一边把水果吃了,大家在客厅里一边聊天一边把水果吃了,False,False,True,0,,晚饭做好了，大家先去洗了手，然后在客厅里一边聊天一边吃水果。,"晚饭做好了,大家先去洗了手,然后在客厅里一边聊天一边吃水果",False
T0768,SVO_无语境_200,无语境,SVO-preferred,2,叙述经历和日程,34,SVO-NS-034,SVO-NOCTX-NS-034,2,SVO,preferred,大家在客厅里一边聊天一边,吃水果,大家在客厅里一边聊天一边吃水果。,晚饭做好了，大家先去洗了手，然后在客厅里一边聊天一边,大家在客厅里一边聊天一边,无语境版本：删除前文语境，仅保留局部句框/测试句。,767,大家在客厅里一边聊天一边吃水果。,False,True,False,True,大家在客厅里一边聊天一边吃水果。,,,大家在客厅里一边聊天一边吃水果,大家在客厅里一边聊天一边吃水果,False,False,True,0,,晚饭做好了，大家先去洗了手，然后在客厅里一边聊天一边吃水果。,"晚饭做好了,大家先去洗了手,然后在客厅里一边聊天一边吃水果",False
T0769,SVO_无语境_200,无语境,SVO-preferred,2,叙述经历和日程,35,SVO-NS-035,SVO-NOCTX-NS-035,1,BA,non-preferred,他点开浏览器,把那条新闻看了,他点开浏览器把那条新闻看了。,他打开电脑，输入了密码，然后点开浏览器,他点开浏览器,无语境版本：删除前文语境，仅保留局部句框/测试句。,768,他点开浏览器把那条新闻看了。,False,True,True,False,他点开浏览器把那条新闻看了。,,,他点开浏览器把那条新闻看了,他点开浏览器把那条新闻看了,False,False,True,0,,他打开电脑，输入了密码，然后点开浏览器看了一条新闻。,"他打开电脑,输入了密码,然后点开浏览器看了一条新闻",False
T0770,SVO_无语境_200,无语境,SVO-preferred,2,叙述经历和日程,35,SVO-NS-035,SVO-NOCTX-NS-035,2,SVO,preferred,他点开浏览器,看了一条新闻,他点开浏览器看了一条新闻。,他打开电脑，输入了密码，然后点开浏览器,他点开浏览器,无语境版本：删除前文语境，仅保留局部句框/测试句。,769,他点开浏览器看了一条新闻。,False,True,False,True,她点开浏览器看了一条新闻。,,,他点开浏览器看了一条新闻,她点开浏览器看了一条新闻,True,True,False,1,replace:他->她@0:1,他打开电脑，输入了密码，然后点开浏览器看了一条新闻。,"他打开电脑,输入了密码,然后点开浏览器看了一条新闻",False
T0771,SVO_无语境_200,无语境,SVO-preferred,2,叙述经历和日程,36,SVO-NS-036,SVO-NOCTX-NS-036,1,BA,non-preferred,我们下楼,把那两袋垃圾扔了,我们下楼把那两袋垃圾扔了。,周末我们在家里大扫除，先擦了窗户，洗了衣服，然后下楼,我们下楼,无语境版本：删除前文语境，仅保留局部句框/测试句。,770,我们下楼把那两袋垃圾扔了。,False,True,True,False,我们下楼把那两袋垃圾扔了。,,,我们下楼把那两袋垃圾扔了,我们下楼把那两袋垃圾扔了,False,False,True,0,,周末我们在家里大扫除，先擦了窗户，洗了衣服，然后下楼扔了两袋垃圾。,"周末我们在家里大扫除,先擦了窗户,洗了衣服,然后下楼扔了两袋垃圾",False
T0772,SVO_无语境_200,无语境,SVO-preferred,2,叙述经历和日程,36,SVO-NS-036,SVO-NOCTX-NS-036,2,SVO,preferred,我们下楼,扔了两袋垃圾,我们下楼扔了两袋垃圾。,周末我们在家里大扫除，先擦了窗户，洗了衣服，然后下楼,我们下楼,无语境版本：删除前文语境，仅保留局部句框/测试句。,771,我们下楼扔了两袋垃圾。,False,True,False,True,我们下楼扔了两袋垃圾。,,,我们下楼扔了两袋垃圾,我们下楼扔了两袋垃圾,False,False,True,0,,周末我们在家里大扫除，先擦了窗户，洗了衣服，然后下楼扔了两袋垃圾。,"周末我们在家里大扫除,先擦了窗户,洗了衣服,然后下楼扔了两袋垃圾",False
T0773,SVO_无语境_200,无语境,SVO-preferred,2,叙述经历和日程,37,SVO-NS-037,SVO-NOCTX-NS-037,1,BA,non-preferred,我为了招待客人还,把那条鱼买了,我为了招待客人还把那条鱼买了。,昨天我去菜市场，买了青菜，买了豆腐，最后为了招待客人还,我为了招待客人还,无语境版本：删除前文语境，仅保留局部句框/测试句。,772,我为了招待客人还把那条鱼买了。,False,True,True,False,我为了招待客人还把那条鱼买了。,,,我为了招待客人还把那条鱼买了,我为了招待客人还把那条鱼买了,False,False,True,0,,昨天我去菜市场，买了青菜，买了豆腐，最后为了招待客人还买了一条鱼。,"昨天我去菜市场,买了青菜,买了豆腐,最后为了招待客人还买了一条鱼",False
T0774,SVO_无语境_200,无语境,SVO-preferred,2,叙述经历和日程,37,SVO-NS-037,SVO-NOCTX-NS-037,2,SVO,preferred,我为了招待客人还,买了一条鱼,我为了招待客人还买了一条鱼。,昨天我去菜市场，买了青菜，买了豆腐，最后为了招待客人还,我为了招待客人还,无语境版本：删除前文语境，仅保留局部句框/测试句。,773,我为了招待客人还买了一条鱼。,False,True,False,True,我为了招待客人还买了一条鱼。,,,我为了招待客人还买了一条鱼,我为了招待客人还买了一条鱼,False,False,True,0,,昨天我去菜市场，买了青菜，买了豆腐，最后为了招待客人还买了一条鱼。,"昨天我去菜市场,买了青菜,买了豆腐,最后为了招待客人还买了一条鱼",False
T0775,SVO_无语境_200,无语境,SVO-preferred,2,叙述经历和日程,38,SVO-NS-038,SVO-NOCTX-NS-038,1,BA,non-preferred,他在休息区的沙发上,把那本杂志看了,他在休息区的沙发上把那本杂志看了。,到了银行，他先拿了号，然后在休息区的沙发上,他在休息区的沙发上,无语境版本：删除前文语境，仅保留局部句框/测试句。,774,他在休息区的沙发上把那本杂志看了。,False,True,True,False,他在休息区的沙发上把那本杂志看了。,,,他在休息区的沙发上把那本杂志看了,他在休息区的沙发上把那本杂志看了,False,False,True,0,,到了银行，他先拿了号，然后在休息区的沙发上看了一本杂志。,"到了银行,他先拿了号,然后在休息区的沙发上看了一本杂志",False
T0776,SVO_无语境_200,无语境,SVO-preferred,2,叙述经历和日程,38,SVO-NS-038,SVO-NOCTX-NS-038,2,SVO,preferred,他在休息区的沙发上,看了一本杂志,他在休息区的沙发上看了一本杂志。,到了银行，他先拿了号，然后在休息区的沙发上,他在休息区的沙发上,无语境版本：删除前文语境，仅保留局部句框/测试句。,775,他在休息区的沙发上看了一本杂志。,False,True,False,True,她在休息区的沙发上看了一本杂志。,,,他在休息区的沙发上看了一本杂志,她在休息区的沙发上看了一本杂志,True,True,False,1,replace:他->她@0:1,到了银行，他先拿了号，然后在休息区的沙发上看了一本杂志。,"到了银行,他先拿了号,然后在休息区的沙发上看了一本杂志",False
T0777,SVO_无语境_200,无语境,SVO-preferred,2,叙述经历和日程,39,SVO-NS-039,SVO-NOCTX-NS-039,1,BA,non-preferred,他最后给面试官,把那份简历留下了,他最后给面试官把那份简历留下了。,昨天面试的时候，他先介绍了自己，然后回答了问题，最后给面试官,他最后给面试官,无语境版本：删除前文语境，仅保留局部句框/测试句。,776,他最后给面试官把那份简历留下了。,False,True,True,False,她最后给面试官把那份履历留下了。,,,他最后给面试官把那份简历留下了,她最后给面试官把那份履历留下了,True,True,False,2,replace:他->她@0:1 | replace:简->履@10:11,昨天面试的时候，他先介绍了自己，然后回答了问题，最后给面试官留下了一份简历。,"昨天面试的时候,他先介绍了自己,然后回答了问题,最后给面试官留下了一份简历",False
T0778,SVO_无语境_200,无语境,SVO-preferred,2,叙述经历和日程,39,SVO-NS-039,SVO-NOCTX-NS-039,2,SVO,preferred,他最后给面试官,留下了一份简历,他最后给面试官留下了一份简历。,昨天面试的时候，他先介绍了自己，然后回答了问题，最后给面试官,他最后给面试官,无语境版本：删除前文语境，仅保留局部句框/测试句。,777,他最后给面试官留下了一份简历。,False,True,False,True,她最后给面试官留下了一份履历。,,,他最后给面试官留下了一份简历,她最后给面试官留下了一份履历,True,True,False,2,replace:他->她@0:1 | replace:简->履@12:13,昨天面试的时候，他先介绍了自己，然后回答了问题，最后给面试官留下了一份简历。,"昨天面试的时候,他先介绍了自己,然后回答了问题,最后给面试官留下了一份简历",False
T0779,SVO_无语境_200,无语境,SVO-preferred,2,叙述经历和日程,40,SVO-NS-040,SVO-NOCTX-NS-040,1,BA,non-preferred,妈妈开始,把晚餐做了,妈妈开始把晚餐做了。,妈妈回到家，先换了衣服，然后去厨房系上围裙，开始,妈妈开始,无语境版本：删除前文语境，仅保留局部句框/测试句。,778,妈妈开始把晚餐做了。,False,True,True,False,妈妈开始把晚餐做了。,,,妈妈开始把晚餐做了,妈妈开始把晚餐做了,False,False,True,0,,妈妈回到家，先换了衣服，然后去厨房系上围裙，开始做晚餐。,"妈妈回到家,先换了衣服,然后去厨房系上围裙,开始做晚餐",False
T0780,SVO_无语境_200,无语境,SVO-preferred,2,叙述经历和日程,40,SVO-NS-040,SVO-NOCTX-NS-040,2,SVO,preferred,妈妈开始,做晚餐,妈妈开始做晚餐。,妈妈回到家，先换了衣服，然后去厨房系上围裙，开始,妈妈开始,无语境版本：删除前文语境，仅保留局部句框/测试句。,779,妈妈开始做晚餐。,False,True,False,True,妈妈开始做晚餐。,,,妈妈开始做晚餐,妈妈开始做晚餐,False,False,True,0,,妈妈回到家，先换了衣服，然后去厨房系上围裙，开始做晚餐。,"妈妈回到家,先换了衣服,然后去厨房系上围裙,开始做晚餐",False
T0781,SVO_无语境_200,无语境,SVO-preferred,2,叙述经历和日程,41,SVO-NS-041,SVO-NOCTX-NS-041,1,BA,non-preferred,我们接着就,把那瓶矿泉水喝了,我们接着就把那瓶矿泉水喝了。,到了酒店，我们先在前台拿了房卡，坐电梯上楼放好行李，接着就,我们接着就,无语境版本：删除前文语境，仅保留局部句框/测试句。,780,我们接着就把那瓶矿泉水喝了。,False,True,True,False,我们接着就把那瓶矿泉水喝了。,,,我们接着就把那瓶矿泉水喝了,我们接着就把那瓶矿泉水喝了,False,False,True,0,,到了酒店，我们先在前台拿了房卡，坐电梯上楼放好行李，接着就喝了一瓶矿泉水。,"到了酒店,我们先在前台拿了房卡,坐电梯上楼放好行李,接着就喝了一瓶矿泉水",False
T0782,SVO_无语境_200,无语境,SVO-preferred,2,叙述经历和日程,41,SVO-NS-041,SVO-NOCTX-NS-041,2,SVO,preferred,我们接着就,喝了一瓶矿泉水,我们接着就喝了一瓶矿泉水。,到了酒店，我们先在前台拿了房卡，坐电梯上楼放好行李，接着就,我们接着就,无语境版本：删除前文语境，仅保留局部句框/测试句。,781,我们接着就喝了一瓶矿泉水。,False,True,False,True,我们接着就喝了一瓶矿泉水。,,,我们接着就喝了一瓶矿泉水,我们接着就喝了一瓶矿泉水,False,False,True,0,,到了酒店，我们先在前台拿了房卡，坐电梯上楼放好行李，接着就喝了一瓶矿泉水。,"到了酒店,我们先在前台拿了房卡,坐电梯上楼放好行李,接着就喝了一瓶矿泉水",False
T0783,SVO_无语境_200,无语境,SVO-preferred,2,叙述经历和日程,42,SVO-NS-042,SVO-NOCTX-NS-042,1,BA,non-preferred,我们去一楼,把那几盒感冒药买了,我们去一楼把那几盒感冒药买了。,陪奶奶去医院看病，我们先排队挂号，看完医生后去一楼,我们去一楼,无语境版本：删除前文语境，仅保留局部句框/测试句。,782,我们去一楼把那几盒感冒药买了。,False,True,True,False,我们去一楼把那几颗感冒药买了。,,,我们去一楼把那几盒感冒药买了,我们去一楼把那几颗感冒药买了,True,True,False,1,replace:盒->颗@8:9,陪奶奶去医院看病，我们先排队挂号，看完医生后去一楼买了几盒感冒药。,"陪奶奶去医院看病,我们先排队挂号,看完医生后去一楼买了几盒感冒药",False
T0784,SVO_无语境_200,无语境,SVO-preferred,2,叙述经历和日程,42,SVO-NS-042,SVO-NOCTX-NS-042,2,SVO,preferred,我们去一楼,买了几盒感冒药,我们去一楼买了几盒感冒药。,陪奶奶去医院看病，我们先排队挂号，看完医生后去一楼,我们去一楼,无语境版本：删除前文语境，仅保留局部句框/测试句。,783,我们去一楼买了几盒感冒药。,False,True,False,True,我们去一楼买了几颗感冒药。,,,我们去一楼买了几盒感冒药,我们去一楼买了几颗感冒药,True,True,False,1,replace:盒->颗@8:9,陪奶奶去医院看病，我们先排队挂号，看完医生后去一楼买了几盒感冒药。,"陪奶奶去医院看病,我们先排队挂号,看完医生后去一楼买了几盒感冒药",False
T0785,SVO_无语境_200,无语境,SVO-preferred,2,叙述经历和日程,43,SVO-NS-043,SVO-NOCTX-NS-043,1,BA,non-preferred,她小心地从盒子里,把那个新手机拿出来了,她小心地从盒子里把那个新手机拿出来了。,打开包裹后，她先看了看说明书，然后小心地从盒子里,她小心地从盒子里,无语境版本：删除前文语境，仅保留局部句框/测试句。,784,她小心地从盒子里把那个新手机拿出来了。,False,True,True,False,他小心地从盒子里把那个新手机拿出来了。,,,她小心地从盒子里把那个新手机拿出来了,他小心地从盒子里把那个新手机拿出来了,True,True,False,1,replace:她->他@0:1,打开包裹后，她先看了看说明书，然后小心地从盒子里拿出来了一个新手机。,"打开包裹后,她先看了看说明书,然后小心地从盒子里拿出来了一个新手机",False
T0786,SVO_无语境_200,无语境,SVO-preferred,2,叙述经历和日程,43,SVO-NS-043,SVO-NOCTX-NS-043,2,SVO,preferred,她小心地从盒子里,拿出来了一个新手机,她小心地从盒子里拿出来了一个新手机。,打开包裹后，她先看了看说明书，然后小心地从盒子里,她小心地从盒子里,无语境版本：删除前文语境，仅保留局部句框/测试句。,785,她小心地从盒子里拿出来了一个新手机。,False,True,False,True,他小心地从盒子里拿出来了一个新手机。,,,她小心地从盒子里拿出来了一个新手机,他小心地从盒子里拿出来了一个新手机,True,True,False,1,replace:她->他@0:1,打开包裹后，她先看了看说明书，然后小心地从盒子里拿出来了一个新手机。,"打开包裹后,她先看了看说明书,然后小心地从盒子里拿出来了一个新手机",False
T0787,SVO_无语境_200,无语境,SVO-preferred,2,叙述经历和日程,44,SVO-NS-044,SVO-NOCTX-NS-044,1,BA,non-preferred,我们上楼去,把我们的房间找到了,我们上楼去把我们的房间找到了。,我们先去前台办了入住，然后拿着房卡，上楼去,我们上楼去,无语境版本：删除前文语境，仅保留局部句框/测试句。,786,我们上楼去把我们的房间找到了。,False,True,True,False,我们上楼去把我们的房间找到了。,,,我们上楼去把我们的房间找到了,我们上楼去把我们的房间找到了,False,False,True,0,,我们先去前台办了入住，然后拿着房卡，上楼去找到了我们的房间。,"我们先去前台办了入住,然后拿着房卡,上楼去找到了我们的房间",False
T0788,SVO_无语境_200,无语境,SVO-preferred,2,叙述经历和日程,44,SVO-NS-044,SVO-NOCTX-NS-044,2,SVO,preferred,我们上楼去,找到了我们的房间,我们上楼去找到了我们的房间。,我们先去前台办了入住，然后拿着房卡，上楼去,我们上楼去,无语境版本：删除前文语境，仅保留局部句框/测试句。,787,我们上楼去找到了我们的房间。,False,True,False,True,我们上楼去找到了我们的房间。,,,我们上楼去找到了我们的房间,我们上楼去找到了我们的房间,False,False,True,0,,我们先去前台办了入住，然后拿着房卡，上楼去找到了我们的房间。,"我们先去前台办了入住,然后拿着房卡,上楼去找到了我们的房间",False
T0789,SVO_无语境_200,无语境,SVO-preferred,2,叙述经历和日程,45,SVO-NS-045,SVO-NOCTX-NS-045,1,BA,non-preferred,我就去旁边的书店,把那本杂志买了,我就去旁边的书店把那本杂志买了。,过了机场安检，距离起飞还有很长时间，我就去旁边的书店,我就去旁边的书店,无语境版本：删除前文语境，仅保留局部句框/测试句。,788,我就去旁边的书店把那本杂志买了。,False,True,True,False,我就去旁边的书店把那本杂志买了。,,,我就去旁边的书店把那本杂志买了,我就去旁边的书店把那本杂志买了,False,False,True,0,,过了机场安检，距离起飞还有很长时间，我就去旁边的书店买了一本杂志。,"过了机场安检,距离起飞还有很长时间,我就去旁边的书店买了一本杂志",False
T0790,SVO_无语境_200,无语境,SVO-preferred,2,叙述经历和日程,45,SVO-NS-045,SVO-NOCTX-NS-045,2,SVO,preferred,我就去旁边的书店,买了一本杂志,我就去旁边的书店买了一本杂志。,过了机场安检，距离起飞还有很长时间，我就去旁边的书店,我就去旁边的书店,无语境版本：删除前文语境，仅保留局部句框/测试句。,789,我就去旁边的书店买了一本杂志。,False,True,False,True,我就去旁边的书店买了一本杂志。,,,我就去旁边的书店买了一本杂志,我就去旁边的书店买了一本杂志,False,False,True,0,,过了机场安检，距离起飞还有很长时间，我就去旁边的书店买了一本杂志。,"过了机场安检,距离起飞还有很长时间,我就去旁边的书店买了一本杂志",False
T0791,SVO_无语境_200,无语境,SVO-preferred,2,叙述经历和日程,46,SVO-NS-046,SVO-NOCTX-NS-046,1,BA,non-preferred,我们拿出面包,把那几只天鹅喂了,我们拿出面包把那几只天鹅喂了。,下午我们去公园散步，在湖边坐了一会儿，然后拿出面包,我们拿出面包,无语境版本：删除前文语境，仅保留局部句框/测试句。,790,我们拿出面包把那几只天鹅喂了。,False,True,True,False,我们拿出面包把那几只天鹅喂了。,,,我们拿出面包把那几只天鹅喂了,我们拿出面包把那几只天鹅喂了,False,False,True,0,,下午我们去公园散步，在湖边坐了一会儿，然后拿出面包喂了几只天鹅。,"下午我们去公园散步,在湖边坐了一会儿,然后拿出面包喂了几只天鹅",False
T0792,SVO_无语境_200,无语境,SVO-preferred,2,叙述经历和日程,46,SVO-NS-046,SVO-NOCTX-NS-046,2,SVO,preferred,我们拿出面包,喂了几只天鹅,我们拿出面包喂了几只天鹅。,下午我们去公园散步，在湖边坐了一会儿，然后拿出面包,我们拿出面包,无语境版本：删除前文语境，仅保留局部句框/测试句。,791,我们拿出面包喂了几只天鹅。,False,True,False,True,我们拿出面包喂了几只天鹅。,,,我们拿出面包喂了几只天鹅,我们拿出面包喂了几只天鹅,False,False,True,0,,下午我们去公园散步，在湖边坐了一会儿，然后拿出面包喂了几只天鹅。,"下午我们去公园散步,在湖边坐了一会儿,然后拿出面包喂了几只天鹅",False
T0793,SVO_无语境_200,无语境,SVO-preferred,2,叙述经历和日程,47,SVO-NS-047,SVO-NOCTX-NS-047,1,BA,non-preferred,我们向工作人员,把那两张票买了,我们向工作人员把那两张票买了。,电影开场前，我们先买了爆米花，然后向工作人员,我们向工作人员,无语境版本：删除前文语境，仅保留局部句框/测试句。,792,我们向工作人员把那两张票买了。,False,True,True,False,我们向工作人员把那两张票买了。,,,我们向工作人员把那两张票买了,我们向工作人员把那两张票买了,False,False,True,0,,电影开场前，我们先买了爆米花，然后向工作人员买了两张票。,"电影开场前,我们先买了爆米花,然后向工作人员买了两张票",False
T0794,SVO_无语境_200,无语境,SVO-preferred,2,叙述经历和日程,47,SVO-NS-047,SVO-NOCTX-NS-047,2,SVO,preferred,我们向工作人员,买了两张票,我们向工作人员买了两张票。,电影开场前，我们先买了爆米花，然后向工作人员,我们向工作人员,无语境版本：删除前文语境，仅保留局部句框/测试句。,793,我们向工作人员买了两张票。,False,True,False,True,我们向工作人员买了两张票。,,,我们向工作人员买了两张票,我们向工作人员买了两张票,False,False,True,0,,电影开场前，我们先买了爆米花，然后向工作人员买了两张票。,"电影开场前,我们先买了爆米花,然后向工作人员买了两张票",False
T0795,SVO_无语境_200,无语境,SVO-preferred,2,叙述经历和日程,48,SVO-NS-048,SVO-NOCTX-NS-048,1,BA,non-preferred,大家去楼下的餐厅,把那顿火锅吃了,大家去楼下的餐厅把那顿火锅吃了。,搬家那天特别累，把东西都搬进新家后，大家去楼下的餐厅,大家去楼下的餐厅,无语境版本：删除前文语境，仅保留局部句框/测试句。,794,大家去楼下的餐厅把那顿火锅吃了。,False,True,True,False,大家去楼下的餐厅把那顿火锅吃了。,,,大家去楼下的餐厅把那顿火锅吃了,大家去楼下的餐厅把那顿火锅吃了,False,False,True,0,,搬家那天特别累，把东西都搬进新家后，大家去楼下的餐厅吃了顿火锅。,"搬家那天特别累,把东西都搬进新家后,大家去楼下的餐厅吃了顿火锅",False
T0796,SVO_无语境_200,无语境,SVO-preferred,2,叙述经历和日程,48,SVO-NS-048,SVO-NOCTX-NS-048,2,SVO,preferred,大家去楼下的餐厅,吃了顿火锅,大家去楼下的餐厅吃了顿火锅。,搬家那天特别累，把东西都搬进新家后，大家去楼下的餐厅,大家去楼下的餐厅,无语境版本：删除前文语境，仅保留局部句框/测试句。,795,大家去楼下的餐厅吃了顿火锅。,False,True,False,True,大家去楼下的餐厅吃了顿火锅。,,,大家去楼下的餐厅吃了顿火锅,大家去楼下的餐厅吃了顿火锅,False,False,True,0,,搬家那天特别累，把东西都搬进新家后，大家去楼下的餐厅吃了顿火锅。,"搬家那天特别累,把东西都搬进新家后,大家去楼下的餐厅吃了顿火锅",False
T0797,SVO_无语境_200,无语境,SVO-preferred,2,叙述经历和日程,49,SVO-NS-049,SVO-NOCTX-NS-049,1,BA,non-preferred,她坐在桌子前认真地,把这封信读了一遍,她坐在桌子前认真地把这封信读了一遍。,她拆开信封，拿出信纸，坐在桌子前认真地,她坐在桌子前认真地,无语境版本：删除前文语境，仅保留局部句框/测试句。,796,她坐在桌子前认真地把这封信读了一遍。,False,True,True,False,他坐在桌子前认真地把这封信读了一通。,,,她坐在桌子前认真地把这封信读了一遍,他坐在桌子前认真地把这封信读了一通,True,True,False,2,replace:她->他@0:1 | replace:遍->通@16:17,她拆开信封，拿出信纸，坐在桌子前认真地读了一遍这封信。,"她拆开信封,拿出信纸,坐在桌子前认真地读了一遍这封信",False
T0798,SVO_无语境_200,无语境,SVO-preferred,2,叙述经历和日程,49,SVO-NS-049,SVO-NOCTX-NS-049,2,SVO,preferred,她坐在桌子前认真地,读了一遍这封信,她坐在桌子前认真地读了一遍这封信。,她拆开信封，拿出信纸，坐在桌子前认真地,她坐在桌子前认真地,无语境版本：删除前文语境，仅保留局部句框/测试句。,797,她坐在桌子前认真地读了一遍这封信。,False,True,False,True,他坐在桌子前认真地读一遍这封信。,,,她坐在桌子前认真地读了一遍这封信,他坐在桌子前认真地读一遍这封信,True,True,False,2,replace:她->他@0:1 | delete:了->@10:11,她拆开信封，拿出信纸，坐在桌子前认真地读了一遍这封信。,"她拆开信封,拿出信纸,坐在桌子前认真地读了一遍这封信",False
T0799,SVO_无语境_200,无语境,SVO-preferred,2,叙述经历和日程,50,SVO-NS-050,SVO-NOCTX-NS-050,1,BA,non-preferred,他躺在沙发上,把那首老歌听了一遍,他躺在沙发上把那首老歌听了一遍。,晚上加完班回到家，他先洗了一个热水澡，然后躺在沙发上,他躺在沙发上,无语境版本：删除前文语境，仅保留局部句框/测试句。,798,他躺在沙发上把那首老歌听了一遍。,False,True,True,False,她躺在沙发上把那首老歌听了一下。,,,他躺在沙发上把那首老歌听了一遍,她躺在沙发上把那首老歌听了一下,True,True,False,2,replace:他->她@0:1 | replace:遍->下@14:15,晚上加完班回到家，他先洗了一个热水澡，然后躺在沙发上听了一遍那首老歌。,"晚上加完班回到家,他先洗了一个热水澡,然后躺在沙发上听了一遍那首老歌",False
T0800,SVO_无语境_200,无语境,SVO-preferred,2,叙述经历和日程,50,SVO-NS-050,SVO-NOCTX-NS-050,2,SVO,preferred,他躺在沙发上,听了一遍那首老歌,他躺在沙发上听了一遍那首老歌。,晚上加完班回到家，他先洗了一个热水澡，然后躺在沙发上,他躺在沙发上,无语境版本：删除前文语境，仅保留局部句框/测试句。,799,他躺在沙发上听了一遍那首老歌。,False,True,False,True,她躺在沙发上听了一下那首老歌。,,,他躺在沙发上听了一遍那首老歌,她躺在沙发上听了一下那首老歌,True,True,False,2,replace:他->她@0:1 | replace:遍->下@9:10,晚上加完班回到家，他先洗了一个热水澡，然后躺在沙发上听了一遍那首老歌。,"晚上加完班回到家,他先洗了一个热水澡,然后躺在沙发上听了一遍那首老歌",False
